dataset,mass_GeV,strength,n_toys,inj_nsigma,inj_nsigma_xerr,sigmaA_ref,integral_density,A_per_eps2_unit,f_win,f_train_frac,kernel_ls_policy,signal_model,inj_background_mode,extract_background_mode,refit_kernel_lock_mode,refit_lock_const_opt,refit_lock_ls_opt,refit_tail_alpha_scale,refit_tail_alpha_threshold,refit_tail_alpha_n_bins,refit_tail_alpha_max,refit_tail_alpha_mean,kernel_ls_res_lower_factor,kernel_ls_res_upper_factor,ls_lo,ls_hi,ls_init,initial_ls_opt,initial_const_opt,refit_ls_opt,refit_const_opt,ls_opt,const_opt,n_train,n_train_low,n_train_high,n_blind,A_hat_mean,A_hat_std,sigma_A_mean,Ahat_over_Ainj,sigmaA_over_sigmaAref,pull_mean,pull_std,pull_std_err,pull_q16,pull_q84,pull_q02,pull_q97,cov_1sigma,cov_2sigma,Zhat_mean,delta_z_minus_pull,ainj_over_sigmaAref,Zhat_q16,Zhat_q84,qmu_tilde_mean,qmu_tilde_q16,qmu_tilde_q84,n_source_toys,source_model,source_label,source_root,container,function_tag,success_rate,refit_ok_rate,refit_fallback_rate
2015,0.06,0.0,10,0.0,0.0,18827.93525363635,91709799.99999997,301958751.71311134,0.9760167185561469,0.023983281443853095,resolution_scaled_local,default,fixed_hist,profiled,none,,,0.0,0.0,0,1.0,1.0,0.75,8.0,0.0377930515564109,0.40312588326838383,0.1234315895145394,0.15290942505635532,20.621591006057077,0.1234315895145394,1.0,0.1234315895145394,1.0,544,212,332,56,-2290.998412234139,21969.926051880855,18801.339232452567,,0.998587417004281,-0.0748527883576621,1.178927114694132,0.2778757857749705,-0.9547458794446615,0.9226078800722531,-1.6467203237481538,2.032555666572594,0.6,0.9,-0.0748527883576621,0.0,0.0,-0.9547458794446615,0.9226078800722531,0.0,0.0,0.0,10,functional_form,fShiftSigPowTail,/Users/emryspeets/Desktop/gp_mods/funcform_studies/func_form_inputs/funcform_2015_dataset_mod_toys_2.root,fShiftSigPowTail,fShiftSigPowTail,1.0,1.0,0.0
2015,0.06,17255.323400832516,1,1.0,0.0,17255.323400832516,91776285.71428569,302177658.9977469,0.9760167185561468,0.0239832814438531,resolution_scaled_local,default,fixed_hist,profiled,none,,,0.0,0.0,0,1.0,1.0,0.75,8.0,0.0377930515564109,0.4031258832683839,0.1234315895145394,0.1639055340351661,20.76388041888216,0.1234315895145394,1.0,0.1234315895145394,1.0,544,212,332,56,19596.483662759827,,17599.363203512385,1.1356775649776785,1.0199381834050858,0.1330252824977255,,,0.1330252824977255,0.1330252824977255,0.1330252824977255,0.1330252824977255,1.0,1.0,1.113476859142771,-0.019548423354954436,1.0,1.113476859142771,1.113476859142771,0.0,0.0,0.0,1,functional_form,fShiftSigPowTail,/Users/emryspeets/Desktop/gp_mods/funcform_studies/func_form_inputs/funcform_2015_dataset_mod_toys_2.root,fShiftSigPowTail,fShiftSigPowTail,1.0,1.0,0.0
2015,0.06,17288.272476368176,1,1.0,0.0,17288.272476368176,91763142.85714284,302134385.5336591,0.9760167185561468,0.0239832814438531,resolution_scaled_local,default,fixed_hist,profiled,none,,,0.0,0.0,0,1.0,1.0,0.75,8.0,0.0377930515564109,0.4031258832683839,0.1234315895145394,0.1633519257962961,21.07177235415332,0.1234315895145394,1.0,0.1234315895145394,1.0,544,212,332,56,51378.80609663362,,17661.36452966827,2.97188780237382,1.0215806439775914,1.9302321495600632,,,1.9302321495600632,1.9302321495600632,1.9302321495600632,1.9302321495600632,0.0,1.0,2.9091073914660126,-0.021124758094050566,1.0,2.9091073914660126,2.9091073914660126,0.0,0.0,0.0,1,functional_form,fShiftSigPowTail,/Users/emryspeets/Desktop/gp_mods/funcform_studies/func_form_inputs/funcform_2015_dataset_mod_toys_2.root,fShiftSigPowTail,fShiftSigPowTail,1.0,1.0,0.0
2015,0.06,18398.23628316215,1,1.0,0.0,18398.23628316215,91661523.8095238,301799800.1265453,0.9760167185561468,0.0239832814438531,resolution_scaled_local,default,fixed_hist,profiled,none,,,0.0,0.0,0,1.0,1.0,0.75,8.0,0.0377930515564109,0.4031258832683839,0.1234315895145394,0.1452618145728262,21.19227856043407,0.1234315895145394,1.0,0.1234315895145394,1.0,544,212,332,56,35150.94006983822,,18792.135285242013,1.9105603128930326,1.0214096066610665,0.8914742009032064,,,0.8914742009032064,0.8914742009032064,0.8914742009032064,0.8914742009032064,1.0,1.0,1.8705133576514448,-0.02096084325176162,1.0,1.8705133576514448,1.8705133576514448,0.0,0.0,0.0,1,functional_form,fShiftSigPowTail,/Users/emryspeets/Desktop/gp_mods/funcform_studies/func_form_inputs/funcform_2015_dataset_mod_toys_2.root,fShiftSigPowTail,fShiftSigPowTail,1.0,1.0,0.0
2015,0.06,18506.087102985784,1,1.0,0.0,18506.087102985784,91735333.33333331,302042821.3922559,0.9760167185561468,0.0239832814438531,resolution_scaled_local,default,fixed_hist,profiled,none,,,0.0,0.0,0,1.0,1.0,0.75,8.0,0.0377930515564109,0.4031258832683839,0.1234315895145394,0.1449859690390631,20.27019535586545,0.1234315895145394,1.0,0.1234315895145394,1.0,544,212,332,56,149.29121813041525,,18828.767303686916,0.008067141222215933,1.0174364358551555,-0.974933493456094,,,-0.974933493456094,-0.974933493456094,-0.974933493456094,-0.974933493456094,1.0,1.0,0.0079288896464922,-0.017137616897413777,1.0,0.0079288896464922,0.0079288896464922,1.0052605345845222,1.0052605345845222,1.0052605345845222,1,functional_form,fShiftSigPowTail,/Users/emryspeets/Desktop/gp_mods/funcform_studies/func_form_inputs/funcform_2015_dataset_mod_toys_2.root,fShiftSigPowTail,fShiftSigPowTail,1.0,1.0,0.0
2015,0.06,18729.77007390309,1,1.0,0.0,18729.77007390309,91691523.8095238,301898576.5119632,0.9760167185561468,0.0239832814438531,resolution_scaled_local,default,fixed_hist,profiled,none,,,0.0,0.0,0,1.0,1.0,0.75,8.0,0.0377930515564109,0.4031258832683839,0.1234315895145394,0.1602739157279981,20.62425296661005,0.1234315895145394,1.0,0.1234315895145394,1.0,544,212,332,56,16104.678557269586,,19036.41337579608,0.8598439005777682,1.016371973637853,-0.1378984299621896,,,-0.1378984299621896,-0.1378984299621896,-0.1378984299621896,-0.1378984299621896,1.0,1.0,0.8459933202409831,-0.016108249796827345,1.0,0.8459933202409831,0.8459933202409831,0.005977563560009,0.005977563560009,0.005977563560009,1,functional_form,fShiftSigPowTail,/Users/emryspeets/Desktop/gp_mods/funcform_studies/func_form_inputs/funcform_2015_dataset_mod_toys_2.root,fShiftSigPowTail,fShiftSigPowTail,1.0,1.0,0.0
2015,0.06,18963.637241177235,1,1.0,0.0,18963.637241177235,91661904.76190476,301801054.4298522,0.9760167185561468,0.0239832814438531,resolution_scaled_local,default,fixed_hist,profiled,none,,,0.0,0.0,0,1.0,1.0,0.75,8.0,0.0377930515564109,0.4031258832683839,0.1234315895145394,0.1485618322992722,20.07538432113432,0.1234315895145394,1.0,0.1234315895145394,1.0,544,212,332,56,1660.3642344003154,,19241.337698933563,0.08755515691868626,1.014643839376622,-0.8992759899295328,,,-0.8992759899295328,-0.8992759899295328,-0.8992759899295328,-0.8992759899295328,1.0,1.0,0.0862915177925669,-0.014432492277900222,1.0,0.0862915177925669,0.0862915177925669,0.8081421107053757,0.8081421107053757,0.8081421107053757,1,functional_form,fShiftSigPowTail,/Users/emryspeets/Desktop/gp_mods/funcform_studies/func_form_inputs/funcform_2015_dataset_mod_toys_2.root,fShiftSigPowTail,fShiftSigPowTail,1.0,1.0,0.0
2015,0.06,19166.253899478732,1,1.0,0.0,19166.253899478732,91636095.23809522,301716075.3808102,0.9760167185561468,0.0239832814438531,resolution_scaled_local,default,fixed_hist,profiled,none,,,0.0,0.0,0,1.0,1.0,0.75,8.0,0.0377930515564109,0.4031258832683839,0.1234315895145394,0.1402175845168467,20.56051378257535,0.1234315895145394,1.0,0.1234315895145394,1.0,544,212,332,56,3913.6496864097912,,19485.963067785193,0.20419481589546465,1.0166808375795937,-0.7827482870623431,,,-0.7827482870623431,-0.7827482870623431,-0.7827482870623431,-0.7827482870623431,1.0,1.0,0.2008445604046104,-0.016407152533046476,1.0,0.2008445604046104,0.2008445604046104,0.6264782771468163,0.6264782771468163,0.6264782771468163,1,functional_form,fShiftSigPowTail,/Users/emryspeets/Desktop/gp_mods/funcform_studies/func_form_inputs/funcform_2015_dataset_mod_toys_2.root,fShiftSigPowTail,fShiftSigPowTail,1.0,1.0,0.0
2015,0.06,19364.42579083935,1,1.0,0.0,19364.42579083935,91794666.66666664,302238179.1323045,0.9760167185561468,0.0239832814438531,resolution_scaled_local,default,fixed_hist,profiled,none,,,0.0,0.0,0,1.0,1.0,0.75,8.0,0.0377930515564109,0.4031258832683839,0.1234315895145394,0.1541623503023227,20.553054605043357,0.1234315895145394,1.0,0.1234315895145394,1.0,544,212,332,56,9008.519628074577,,19663.080065747738,0.46520974726429537,1.0154228314402007,-0.5266675479191243,,,-0.5266675479191243,-0.5266675479191243,-0.5266675479191243,-0.5266675479191243,1.0,1.0,0.4581438715578969,-0.015188580522978778,1.0,0.4581438715578969,0.4581438715578969,0.2675713673233986,0.2675713673233986,0.2675713673233986,1,functional_form,fShiftSigPowTail,/Users/emryspeets/Desktop/gp_mods/funcform_studies/func_form_inputs/funcform_2015_dataset_mod_toys_2.root,fShiftSigPowTail,fShiftSigPowTail,1.0,1.0,0.0
2015,0.06,20251.79978633331,1,1.0,0.0,20251.79978633331,91734285.71428569,302039372.0581619,0.9760167185561468,0.0239832814438531,resolution_scaled_local,default,fixed_hist,profiled,none,,,0.0,0.0,0,1.0,1.0,0.75,8.0,0.0377930515564109,0.4031258832683839,0.1234315895145394,0.1660289042117128,20.78978307064817,0.1234315895145394,1.0,0.1234315895145394,1.0,544,212,332,56,-14476.295464267689,,20576.34549035632,-0.7148152567672946,1.0160255240248832,-1.687767891867742,,,-1.687767891867742,-1.687767891867742,-1.687767891867742,-1.687767891867742,0.0,1.0,-0.7035406491911992,-0.015772757323457398,1.0,-0.7035406491911992,-0.7035406491911992,2.3071622624993324,2.3071622624993324,2.3071622624993324,1,functional_form,fShiftSigPowTail,/Users/emryspeets/Desktop/gp_mods/funcform_studies/func_form_inputs/funcform_2015_dataset_mod_toys_2.root,fShiftSigPowTail,fShiftSigPowTail,1.0,1.0,0.0
2015,0.06,20355.54648128317,1,1.0,0.0,20355.54648128317,91643238.09523807,301739593.5678144,0.9760167185561468,0.0239832814438531,resolution_scaled_local,default,fixed_hist,profiled,none,,,0.0,0.0,0,1.0,1.0,0.75,8.0,0.0377930515564109,0.4031258832683839,0.1234315895145394,0.1423444200620492,20.314794625224515,0.1234315895145394,1.0,0.1234315895145394,1.0,544,212,332,56,-25574.00615907685,,20690.107364660023,-1.2563654914689728,1.016435858584513,-2.219879860015155,,,-2.219879860015155,-2.219879860015155,-2.219879860015155,-2.219879860015155,0.0,0.0,-1.2360499492989012,-0.016170089283746414,1.0,-1.2360499492989012,-1.2360499492989012,3.4858645498752594,3.4858645498752594,3.4858645498752594,1,functional_form,fShiftSigPowTail,/Users/emryspeets/Desktop/gp_mods/funcform_studies/func_form_inputs/funcform_2015_dataset_mod_toys_2.root,fShiftSigPowTail,fShiftSigPowTail,1.0,1.0,0.0
2015,0.06,34510.64680166503,1,2.0,0.0,17255.323400832516,91776285.71428569,302177658.9977469,0.9760167185561468,0.0239832814438531,resolution_scaled_local,default,fixed_hist,profiled,none,,,0.0,0.0,0,1.0,1.0,0.75,8.0,0.0377930515564109,0.4031258832683839,0.1234315895145394,0.1639055340351661,20.76388041888216,0.1234315895145394,1.0,0.1234315895145394,1.0,544,212,332,56,30973.355542634028,,17945.127268878277,0.8975014499334061,1.039976293229745,-0.1971170895603302,,,-0.1971170895603302,-0.1971170895603302,-0.1971170895603302,-0.1971170895603302,1.0,1.0,1.7260036709993267,-0.07687923944034308,2.0,1.7260036709993267,1.7260036709993267,0.03595981746912,0.03595981746912,0.03595981746912,1,functional_form,fShiftSigPowTail,/Users/emryspeets/Desktop/gp_mods/funcform_studies/func_form_inputs/funcform_2015_dataset_mod_toys_2.root,fShiftSigPowTail,fShiftSigPowTail,1.0,1.0,0.0
2015,0.06,34576.54495273635,1,2.0,0.0,17288.272476368176,91763142.85714284,302134385.5336591,0.9760167185561468,0.0239832814438531,resolution_scaled_local,default,fixed_hist,profiled,none,,,0.0,0.0,0,1.0,1.0,0.75,8.0,0.0377930515564109,0.4031258832683839,0.1234315895145394,0.1633519257962961,21.07177235415332,0.1234315895145394,1.0,0.1234315895145394,1.0,544,212,332,56,64988.33441208232,,17962.473991187177,1.8795496918768688,1.0389976219856891,1.6930735417775258,,,1.6930735417775258,1.6930735417775258,1.6930735417775258,1.6930735417775258,0.0,1.0,3.618005762678747,-0.07506777909877882,2.0,3.618005762678747,3.618005762678747,0.0,0.0,0.0,1,functional_form,fShiftSigPowTail,/Users/emryspeets/Desktop/gp_mods/funcform_studies/func_form_inputs/funcform_2015_dataset_mod_toys_2.root,fShiftSigPowTail,fShiftSigPowTail,1.0,1.0,0.0
2015,0.06,36796.4725663243,1,2.0,0.0,18398.23628316215,91661523.8095238,301799800.1265453,0.9760167185561468,0.0239832814438531,resolution_scaled_local,default,fixed_hist,profiled,none,,,0.0,0.0,0,1.0,1.0,0.75,8.0,0.0377930515564109,0.4031258832683839,0.1234315895145394,0.1452618145728262,21.19227856043407,0.1234315895145394,1.0,0.1234315895145394,1.0,544,212,332,56,47473.309141034624,,19195.918598111966,1.2901592416356138,1.0433564556228603,0.5562034721151846,,,0.5562034721151846,0.5562034721151846,0.5562034721151846,0.5562034721151846,1.0,1.0,2.473093897455051,-0.08310957466013347,2.0,2.473093897455051,2.473093897455051,0.0,0.0,0.0,1,functional_form,fShiftSigPowTail,/Users/emryspeets/Desktop/gp_mods/funcform_studies/func_form_inputs/funcform_2015_dataset_mod_toys_2.root,fShiftSigPowTail,fShiftSigPowTail,1.0,1.0,0.0
2015,0.06,37012.17420597157,1,2.0,0.0,18506.087102985784,91735333.33333331,302042821.3922559,0.9760167185561468,0.0239832814438531,resolution_scaled_local,default,fixed_hist,profiled,none,,,0.0,0.0,0,1.0,1.0,0.75,8.0,0.0377930515564109,0.4031258832683839,0.1234315895145394,0.1449859690390631,20.27019535586545,0.1234315895145394,1.0,0.1234315895145394,1.0,544,212,332,56,12801.09761166894,,19182.70388905828,0.3458618113173044,1.0365618502878078,-1.2621305491825114,,,-1.2621305491825114,-1.2621305491825114,-1.2621305491825114,-1.2621305491825114,0.0,1.0,0.6673249863889429,-0.07054446442854578,2.0,0.6673249863889429,0.6673249863889429,1.6273971423506737,1.6273971423506737,1.6273971423506737,1,functional_form,fShiftSigPowTail,/Users/emryspeets/Desktop/gp_mods/funcform_studies/func_form_inputs/funcform_2015_dataset_mod_toys_2.root,fShiftSigPowTail,fShiftSigPowTail,1.0,1.0,0.0
2015,0.06,37459.54014780618,1,2.0,0.0,18729.77007390309,91691523.8095238,301898576.5119632,0.9760167185561468,0.0239832814438531,resolution_scaled_local,default,fixed_hist,profiled,none,,,0.0,0.0,0,1.0,1.0,0.75,8.0,0.0377930515564109,0.4031258832683839,0.1234315895145394,0.1602739157279981,20.62425296661005,0.1234315895145394,1.0,0.1234315895145394,1.0,544,212,332,56,23956.79996249172,,19490.657199455432,0.6395380153617489,1.0406244776390776,-0.6927801380495127,,,-0.6927801380495127,-0.6927801380495127,-0.6927801380495127,-0.6927801380495127,1.0,1.0,1.2291427486170694,-0.07807711333341794,2.0,1.2291427486170694,1.2291427486170694,0.576967790722847,0.576967790722847,0.576967790722847,1,functional_form,fShiftSigPowTail,/Users/emryspeets/Desktop/gp_mods/funcform_studies/func_form_inputs/funcform_2015_dataset_mod_toys_2.root,fShiftSigPowTail,fShiftSigPowTail,1.0,1.0,0.0
2015,0.06,37927.27448235447,1,2.0,0.0,18963.637241177235,91661904.76190476,301801054.4298522,0.9760167185561468,0.0239832814438531,resolution_scaled_local,default,fixed_hist,profiled,none,,,0.0,0.0,0,1.0,1.0,0.75,8.0,0.0377930515564109,0.4031258832683839,0.1234315895145394,0.1485618322992722,20.07538432113432,0.1234315895145394,1.0,0.1234315895145394,1.0,544,212,332,56,13690.178348513336,,19573.138861693104,0.360958664585367,1.0321405441774856,-1.2382835632600522,,,-1.2382835632600522,-1.2382835632600522,-1.2382835632600522,-1.2382835632600522,0.0,1.0,0.699437042022248,-0.06227939471769983,2.0,0.699437042022248,0.699437042022248,1.5293544381856918,1.5293544381856918,1.5293544381856918,1,functional_form,fShiftSigPowTail,/Users/emryspeets/Desktop/gp_mods/funcform_studies/func_form_inputs/funcform_2015_dataset_mod_toys_2.root,fShiftSigPowTail,fShiftSigPowTail,1.0,1.0,0.0
2015,0.06,38332.507798957464,1,2.0,0.0,19166.253899478732,91636095.23809522,301716075.3808102,0.9760167185561468,0.0239832814438531,resolution_scaled_local,default,fixed_hist,profiled,none,,,0.0,0.0,0,1.0,1.0,0.75,8.0,0.0377930515564109,0.4031258832683839,0.1234315895145394,0.1402175845168467,20.56051378257535,0.1234315895145394,1.0,0.1234315895145394,1.0,544,212,332,56,12558.037458503906,,19904.48606127431,0.3276080324399086,1.0385172901114315,-1.2949076032965123,,,-1.2949076032965123,-1.2949076032965123,-1.2949076032965123,-1.2949076032965123,0.0,1.0,0.6309149314302829,-0.07417746527320479,2.0,0.6309149314302829,0.6309149314302829,1.6770069189369678,1.6770069189369678,1.6770069189369678,1,functional_form,fShiftSigPowTail,/Users/emryspeets/Desktop/gp_mods/funcform_studies/func_form_inputs/funcform_2015_dataset_mod_toys_2.root,fShiftSigPowTail,fShiftSigPowTail,1.0,1.0,0.0
2015,0.06,38728.8515816787,1,2.0,0.0,19364.42579083935,91794666.66666664,302238179.1323045,0.9760167185561468,0.0239832814438531,resolution_scaled_local,default,fixed_hist,profiled,none,,,0.0,0.0,0,1.0,1.0,0.75,8.0,0.0377930515564109,0.4031258832683839,0.1234315895145394,0.1541623503023227,20.553054605043357,0.1234315895145394,1.0,0.1234315895145394,1.0,544,212,332,56,18043.59690003428,,20211.473791044835,0.46589548006556675,1.0437424796043369,-1.0234411847200129,,,-1.0234411847200129,-1.0234411847200129,-1.0234411847200129,-1.0234411847200129,0.0,1.0,0.892740286362933,-0.0838185289170541,2.0,0.892740286362933,0.892740286362933,1.0299495533108711,1.0299495533108711,1.0299495533108711,1,functional_form,fShiftSigPowTail,/Users/emryspeets/Desktop/gp_mods/funcform_studies/func_form_inputs/funcform_2015_dataset_mod_toys_2.root,fShiftSigPowTail,fShiftSigPowTail,1.0,1.0,0.0
2015,0.06,40503.59957266662,1,2.0,0.0,20251.79978633331,91734285.71428569,302039372.0581619,0.9760167185561468,0.0239832814438531,resolution_scaled_local,default,fixed_hist,profiled,none,,,0.0,0.0,0,1.0,1.0,0.75,8.0,0.0377930515564109,0.4031258832683839,0.1234315895145394,0.1660289042117128,20.78978307064817,0.1234315895145394,1.0,0.1234315895145394,1.0,544,212,332,56,-4928.031975583435,,20942.383345348047,-0.12166898812887385,1.0340998610642382,-2.169362999380958,,,-2.169362999380958,-2.169362999380958,-2.169362999380958,-2.169362999380958,0.0,0.0,-0.2353138080952044,-0.06595080871424663,2.0,-0.2353138080952044,-0.2353138080952044,4.576389629393816,4.576389629393816,4.576389629393816,1,functional_form,fShiftSigPowTail,/Users/emryspeets/Desktop/gp_mods/funcform_studies/func_form_inputs/funcform_2015_dataset_mod_toys_2.root,fShiftSigPowTail,fShiftSigPowTail,1.0,1.0,0.0
2015,0.06,40711.09296256634,1,2.0,0.0,20355.54648128317,91643238.09523807,301739593.5678144,0.9760167185561468,0.0239832814438531,resolution_scaled_local,default,fixed_hist,profiled,none,,,0.0,0.0,0,1.0,1.0,0.75,8.0,0.0377930515564109,0.4031258832683839,0.1234315895145394,0.1423444200620492,20.314794625224515,0.1234315895145394,1.0,0.1234315895145394,1.0,544,212,332,56,-13508.306875093414,,21066.34424218957,-0.33180899583104384,1.034919119541201,-2.5737450795603425,,,-2.5737450795603425,-2.5737450795603425,-2.5737450795603425,-2.5737450795603425,0.0,0.0,-0.6412269124531026,-0.06748183289276,2.0,-0.6412269124531026,-0.6412269124531026,6.160134635865688,6.160134635865688,6.160134635865688,1,functional_form,fShiftSigPowTail,/Users/emryspeets/Desktop/gp_mods/funcform_studies/func_form_inputs/funcform_2015_dataset_mod_toys_2.root,fShiftSigPowTail,fShiftSigPowTail,1.0,1.0,0.0
2015,0.06,51765.97020249755,1,3.0,0.0,17255.323400832516,91776285.71428569,302177658.9977469,0.9760167185561468,0.0239832814438531,resolution_scaled_local,default,fixed_hist,profiled,none,,,0.0,0.0,0,1.0,1.0,0.75,8.0,0.0377930515564109,0.4031258832683839,0.1234315895145394,0.1639055340351661,20.76388041888216,0.1234315895145394,1.0,0.1234315895145394,1.0,544,212,332,56,49234.51840594973,,18184.590691782916,0.9510981483270706,1.053853948104245,-0.1392086211592161,,,-0.1392086211592161,-0.1392086211592161,-0.1392086211592161,-0.1392086211592161,1.0,1.0,2.707485653124839,-0.1533057257159451,3.0,2.707485653124839,2.707485653124839,0.019126508384943,0.019126508384943,0.019126508384943,1,functional_form,fShiftSigPowTail,/Users/emryspeets/Desktop/gp_mods/funcform_studies/func_form_inputs/funcform_2015_dataset_mod_toys_2.root,fShiftSigPowTail,fShiftSigPowTail,1.0,1.0,0.0
2015,0.06,51864.81742910453,1,3.0,0.0,17288.272476368176,91763142.85714284,302134385.5336591,0.9760167185561468,0.0239832814438531,resolution_scaled_local,default,fixed_hist,profiled,none,,,0.0,0.0,0,1.0,1.0,0.75,8.0,0.0377930515564109,0.4031258832683839,0.1234315895145394,0.1633519257962961,21.07177235415332,0.1234315895145394,1.0,0.1234315895145394,1.0,544,212,332,56,76730.21077635609,,18347.79285477146,1.479426990777337,1.061285497429056,1.3552253147868498,,,1.3552253147868498,1.3552253147868498,1.3552253147868498,1.3552253147868498,0.0,1.0,4.181985887005582,-0.17323942778126789,3.0,4.181985887005582,4.181985887005582,0.0,0.0,0.0,1,functional_form,fShiftSigPowTail,/Users/emryspeets/Desktop/gp_mods/funcform_studies/func_form_inputs/funcform_2015_dataset_mod_toys_2.root,fShiftSigPowTail,fShiftSigPowTail,1.0,1.0,0.0
2015,0.06,55194.70884948645,1,3.0,0.0,18398.23628316215,91661523.8095238,301799800.1265453,0.9760167185561468,0.0239832814438531,resolution_scaled_local,default,fixed_hist,profiled,none,,,0.0,0.0,0,1.0,1.0,0.75,8.0,0.0377930515564109,0.4031258832683839,0.1234315895145394,0.1452618145728262,21.19227856043407,0.1234315895145394,1.0,0.1234315895145394,1.0,544,212,332,56,61531.51862796418,,19366.640805382685,1.1148082834490156,1.0526357259095975,0.3272023187788199,,,0.3272023187788199,0.3272023187788199,0.3272023187788199,0.3272023187788199,1.0,1.0,3.1771910909228183,-0.15001122785600163,3.0,3.1771910909228183,3.1771910909228183,0.0,0.0,0.0,1,functional_form,fShiftSigPowTail,/Users/emryspeets/Desktop/gp_mods/funcform_studies/func_form_inputs/funcform_2015_dataset_mod_toys_2.root,fShiftSigPowTail,fShiftSigPowTail,1.0,1.0,0.0
2015,0.06,55518.26130895736,1,3.0,0.0,18506.087102985784,91735333.33333331,302042821.3922559,0.9760167185561468,0.0239832814438531,resolution_scaled_local,default,fixed_hist,profiled,none,,,0.0,0.0,0,1.0,1.0,0.75,8.0,0.0377930515564109,0.4031258832683839,0.1234315895145394,0.1449859690390631,20.27019535586545,0.1234315895145394,1.0,0.1234315895145394,1.0,544,212,332,56,23485.479116831768,,19599.424205174335,0.4230225976663034,1.0590798636202328,-1.6343736355106184,,,-1.6343736355106184,-1.6343736355106184,-1.6343736355106184,-1.6343736355106184,0.0,1.0,1.1982739324878482,-0.16735243200153338,3.0,1.1982739324878482,1.1982739324878482,2.7533045895397663,2.7533045895397663,2.7533045895397663,1,functional_form,fShiftSigPowTail,/Users/emryspeets/Desktop/gp_mods/funcform_studies/func_form_inputs/funcform_2015_dataset_mod_toys_2.root,fShiftSigPowTail,fShiftSigPowTail,1.0,1.0,0.0
2015,0.06,56189.310221709275,1,3.0,0.0,18729.77007390309,91691523.8095238,301898576.5119632,0.9760167185561468,0.0239832814438531,resolution_scaled_local,default,fixed_hist,profiled,none,,,0.0,0.0,0,1.0,1.0,0.75,8.0,0.0377930515564109,0.4031258832683839,0.1234315895145394,0.1602739157279981,20.62425296661005,0.1234315895145394,1.0,0.1234315895145394,1.0,544,212,332,56,40775.83868440549,,19856.949798714497,0.7256867636124025,1.0601811832373718,-0.776225537836714,,,-0.776225537836714,-0.776225537836714,-0.776225537836714,-0.776225537836714,1.0,1.0,2.0534794667731515,-0.17029499539013448,3.0,2.0534794667731515,2.0534794667731515,0.6146503239870071,0.6146503239870071,0.6146503239870071,1,functional_form,fShiftSigPowTail,/Users/emryspeets/Desktop/gp_mods/funcform_studies/func_form_inputs/funcform_2015_dataset_mod_toys_2.root,fShiftSigPowTail,fShiftSigPowTail,1.0,1.0,0.0
2015,0.06,56890.91172353171,1,3.0,0.0,18963.637241177235,91661904.76190476,301801054.4298522,0.9760167185561468,0.0239832814438531,resolution_scaled_local,default,fixed_hist,profiled,none,,,0.0,0.0,0,1.0,1.0,0.75,8.0,0.0377930515564109,0.4031258832683839,0.1234315895145394,0.1485618322992722,20.07538432113432,0.1234315895145394,1.0,0.1234315895145394,1.0,544,212,332,56,22447.614589421395,,19957.038624009776,0.39457294512185537,1.0523845383772419,-1.725872148820342,,,-1.725872148820342,-1.725872148820342,-1.725872148820342,-1.725872148820342,0.0,1.0,1.1247968705344529,-0.14933098064520522,3.0,1.1247968705344529,1.1247968705344529,2.9575330540537834,2.9575330540537834,2.9575330540537834,1,functional_form,fShiftSigPowTail,/Users/emryspeets/Desktop/gp_mods/funcform_studies/func_form_inputs/funcform_2015_dataset_mod_toys_2.root,fShiftSigPowTail,fShiftSigPowTail,1.0,1.0,0.0
2015,0.06,57498.76169843619,1,3.0,0.0,19166.253899478732,91636095.23809522,301716075.3808102,0.9760167185561468,0.0239832814438531,resolution_scaled_local,default,fixed_hist,profiled,none,,,0.0,0.0,0,1.0,1.0,0.75,8.0,0.0377930515564109,0.4031258832683839,0.1234315895145394,0.1402175845168467,20.56051378257535,0.1234315895145394,1.0,0.1234315895145394,1.0,544,212,332,56,27211.924315176548,,20241.141894655368,0.47326104965346827,1.0560823205626986,-1.4963008283271224,,,-1.4963008283271224,-1.4963008283271224,-1.4963008283271224,-1.4963008283271224,0.0,1.0,1.344386816554149,-0.15931235511872854,2.9999999999999996,1.344386816554149,1.344386816554149,2.5652416087687016,2.5652416087687016,2.5652416087687016,1,functional_form,fShiftSigPowTail,/Users/emryspeets/Desktop/gp_mods/funcform_studies/func_form_inputs/funcform_2015_dataset_mod_toys_2.root,fShiftSigPowTail,fShiftSigPowTail,1.0,1.0,0.0
2015,0.06,58093.277372518045,1,3.0,0.0,19364.42579083935,91794666.66666664,302238179.1323045,0.9760167185561468,0.0239832814438531,resolution_scaled_local,default,fixed_hist,profiled,none,,,0.0,0.0,0,1.0,1.0,0.75,8.0,0.0377930515564109,0.4031258832683839,0.1234315895145394,0.1541623503023227,20.553054605043357,0.1234315895145394,1.0,0.1234315895145394,1.0,544,212,332,56,29402.083861492836,,20486.59922350791,0.5061185250912004,1.057950256041128,-1.4004859077880876,,,-1.4004859077880876,-1.4004859077880876,-1.4004859077880876,-1.4004859077880876,0.0,1.0,1.4351861692962005,-0.16432792291571197,3.0,1.4351861692962005,1.4351861692962005,1.961618110537529,1.961618110537529,1.961618110537529,1,functional_form,fShiftSigPowTail,/Users/emryspeets/Desktop/gp_mods/funcform_studies/func_form_inputs/funcform_2015_dataset_mod_toys_2.root,fShiftSigPowTail,fShiftSigPowTail,1.0,1.0,0.0
2015,0.06,60755.39935899993,1,3.0,0.0,20251.79978633331,91734285.71428569,302039372.0581619,0.9760167185561468,0.0239832814438531,resolution_scaled_local,default,fixed_hist,profiled,none,,,0.0,0.0,0,1.0,1.0,0.75,8.0,0.0377930515564109,0.4031258832683839,0.1234315895145394,0.1660289042117128,20.78978307064817,0.1234315895145394,1.0,0.1234315895145394,1.0,544,212,332,56,3887.223441839714,,21321.47571922828,0.06398153057755984,1.0528188084111334,-2.6671782322212794,,,-2.6671782322212794,-2.6671782322212794,-2.6671782322212794,-2.6671782322212794,0.0,0.0,0.1823149341550552,-0.15050683362366524,3.0,0.1823149341550552,0.1823149341550552,7.025693595409393,7.025693595409393,7.025693595409393,1,functional_form,fShiftSigPowTail,/Users/emryspeets/Desktop/gp_mods/funcform_studies/func_form_inputs/funcform_2015_dataset_mod_toys_2.root,fShiftSigPowTail,fShiftSigPowTail,1.0,1.0,0.0
2015,0.06,61066.63944384951,1,3.0,0.0,20355.54648128317,91643238.09523807,301739593.5678144,0.9760167185561468,0.0239832814438531,resolution_scaled_local,default,fixed_hist,profiled,none,,,0.0,0.0,0,1.0,1.0,0.75,8.0,0.0377930515564109,0.4031258832683839,0.1234315895145394,0.1423444200620492,20.314794625224515,0.1234315895145394,1.0,0.1234315895145394,1.0,544,212,332,56,-6092.21057498654,,21466.44097327979,-0.09976331808119718,1.0545745353984026,-3.128550750561379,,,-3.128550750561379,-3.128550750561379,-3.128550750561379,-3.128550750561379,0.0,0.0,-0.2838016130652388,-0.15525086250386,3.0,-0.2838016130652388,-0.2838016130652388,9.79722597822547,9.79722597822547,9.79722597822547,1,functional_form,fShiftSigPowTail,/Users/emryspeets/Desktop/gp_mods/funcform_studies/func_form_inputs/funcform_2015_dataset_mod_toys_2.root,fShiftSigPowTail,fShiftSigPowTail,1.0,1.0,0.0
2015,0.06,86276.61700416257,1,5.0,0.0,17255.323400832516,91776285.71428569,302177658.9977469,0.9760167185561468,0.0239832814438531,resolution_scaled_local,default,fixed_hist,profiled,none,,,0.0,0.0,0,1.0,1.0,0.75,8.0,0.0377930515564109,0.4031258832683839,0.1234315895145394,0.1639055340351661,20.76388041888216,0.1234315895145394,1.0,0.1234315895145394,1.0,544,212,332,56,65698.44742940286,,18956.10317902163,0.761486132751741,1.0985655115630608,-1.08556961208848,,,-1.08556961208848,-1.08556961208848,-1.08556961208848,-1.08556961208848,0.0,1.0,3.46582031174583,-0.44861007616569015,5.0,3.46582031174583,3.46582031174583,1.1891430094838142,1.1891430094838142,1.1891430094838142,1,functional_form,fShiftSigPowTail,/Users/emryspeets/Desktop/gp_mods/funcform_studies/func_form_inputs/funcform_2015_dataset_mod_toys_2.root,fShiftSigPowTail,fShiftSigPowTail,1.0,1.0,0.0
2015,0.06,86441.36238184088,1,5.0,0.0,17288.272476368176,91763142.85714284,302134385.5336591,0.9760167185561468,0.0239832814438531,resolution_scaled_local,default,fixed_hist,profiled,none,,,0.0,0.0,0,1.0,1.0,0.75,8.0,0.0377930515564109,0.4031258832683839,0.1234315895145394,0.1633519257962961,21.07177235415332,0.1234315895145394,1.0,0.1234315895145394,1.0,544,212,332,56,104123.1577128552,,18911.02650303392,1.20455248325342,1.0938644407001297,0.9349992359313553,,,0.9349992359313553,0.9349992359313553,0.9349992359313553,0.9349992359313553,1.0,1.0,5.505949541985498,-0.4290496939458577,5.0,5.505949541985498,5.505949541985498,0.0,0.0,0.0,1,functional_form,fShiftSigPowTail,/Users/emryspeets/Desktop/gp_mods/funcform_studies/func_form_inputs/funcform_2015_dataset_mod_toys_2.root,fShiftSigPowTail,fShiftSigPowTail,1.0,1.0,0.0
2015,0.06,91991.18141581074,1,5.0,0.0,18398.23628316215,91661523.8095238,301799800.1265453,0.9760167185561468,0.0239832814438531,resolution_scaled_local,default,fixed_hist,profiled,none,,,0.0,0.0,0,1.0,1.0,0.75,8.0,0.0377930515564109,0.4031258832683839,0.1234315895145394,0.1452618145728262,21.19227856043407,0.1234315895145394,1.0,0.1234315895145394,1.0,544,212,332,56,79034.31996855784,,20088.33581736723,0.8591510485262017,1.0918620409148587,-0.6449942675714897,,,-0.6449942675714897,-0.6449942675714897,-0.6449942675714897,-0.6449942675714897,1.0,1.0,3.934338846537466,-0.4206668858910445,5.0,3.934338846537466,3.934338846537466,0.4341101609170437,0.4341101609170437,0.4341101609170437,1,functional_form,fShiftSigPowTail,/Users/emryspeets/Desktop/gp_mods/funcform_studies/func_form_inputs/funcform_2015_dataset_mod_toys_2.root,fShiftSigPowTail,fShiftSigPowTail,1.0,1.0,0.0
2015,0.06,92530.43551492892,1,5.0,0.0,18506.087102985784,91735333.33333331,302042821.3922559,0.9760167185561468,0.0239832814438531,resolution_scaled_local,default,fixed_hist,profiled,none,,,0.0,0.0,0,1.0,1.0,0.75,8.0,0.0377930515564109,0.4031258832683839,0.1234315895145394,0.1449859690390631,20.27019535586545,0.1234315895145394,1.0,0.1234315895145394,1.0,544,212,332,56,52948.00246997237,,20120.13915674837,0.5722225576408284,1.087217359606082,-1.9673041392300932,,,-1.9673041392300932,-1.9673041392300932,-1.9673041392300932,-1.9673041392300932,0.0,1.0,2.6315922597490293,-0.4011036010208775,5.0,2.6315922597490293,2.6315922597490293,3.7820542082190514,3.7820542082190514,3.7820542082190514,1,functional_form,fShiftSigPowTail,/Users/emryspeets/Desktop/gp_mods/funcform_studies/func_form_inputs/funcform_2015_dataset_mod_toys_2.root,fShiftSigPowTail,fShiftSigPowTail,1.0,1.0,0.0
2015,0.06,93648.85036951544,1,5.0,0.0,18729.77007390309,91691523.8095238,301898576.5119632,0.9760167185561468,0.0239832814438531,resolution_scaled_local,default,fixed_hist,profiled,none,,,0.0,0.0,0,1.0,1.0,0.75,8.0,0.0377930515564109,0.4031258832683839,0.1234315895145394,0.1602739157279981,20.62425296661005,0.1234315895145394,1.0,0.1234315895145394,1.0,544,212,332,56,57495.69265700908,,20390.52144636435,0.6139497968223332,1.0886690742015699,-1.773037428572113,,,-1.773037428572113,-1.773037428572113,-1.773037428572113,-1.773037428572113,0.0,1.0,2.819726450264989,-0.40723612116289787,4.999999999999999,2.819726450264989,2.819726450264989,3.180191319435835,3.180191319435835,3.180191319435835,1,functional_form,fShiftSigPowTail,/Users/emryspeets/Desktop/gp_mods/funcform_studies/func_form_inputs/funcform_2015_dataset_mod_toys_2.root,fShiftSigPowTail,fShiftSigPowTail,1.0,1.0,0.0
2015,0.06,94818.18620588616,1,5.0,0.0,18963.637241177235,91661904.76190476,301801054.4298522,0.9760167185561468,0.0239832814438531,resolution_scaled_local,default,fixed_hist,profiled,none,,,0.0,0.0,0,1.0,1.0,0.75,8.0,0.0377930515564109,0.4031258832683839,0.1234315895145394,0.1485618322992722,20.07538432113432,0.1234315895145394,1.0,0.1234315895145394,1.0,544,212,332,56,45236.64597724672,,20474.66683185085,0.4770882864076396,1.0796803678248283,-2.421604250551677,,,-2.421604250551677,-2.421604250551677,-2.421604250551677,-2.421604250551677,0.0,0.0,2.2093959500662343,-0.3689997993820886,4.999999999999999,2.2093959500662343,2.2093959500662343,5.792988263070583,5.792988263070583,5.792988263070583,1,functional_form,fShiftSigPowTail,/Users/emryspeets/Desktop/gp_mods/funcform_studies/func_form_inputs/funcform_2015_dataset_mod_toys_2.root,fShiftSigPowTail,fShiftSigPowTail,1.0,1.0,0.0
2015,0.06,95831.26949739366,1,5.0,0.0,19166.253899478732,91636095.23809522,301716075.3808102,0.9760167185561468,0.0239832814438531,resolution_scaled_local,default,fixed_hist,profiled,none,,,0.0,0.0,0,1.0,1.0,0.75,8.0,0.0377930515564109,0.4031258832683839,0.1234315895145394,0.1402175845168467,20.56051378257535,0.1234315895145394,1.0,0.1234315895145394,1.0,544,212,332,56,51833.61547166421,,20973.345346187012,0.5408841575773338,1.0942850624950464,-2.097789041256992,,,-2.097789041256992,-2.097789041256992,-2.097789041256992,-2.097789041256992,0.0,0.0,2.4714042808191135,-0.4308066779238944,5.0,2.4714042808191135,2.4714042808191135,4.425358522683382,4.425358522683382,4.425358522683382,1,functional_form,fShiftSigPowTail,/Users/emryspeets/Desktop/gp_mods/funcform_studies/func_form_inputs/funcform_2015_dataset_mod_toys_2.root,fShiftSigPowTail,fShiftSigPowTail,1.0,1.0,0.0
2015,0.06,96822.12895419674,1,5.0,0.0,19364.42579083935,91794666.66666664,302238179.1323045,0.9760167185561468,0.0239832814438531,resolution_scaled_local,default,fixed_hist,profiled,none,,,0.0,0.0,0,1.0,1.0,0.75,8.0,0.0377930515564109,0.4031258832683839,0.1234315895145394,0.1541623503023227,20.553054605043357,0.1234315895145394,1.0,0.1234315895145394,1.0,544,212,332,56,57216.65958739672,,21009.052322928055,0.5909461009111252,1.0849303020834589,-1.8851621081250256,,,-1.8851621081250256,-1.8851621081250256,-1.8851621081250256,-1.8851621081250256,0.0,1.0,2.723428868086248,-0.39140902378872644,5.0,2.723428868086248,2.723428868086248,3.625197608023882,3.625197608023882,3.625197608023882,1,functional_form,fShiftSigPowTail,/Users/emryspeets/Desktop/gp_mods/funcform_studies/func_form_inputs/funcform_2015_dataset_mod_toys_2.root,fShiftSigPowTail,fShiftSigPowTail,1.0,1.0,0.0
2015,0.06,101258.99893166656,1,5.0,0.0,20251.79978633331,91734285.71428569,302039372.0581619,0.9760167185561468,0.0239832814438531,resolution_scaled_local,default,fixed_hist,profiled,none,,,0.0,0.0,0,1.0,1.0,0.75,8.0,0.0377930515564109,0.4031258832683839,0.1234315895145394,0.1660289042117128,20.78978307064817,0.1234315895145394,1.0,0.1234315895145394,1.0,544,212,332,56,24323.40753279615,,21963.539557989523,0.2402098360582304,1.08452284684403,-3.5028776302535487,,,-3.5028776302535487,-3.5028776302535487,-3.5028776302535487,-3.5028776302535487,0.0,0.0,1.10744479361243,-0.3896775761340212,5.0,1.10744479361243,1.10744479361243,12.235643465071917,12.235643465071917,12.235643465071917,1,functional_form,fShiftSigPowTail,/Users/emryspeets/Desktop/gp_mods/funcform_studies/func_form_inputs/funcform_2015_dataset_mod_toys_2.root,fShiftSigPowTail,fShiftSigPowTail,1.0,1.0,0.0
2015,0.06,101777.73240641586,1,5.0,0.0,20355.54648128317,91643238.09523807,301739593.5678144,0.9760167185561468,0.0239832814438531,resolution_scaled_local,default,fixed_hist,profiled,none,,,0.0,0.0,0,1.0,1.0,0.75,8.0,0.0377930515564109,0.4031258832683839,0.1234315895145394,0.1423444200620492,20.314794625224515,0.1234315895145394,1.0,0.1234315895145394,1.0,544,212,332,56,8042.418584309543,,22352.09414853437,0.07901943179668017,1.0980837173340943,-4.19358084299464,,,-4.19358084299464,-4.19358084299464,-4.19358084299464,-4.19358084299464,0.0,0.0,0.3598060446088845,-0.4466131123964754,5.0,0.3598060446088845,0.3598060446088845,17.894501589238644,17.894501589238644,17.894501589238644,1,functional_form,fShiftSigPowTail,/Users/emryspeets/Desktop/gp_mods/funcform_studies/func_form_inputs/funcform_2015_dataset_mod_toys_2.root,fShiftSigPowTail,fShiftSigPowTail,1.0,1.0,0.0
2015,0.09,0.0,10,0.0,0.0,2266.6673568720053,3705316.1290322617,18299886.702812128,0.9745981817201873,0.025401818279812905,resolution_scaled_local,default,fixed_hist,profiled,none,,,0.0,0.0,0,1.0,1.0,0.75,8.0,0.0381583625870363,0.4070225342617205,0.1246246903444624,0.15221635945071835,20.68935892582733,0.1246246903444624,1.0,0.1246246903444624,1.0,516,318,198,84,643.0889816082738,2314.0722554831773,2279.7694558900153,,1.0057803360419373,0.3364778306448032,1.0494300239627787,0.24735302877494733,-0.5783055384269362,0.9492188237404742,-0.9747313380123037,2.1990734234549536,0.7,0.9,0.3364778306448032,0.0,0.0,-0.5783055384269362,0.9492188237404742,0.0,0.0,0.0,10,functional_form,fShiftSigPowTail,/Users/emryspeets/Desktop/gp_mods/funcform_studies/func_form_inputs/funcform_2015_dataset_mod_toys_2.root,fShiftSigPowTail,fShiftSigPowTail,1.0,1.0,0.0
2015,0.09,1930.6321307323576,1,1.0,0.0,1930.6321307323576,3696580.6451612934,18256743.726729624,0.9745981817201872,0.0254018182798129,resolution_scaled_local,default,fixed_hist,profiled,none,,,0.0,0.0,0,1.0,1.0,0.75,8.0,0.0381583625870363,0.4070225342617206,0.1246246903444624,0.149977858100156,20.17946907412218,0.1246246903444624,1.0,0.1246246903444624,1.0,516,318,198,84,1001.9690993023968,,2029.3887357834512,0.518984991160545,1.0511524715035339,-0.4576072661955758,,,-0.4576072661955758,-0.4576072661955758,-0.4576072661955758,-0.4576072661955758,1.0,1.0,0.4937295066416063,-0.0486632271628179,1.0,0.4937295066416063,0.4937295066416063,0.0959040385205298,0.0959040385205298,0.0959040385205298,1,functional_form,fShiftSigPowTail,/Users/emryspeets/Desktop/gp_mods/funcform_studies/func_form_inputs/funcform_2015_dataset_mod_toys_2.root,fShiftSigPowTail,fShiftSigPowTail,1.0,1.0,0.0
2015,0.09,1982.6694136209264,1,1.0,0.0,1982.6694136209264,3680387.0967741967,18176766.717891306,0.9745981817201872,0.0254018182798129,resolution_scaled_local,default,fixed_hist,profiled,none,,,0.0,0.0,0,1.0,1.0,0.75,8.0,0.0381583625870363,0.4070225342617206,0.1246246903444624,0.1437727301316654,21.467273855670076,0.1246246903444624,1.0,0.1246246903444624,1.0,516,318,198,84,3385.42044937896,,2078.3224453790217,1.7075062671170205,1.0482445692161082,0.6749438899035781,,,0.6749438899035781,0.6749438899035781,0.6749438899035781,0.6749438899035781,1.0,1.0,1.62891973615844,-0.04602415374513813,1.0,1.62891973615844,1.62891973615844,0.0,0.0,0.0,1,functional_form,fShiftSigPowTail,/Users/emryspeets/Desktop/gp_mods/funcform_studies/func_form_inputs/funcform_2015_dataset_mod_toys_2.root,fShiftSigPowTail,fShiftSigPowTail,1.0,1.0,0.0
2015,0.09,2031.0450838528789,1,1.0,0.0,2031.0450838528789,3702000.0000000033,18283508.94084285,0.9745981817201872,0.0254018182798129,resolution_scaled_local,default,fixed_hist,profiled,none,,,0.0,0.0,0,1.0,1.0,0.75,8.0,0.0381583625870363,0.4070225342617206,0.1246246903444624,0.1648427276205894,20.748896817091996,0.1246246903444624,1.0,0.1246246903444624,1.0,516,318,198,84,6884.746905173124,,2125.5029700933464,3.389755825662326,1.046507035708573,2.2835544760998774,,,2.2835544760998774,2.2835544760998774,2.2835544760998774,2.2835544760998774,0.0,0.0,3.2391142247478317,-0.04444025135204566,1.0,3.2391142247478317,3.2391142247478317,0.0,0.0,0.0,1,functional_form,fShiftSigPowTail,/Users/emryspeets/Desktop/gp_mods/funcform_studies/func_form_inputs/funcform_2015_dataset_mod_toys_2.root,fShiftSigPowTail,fShiftSigPowTail,1.0,1.0,0.0
2015,0.09,2079.7500814706605,1,1.0,0.0,2079.7500814706605,3697419.354838713,18260885.96224715,0.9745981817201872,0.0254018182798129,resolution_scaled_local,default,fixed_hist,profiled,none,,,0.0,0.0,0,1.0,1.0,0.75,8.0,0.0381583625870363,0.4070225342617206,0.1246246903444624,0.1643290143050123,20.835728787437574,0.1246246903444624,1.0,0.1246246903444624,1.0,516,318,198,84,3088.713650627022,,2193.399816679546,1.4851369297424861,1.0546458616453185,0.4599998420186658,,,0.4599998420186658,0.4599998420186658,0.4599998420186658,0.4599998420186658,1.0,1.0,1.408185423897243,-0.05181441812142268,1.0,1.408185423897243,1.408185423897243,0.0,0.0,0.0,1,functional_form,fShiftSigPowTail,/Users/emryspeets/Desktop/gp_mods/funcform_studies/func_form_inputs/funcform_2015_dataset_mod_toys_2.root,fShiftSigPowTail,fShiftSigPowTail,1.0,1.0,0.0
2015,0.09,2091.865091152894,1,1.0,0.0,2091.865091152894,3709677.419354842,18321426.32750325,0.9745981817201872,0.0254018182798129,resolution_scaled_local,default,fixed_hist,profiled,none,,,0.0,0.0,0,1.0,1.0,0.75,8.0,0.0381583625870363,0.4070225342617206,0.1246246903444624,0.1382759579789985,20.208859774063452,0.1246246903444624,1.0,0.1246246903444624,1.0,516,318,198,84,703.1588942566858,,2218.612734983737,0.33613969525594617,1.060590735208927,-0.6259344747276895,,,-0.6259344747276895,-0.6259344747276895,-0.6259344747276895,-0.6259344747276895,1.0,1.0,0.3169362922916063,-0.05712923298070416,1.0,0.3169362922916063,0.3169362922916063,0.3200843778904527,0.3200843778904527,0.3200843778904527,1,functional_form,fShiftSigPowTail,/Users/emryspeets/Desktop/gp_mods/funcform_studies/func_form_inputs/funcform_2015_dataset_mod_toys_2.root,fShiftSigPowTail,fShiftSigPowTail,1.0,1.0,0.0
2015,0.09,2249.738960669736,1,1.0,0.0,2249.738960669736,3720000.0000000033,18372407.687718906,0.9745981817201872,0.0254018182798129,resolution_scaled_local,default,fixed_hist,profiled,none,,,0.0,0.0,0,1.0,1.0,0.75,8.0,0.0381583625870363,0.4070225342617206,0.1246246903444624,0.1450978155528284,20.34192823982843,0.1246246903444624,1.0,0.1246246903444624,1.0,516,318,198,84,4461.639794714942,,2348.184628452491,1.9831811035475573,1.0437587069005765,0.9419620617748872,,,0.9419620617748872,0.9419620617748872,0.9419620617748872,0.9419620617748872,1.0,1.0,1.9000379018983984,-0.04192415987648879,1.0,1.9000379018983984,1.9000379018983984,0.0,0.0,0.0,1,functional_form,fShiftSigPowTail,/Users/emryspeets/Desktop/gp_mods/funcform_studies/func_form_inputs/funcform_2015_dataset_mod_toys_2.root,fShiftSigPowTail,fShiftSigPowTail,1.0,1.0,0.0
2015,0.09,2354.6967240380473,1,1.0,0.0,2354.6967240380473,3691419.354838713,18231253.046621792,0.9745981817201872,0.0254018182798129,resolution_scaled_local,default,fixed_hist,profiled,none,,,0.0,0.0,0,1.0,1.0,0.75,8.0,0.0381583625870363,0.4070225342617206,0.1246246903444624,0.1589777124858523,20.537432467290355,0.1246246903444624,1.0,0.1246246903444624,1.0,516,318,198,84,3606.5381866807606,,2407.1687847926505,1.5316359639282728,1.02228399955669,0.5200472316487541,,,0.5200472316487541,0.5200472316487541,0.5200472316487541,0.5200472316487541,1.0,1.0,1.4982489842279263,-0.02179824742082781,1.0,1.4982489842279263,1.4982489842279263,0.0,0.0,0.0,1,functional_form,fShiftSigPowTail,/Users/emryspeets/Desktop/gp_mods/funcform_studies/func_form_inputs/funcform_2015_dataset_mod_toys_2.root,fShiftSigPowTail,fShiftSigPowTail,1.0,1.0,0.0
2015,0.09,2428.17856755283,1,1.0,0.0,2428.17856755283,3725741.9354838743,18400766.06933887,0.9745981817201872,0.0254018182798129,resolution_scaled_local,default,fixed_hist,profiled,none,,,0.0,0.0,0,1.0,1.0,0.75,8.0,0.0381583625870363,0.4070225342617206,0.1246246903444624,0.1484075542982761,21.017450829467023,0.1246246903444624,1.0,0.1246246903444624,1.0,516,318,198,84,-854.7448965551473,,2532.135606782068,-0.3520107244075453,1.042812765345346,-1.2965038109787643,,,-1.2965038109787643,-1.2965038109787643,-1.2965038109787643,-1.2965038109787643,0.0,1.0,-0.3375588946602227,-0.04105508368145849,1.0,-0.3375588946602227,-0.3375588946602227,1.5688934726640582,1.5688934726640582,1.5688934726640582,1,functional_form,fShiftSigPowTail,/Users/emryspeets/Desktop/gp_mods/funcform_studies/func_form_inputs/funcform_2015_dataset_mod_toys_2.root,fShiftSigPowTail,fShiftSigPowTail,1.0,1.0,0.0
2015,0.09,2517.5751096337876,1,1.0,0.0,2517.5751096337876,3716645.161290326,18355838.745648816,0.9745981817201872,0.0254018182798129,resolution_scaled_local,default,fixed_hist,profiled,none,,,0.0,0.0,0,1.0,1.0,0.75,8.0,0.0381583625870363,0.4070225342617206,0.1246246903444624,0.1544187887694282,20.645008864315095,0.1246246903444624,1.0,0.1246246903444624,1.0,516,318,198,84,1812.6597908420415,,2609.094754741227,0.7200022688124349,1.0363522997813368,-0.2701762047970006,,,-0.2701762047970006,-0.2701762047970006,-0.2701762047970006,-0.2701762047970006,1.0,1.0,0.6947466310098896,-0.035077164193109744,1.0,0.6947466310098896,0.6947466310098896,0.072961603058502,0.072961603058502,0.072961603058502,1,functional_form,fShiftSigPowTail,/Users/emryspeets/Desktop/gp_mods/funcform_studies/func_form_inputs/funcform_2015_dataset_mod_toys_2.root,fShiftSigPowTail,fShiftSigPowTail,1.0,1.0,0.0
2015,0.09,3000.5224059959382,1,1.0,0.0,3000.5224059959382,3713290.3225806486,18339269.803578727,0.9745981817201872,0.0254018182798129,resolution_scaled_local,default,fixed_hist,profiled,none,,,0.0,0.0,0,1.0,1.0,0.75,8.0,0.0381583625870363,0.4070225342617206,0.1246246903444624,0.1540634352643768,20.911540548987144,0.1246246903444624,1.0,0.1246246903444624,1.0,516,318,198,84,-4.837168365393604,,3116.808691402739,-0.0016121087300423086,1.0387553464604784,-0.9642425544600078,,,-0.9642425544600078,-0.9642425544600078,-0.9642425544600078,-0.9642425544600078,1.0,1.0,-0.0015519619085817,-0.03730940744857392,1.0,-0.0015519619085817,-0.0015519619085817,0.9011027554515748,0.9011027554515748,0.9011027554515748,1,functional_form,fShiftSigPowTail,/Users/emryspeets/Desktop/gp_mods/funcform_studies/func_form_inputs/funcform_2015_dataset_mod_toys_2.root,fShiftSigPowTail,fShiftSigPowTail,1.0,1.0,0.0
2015,0.09,3861.264261464715,1,2.0,0.0,1930.6321307323576,3696580.6451612934,18256743.726729624,0.9745981817201872,0.0254018182798129,resolution_scaled_local,default,fixed_hist,profiled,none,,,0.0,0.0,0,1.0,1.0,0.75,8.0,0.0381583625870363,0.4070225342617206,0.1246246903444624,0.149977858100156,20.17946907412218,0.1246246903444624,1.0,0.1246246903444624,1.0,516,318,198,84,2685.9358824143505,,2065.243519826949,0.6956104789873873,1.069723997105305,-0.5690991729386217,,,-0.5690991729386217,-0.5690991729386217,-0.5690991729386217,-0.5690991729386217,1.0,1.0,1.300541973200047,-0.1303588538613314,2.0,1.300541973200047,1.300541973200047,0.1527626218739897,0.1527626218739897,0.1527626218739897,1,functional_form,fShiftSigPowTail,/Users/emryspeets/Desktop/gp_mods/funcform_studies/func_form_inputs/funcform_2015_dataset_mod_toys_2.root,fShiftSigPowTail,fShiftSigPowTail,1.0,1.0,0.0
2015,0.09,3965.338827241853,1,2.0,0.0,1982.6694136209264,3680387.0967741967,18176766.717891306,0.9745981817201872,0.0254018182798129,resolution_scaled_local,default,fixed_hist,profiled,none,,,0.0,0.0,0,1.0,1.0,0.75,8.0,0.0381583625870363,0.4070225342617206,0.1246246903444624,0.1437727301316654,21.467273855670076,0.1246246903444624,1.0,0.1246246903444624,1.0,516,318,198,84,4801.257811044146,,2150.7283721327276,1.210806445608011,1.0847639840294288,0.3886678553337589,,,0.3886678553337589,0.3886678553337589,0.3886678553337589,0.3886678553337589,1.0,1.0,2.2323868849524096,-0.15628097038134936,2.0,2.2323868849524096,2.2323868849524096,0.0,0.0,0.0,1,functional_form,fShiftSigPowTail,/Users/emryspeets/Desktop/gp_mods/funcform_studies/func_form_inputs/funcform_2015_dataset_mod_toys_2.root,fShiftSigPowTail,fShiftSigPowTail,1.0,1.0,0.0
2015,0.09,4062.0901677057577,1,2.0,0.0,2031.0450838528789,3702000.0000000033,18283508.94084285,0.9745981817201872,0.0254018182798129,resolution_scaled_local,default,fixed_hist,profiled,none,,,0.0,0.0,0,1.0,1.0,0.75,8.0,0.0381583625870363,0.4070225342617206,0.1246246903444624,0.1648427276205894,20.748896817091996,0.1246246903444624,1.0,0.1246246903444624,1.0,516,318,198,84,8534.600974513964,,2183.913189296503,2.101036811630957,1.0752657371611043,2.0479343358189626,,,2.0479343358189626,2.0479343358189626,2.0479343358189626,2.0479343358189626,0.0,0.0,3.9079396636929458,-0.1399946721260168,2.0,3.9079396636929458,3.9079396636929458,0.0,0.0,0.0,1,functional_form,fShiftSigPowTail,/Users/emryspeets/Desktop/gp_mods/funcform_studies/func_form_inputs/funcform_2015_dataset_mod_toys_2.root,fShiftSigPowTail,fShiftSigPowTail,1.0,1.0,0.0
2015,0.09,4159.500162941321,1,2.0,0.0,2079.7500814706605,3697419.354838713,18260885.96224715,0.9745981817201872,0.0254018182798129,resolution_scaled_local,default,fixed_hist,profiled,none,,,0.0,0.0,0,1.0,1.0,0.75,8.0,0.0381583625870363,0.4070225342617206,0.1246246903444624,0.1643290143050123,20.835728787437574,0.1246246903444624,1.0,0.1246246903444624,1.0,516,318,198,84,5331.746956543574,,2202.7385116362498,1.2818239566489928,1.059136158359287,0.5321770093952181,,,0.5321770093952181,0.5321770093952181,0.5321770093952181,0.5321770093952181,1.0,1.0,2.420508348302776,-0.11166866109244222,2.0,2.420508348302776,2.420508348302776,0.0,0.0,0.0,1,functional_form,fShiftSigPowTail,/Users/emryspeets/Desktop/gp_mods/funcform_studies/func_form_inputs/funcform_2015_dataset_mod_toys_2.root,fShiftSigPowTail,fShiftSigPowTail,1.0,1.0,0.0
2015,0.09,4183.730182305788,1,2.0,0.0,2091.865091152894,3709677.419354842,18321426.32750325,0.9745981817201872,0.0254018182798129,resolution_scaled_local,default,fixed_hist,profiled,none,,,0.0,0.0,0,1.0,1.0,0.75,8.0,0.0381583625870363,0.4070225342617206,0.1246246903444624,0.1382759579789985,20.208859774063452,0.1246246903444624,1.0,0.1246246903444624,1.0,516,318,198,84,2171.9223498465612,,2246.3293074528538,0.5191353780490561,1.0738404292672763,-0.8955979097919732,,,-0.8955979097919732,-0.8955979097919732,-0.8955979097919732,-0.8955979097919732,1.0,1.0,0.9668762022738938,-0.13752588793413312,2.0,0.9668762022738938,0.9668762022738938,0.6792053962126374,0.6792053962126374,0.6792053962126374,1,functional_form,fShiftSigPowTail,/Users/emryspeets/Desktop/gp_mods/funcform_studies/func_form_inputs/funcform_2015_dataset_mod_toys_2.root,fShiftSigPowTail,fShiftSigPowTail,1.0,1.0,0.0
2015,0.09,4499.477921339472,1,2.0,0.0,2249.738960669736,3720000.0000000033,18372407.687718906,0.9745981817201872,0.0254018182798129,resolution_scaled_local,default,fixed_hist,profiled,none,,,0.0,0.0,0,1.0,1.0,0.75,8.0,0.0381583625870363,0.4070225342617206,0.1246246903444624,0.1450978155528284,20.34192823982843,0.1246246903444624,1.0,0.1246246903444624,1.0,516,318,198,84,5659.634811364436,,2433.9858128603705,1.2578425564714386,1.0818969913450691,0.4766489943758428,,,0.4766489943758428,0.4766489943758428,0.4766489943758428,0.4766489943758428,1.0,1.0,2.3252538208977267,-0.1513951734781161,2.0,2.3252538208977267,2.3252538208977267,0.0,0.0,0.0,1,functional_form,fShiftSigPowTail,/Users/emryspeets/Desktop/gp_mods/funcform_studies/func_form_inputs/funcform_2015_dataset_mod_toys_2.root,fShiftSigPowTail,fShiftSigPowTail,1.0,1.0,0.0
2015,0.09,4709.3934480760945,1,2.0,0.0,2354.6967240380473,3691419.354838713,18231253.046621792,0.9745981817201872,0.0254018182798129,resolution_scaled_local,default,fixed_hist,profiled,none,,,0.0,0.0,0,1.0,1.0,0.75,8.0,0.0381583625870363,0.4070225342617206,0.1246246903444624,0.1589777124858523,20.537432467290355,0.1246246903444624,1.0,0.1246246903444624,1.0,516,318,198,84,6206.491664657478,,2513.485481078784,1.3178961862260599,1.0674349080370873,0.5956263634110318,,,0.5956263634110318,0.5956263634110318,0.5956263634110318,0.5956263634110318,1.0,1.0,2.469276911038158,-0.12634945237287376,2.0,2.469276911038158,2.469276911038158,0.0,0.0,0.0,1,functional_form,fShiftSigPowTail,/Users/emryspeets/Desktop/gp_mods/funcform_studies/func_form_inputs/funcform_2015_dataset_mod_toys_2.root,fShiftSigPowTail,fShiftSigPowTail,1.0,1.0,0.0
2015,0.09,4856.35713510566,1,2.0,0.0,2428.17856755283,3725741.9354838743,18400766.06933887,0.9745981817201872,0.0254018182798129,resolution_scaled_local,default,fixed_hist,profiled,none,,,0.0,0.0,0,1.0,1.0,0.75,8.0,0.0381583625870363,0.4070225342617206,0.1246246903444624,0.1484075542982761,21.017450829467023,0.1246246903444624,1.0,0.1246246903444624,1.0,516,318,198,84,2351.0428179912674,,2626.58774412111,0.48411654097595846,1.0817111143387783,-0.9538285262778088,,,-0.9538285262778088,-0.9538285262778088,-0.9538285262778088,-0.9538285262778088,1.0,1.0,0.89509395726582,-0.15107751645637113,2.0,0.89509395726582,0.89509395726582,0.9736874799709768,0.9736874799709768,0.9736874799709768,1,functional_form,fShiftSigPowTail,/Users/emryspeets/Desktop/gp_mods/funcform_studies/func_form_inputs/funcform_2015_dataset_mod_toys_2.root,fShiftSigPowTail,fShiftSigPowTail,1.0,1.0,0.0
2015,0.09,5035.150219267575,1,2.0,0.0,2517.5751096337876,3716645.161290326,18355838.745648816,0.9745981817201872,0.0254018182798129,resolution_scaled_local,default,fixed_hist,profiled,none,,,0.0,0.0,0,1.0,1.0,0.75,8.0,0.0381583625870363,0.4070225342617206,0.1246246903444624,0.1544187887694282,20.645008864315095,0.1246246903444624,1.0,0.1246246903444624,1.0,516,318,198,84,3681.993776912572,,2697.1211407755154,0.7312579797168719,1.071317050464423,-0.5017039916738498,,,-0.5017039916738498,-0.5017039916738498,-0.5017039916738498,-0.5017039916738498,1.0,1.0,1.365156989520267,-0.13313901880588308,2.0,1.365156989520267,1.365156989520267,0.2576705920509994,0.2576705920509994,0.2576705920509994,1,functional_form,fShiftSigPowTail,/Users/emryspeets/Desktop/gp_mods/funcform_studies/func_form_inputs/funcform_2015_dataset_mod_toys_2.root,fShiftSigPowTail,fShiftSigPowTail,1.0,1.0,0.0
2015,0.09,5791.896392197073,1,3.0,0.0,1930.6321307323576,3696580.6451612934,18256743.726729624,0.9745981817201872,0.0254018182798129,resolution_scaled_local,default,fixed_hist,profiled,none,,,0.0,0.0,0,1.0,1.0,0.75,8.0,0.0381583625870363,0.4070225342617206,0.1246246903444624,0.149977858100156,20.17946907412218,0.1246246903444624,1.0,0.1246246903444624,1.0,516,318,198,84,4122.286714722578,,2144.6336895351446,0.7117335041207199,1.1108453316384042,-0.7785057586390836,,,-0.7785057586390836,-0.7785057586390836,-0.7785057586390836,-0.7785057586390836,1.0,1.0,1.9221402400034548,-0.2993540013574616,3.0,1.9221402400034548,1.9221402400034548,0.3766435016877949,0.3766435016877949,0.3766435016877949,1,functional_form,fShiftSigPowTail,/Users/emryspeets/Desktop/gp_mods/funcform_studies/func_form_inputs/funcform_2015_dataset_mod_toys_2.root,fShiftSigPowTail,fShiftSigPowTail,1.0,1.0,0.0
2015,0.09,5948.008240862779,1,3.0,0.0,1982.6694136209264,3680387.0967741967,18176766.717891306,0.9745981817201872,0.0254018182798129,resolution_scaled_local,default,fixed_hist,profiled,none,,,0.0,0.0,0,1.0,1.0,0.75,8.0,0.0381583625870363,0.4070225342617206,0.1246246903444624,0.1437727301316654,21.467273855670076,0.1246246903444624,1.0,0.1246246903444624,1.0,516,318,198,84,7094.2591252844495,,2196.562639852535,1.1927117176043798,1.1078814374005892,0.521838468717024,,,0.521838468717024,0.521838468717024,0.521838468717024,0.521838468717024,1.0,1.0,3.229709454477801,-0.2921290142392231,2.9999999999999996,3.229709454477801,3.229709454477801,0.0,0.0,0.0,1,functional_form,fShiftSigPowTail,/Users/emryspeets/Desktop/gp_mods/funcform_studies/func_form_inputs/funcform_2015_dataset_mod_toys_2.root,fShiftSigPowTail,fShiftSigPowTail,1.0,1.0,0.0
2015,0.09,6001.0448119918765,1,2.0,0.0,3000.5224059959382,3713290.3225806486,18339269.803578727,0.9745981817201872,0.0254018182798129,resolution_scaled_local,default,fixed_hist,profiled,none,,,0.0,0.0,0,1.0,1.0,0.75,8.0,0.0381583625870363,0.4070225342617206,0.1246246903444624,0.1540634352643768,20.911540548987144,0.1246246903444624,1.0,0.1246246903444624,1.0,516,318,198,84,2650.1782626338745,,3166.977301369146,0.441619475551662,1.0554753049137648,-1.0580645929825128,,,-1.0580645929825128,-1.0580645929825128,-1.0580645929825128,-1.0580645929825128,0.0,1.0,0.8368163110888578,-0.10511909592862945,2.0,0.8368163110888578,0.8368163110888578,1.1148279290646317,1.1148279290646317,1.1148279290646317,1,functional_form,fShiftSigPowTail,/Users/emryspeets/Desktop/gp_mods/funcform_studies/func_form_inputs/funcform_2015_dataset_mod_toys_2.root,fShiftSigPowTail,fShiftSigPowTail,1.0,1.0,0.0
2015,0.09,6093.135251558637,1,3.0,0.0,2031.0450838528789,3702000.0000000033,18283508.94084285,0.9745981817201872,0.0254018182798129,resolution_scaled_local,default,fixed_hist,profiled,none,,,0.0,0.0,0,1.0,1.0,0.75,8.0,0.0381583625870363,0.4070225342617206,0.1246246903444624,0.1648427276205894,20.748896817091996,0.1246246903444624,1.0,0.1246246903444624,1.0,516,318,198,84,10709.697876176886,,2237.794409375412,1.7576661987664435,1.1017945525514043,2.0629967638120843,,,2.0629967638120843,2.0629967638120843,2.0629967638120843,2.0629967638120843,0.0,0.0,4.785827434060869,-0.277169329751215,3.0,4.785827434060869,4.785827434060869,0.0,0.0,0.0,1,functional_form,fShiftSigPowTail,/Users/emryspeets/Desktop/gp_mods/funcform_studies/func_form_inputs/funcform_2015_dataset_mod_toys_2.root,fShiftSigPowTail,fShiftSigPowTail,1.0,1.0,0.0
2015,0.09,6239.250244411982,1,3.0,0.0,2079.7500814706605,3697419.354838713,18260885.96224715,0.9745981817201872,0.0254018182798129,resolution_scaled_local,default,fixed_hist,profiled,none,,,0.0,0.0,0,1.0,1.0,0.75,8.0,0.0381583625870363,0.4070225342617206,0.1246246903444624,0.1643290143050123,20.835728787437574,0.1246246903444624,1.0,0.1246246903444624,1.0,516,318,198,84,6990.9633019443045,,2347.6391177718706,1.120481312350883,1.1288082826335446,0.3201995791609439,,,0.3201995791609439,0.3201995791609439,0.3201995791609439,0.3201995791609439,1.0,1.0,2.977869660213953,-0.34232991894699094,3.0,2.977869660213953,2.977869660213953,0.0,0.0,0.0,1,functional_form,fShiftSigPowTail,/Users/emryspeets/Desktop/gp_mods/funcform_studies/func_form_inputs/funcform_2015_dataset_mod_toys_2.root,fShiftSigPowTail,fShiftSigPowTail,1.0,1.0,0.0
2015,0.09,6275.595273458682,1,3.0,0.0,2091.865091152894,3709677.419354842,18321426.32750325,0.9745981817201872,0.0254018182798129,resolution_scaled_local,default,fixed_hist,profiled,none,,,0.0,0.0,0,1.0,1.0,0.75,8.0,0.0381583625870363,0.4070225342617206,0.1246246903444624,0.1382759579789985,20.208859774063452,0.1246246903444624,1.0,0.1246246903444624,1.0,516,318,198,84,4054.8025670402712,,2372.371974017358,0.6461223820773164,1.1340941555221746,-0.9361064498910496,,,-0.9361064498910496,-0.9361064498910496,-0.9361064498910496,-0.9361064498910496,1.0,1.0,1.709176558924652,-0.35471699118429845,3.0,1.709176558924652,1.709176558924652,0.8131957261357456,0.8131957261357456,0.8131957261357456,1,functional_form,fShiftSigPowTail,/Users/emryspeets/Desktop/gp_mods/funcform_studies/func_form_inputs/funcform_2015_dataset_mod_toys_2.root,fShiftSigPowTail,fShiftSigPowTail,1.0,1.0,0.0
2015,0.09,6749.216882009208,1,3.0,0.0,2249.738960669736,3720000.0000000033,18372407.687718906,0.9745981817201872,0.0254018182798129,resolution_scaled_local,default,fixed_hist,profiled,none,,,0.0,0.0,0,1.0,1.0,0.75,8.0,0.0381583625870363,0.4070225342617206,0.1246246903444624,0.1450978155528284,20.34192823982843,0.1246246903444624,1.0,0.1246246903444624,1.0,516,318,198,84,8214.622537313584,,2482.6201546536968,1.2171223241040865,1.1035147624036492,0.5902657531227473,,,0.5902657531227473,0.5902657531227473,0.5902657531227473,0.5902657531227473,1.0,1.0,3.308851948984298,-0.2814138041384493,3.0,3.308851948984298,3.308851948984298,0.0,0.0,0.0,1,functional_form,fShiftSigPowTail,/Users/emryspeets/Desktop/gp_mods/funcform_studies/func_form_inputs/funcform_2015_dataset_mod_toys_2.root,fShiftSigPowTail,fShiftSigPowTail,1.0,1.0,0.0
2015,0.09,7064.090172114142,1,3.0,0.0,2354.6967240380473,3691419.354838713,18231253.046621792,0.9745981817201872,0.0254018182798129,resolution_scaled_local,default,fixed_hist,profiled,none,,,0.0,0.0,0,1.0,1.0,0.75,8.0,0.0381583625870363,0.4070225342617206,0.1246246903444624,0.1589777124858523,20.537432467290355,0.1246246903444624,1.0,0.1246246903444624,1.0,516,318,198,84,7711.7645022938705,,2606.8425339659925,1.0916854562157852,1.1070820744573606,0.248451650508545,,,0.248451650508545,0.248451650508545,0.248451650508545,0.248451650508545,1.0,1.0,2.9582778406493784,-0.29017380985916663,3.0,2.9582778406493784,2.9582778406493784,0.0,0.0,0.0,1,functional_form,fShiftSigPowTail,/Users/emryspeets/Desktop/gp_mods/funcform_studies/func_form_inputs/funcform_2015_dataset_mod_toys_2.root,fShiftSigPowTail,fShiftSigPowTail,1.0,1.0,0.0
2015,0.09,7284.53570265849,1,3.0,0.0,2428.17856755283,3725741.9354838743,18400766.06933887,0.9745981817201872,0.0254018182798129,resolution_scaled_local,default,fixed_hist,profiled,none,,,0.0,0.0,0,1.0,1.0,0.75,8.0,0.0381583625870363,0.4070225342617206,0.1246246903444624,0.1484075542982761,21.017450829467023,0.1246246903444624,1.0,0.1246246903444624,1.0,516,318,198,84,3726.174851007376,,2697.7861433781386,0.5115185103214621,1.1110328455361604,-1.3189929306981214,,,-1.3189929306981214,-1.3189929306981214,-1.3189929306981214,-1.3189929306981214,0.0,1.0,1.3811972680464213,-0.2998098012554573,3.0,1.3811972680464213,1.3811972680464213,1.8258801891934129,1.8258801891934129,1.8258801891934129,1,functional_form,fShiftSigPowTail,/Users/emryspeets/Desktop/gp_mods/funcform_studies/func_form_inputs/funcform_2015_dataset_mod_toys_2.root,fShiftSigPowTail,fShiftSigPowTail,1.0,1.0,0.0
2015,0.09,7552.725328901362,1,3.0,0.0,2517.5751096337876,3716645.161290326,18355838.745648816,0.9745981817201872,0.0254018182798129,resolution_scaled_local,default,fixed_hist,profiled,none,,,0.0,0.0,0,1.0,1.0,0.75,8.0,0.0381583625870363,0.4070225342617206,0.1246246903444624,0.1544187887694282,20.645008864315095,0.1246246903444624,1.0,0.1246246903444624,1.0,516,318,198,84,6653.738499051283,,2796.0406724873433,0.8809718623805894,1.1106086415408125,-0.3215213708069366,,,-0.3215213708069366,-0.3215213708069366,-0.3215213708069366,-0.3215213708069366,1.0,1.0,2.379700182662991,-0.2987784465300723,3.0,2.379700182662991,2.379700182662991,0.1165724911261349,0.1165724911261349,0.1165724911261349,1,functional_form,fShiftSigPowTail,/Users/emryspeets/Desktop/gp_mods/funcform_studies/func_form_inputs/funcform_2015_dataset_mod_toys_2.root,fShiftSigPowTail,fShiftSigPowTail,1.0,1.0,0.0
2015,0.09,9001.567217987815,1,3.0,0.0,3000.5224059959382,3713290.3225806486,18339269.803578727,0.9745981817201872,0.0254018182798129,resolution_scaled_local,default,fixed_hist,profiled,none,,,0.0,0.0,0,1.0,1.0,0.75,8.0,0.0381583625870363,0.4070225342617206,0.1246246903444624,0.1540634352643768,20.911540548987144,0.1246246903444624,1.0,0.1246246903444624,1.0,516,318,198,84,4444.93701710842,,3282.4058004489257,0.4937959034762425,1.093944772380203,-1.3881983148628962,,,-1.3881983148628962,-1.3881983148628962,-1.3881983148628962,-1.3881983148628962,0.0,1.0,1.3541704735290494,-0.25763121160805436,3.0,1.3541704735290494,1.3541704735290494,1.924520074389875,1.924520074389875,1.924520074389875,1,functional_form,fShiftSigPowTail,/Users/emryspeets/Desktop/gp_mods/funcform_studies/func_form_inputs/funcform_2015_dataset_mod_toys_2.root,fShiftSigPowTail,fShiftSigPowTail,1.0,1.0,0.0
2015,0.09,9653.160653661787,1,5.0,0.0,1930.6321307323576,3696580.6451612934,18256743.726729624,0.9745981817201872,0.0254018182798129,resolution_scaled_local,default,fixed_hist,profiled,none,,,0.0,0.0,0,1.0,1.0,0.75,8.0,0.0381583625870363,0.4070225342617206,0.1246246903444624,0.149977858100156,20.17946907412218,0.1246246903444624,1.0,0.1246246903444624,1.0,516,318,198,84,6631.901073695395,,2291.8203053968127,0.6870186161440998,1.187082856912489,-1.3182794361546954,,,-1.3182794361546954,-1.3182794361546954,-1.3182794361546954,-1.3182794361546954,0.0,1.0,2.89372646628468,-0.7879940975606243,5.0,2.89372646628468,2.89372646628468,1.2949024073313922,1.2949024073313922,1.2949024073313922,1,functional_form,fShiftSigPowTail,/Users/emryspeets/Desktop/gp_mods/funcform_studies/func_form_inputs/funcform_2015_dataset_mod_toys_2.root,fShiftSigPowTail,fShiftSigPowTail,1.0,1.0,0.0
2015,0.09,9913.347068104633,1,5.0,0.0,1982.6694136209264,3680387.0967741967,18176766.717891306,0.9745981817201872,0.0254018182798129,resolution_scaled_local,default,fixed_hist,profiled,none,,,0.0,0.0,0,1.0,1.0,0.75,8.0,0.0381583625870363,0.4070225342617206,0.1246246903444624,0.1437727301316654,21.467273855670076,0.1246246903444624,1.0,0.1246246903444624,1.0,516,318,198,84,10248.152508226249,,2303.4817682075623,1.0337731986806782,1.1618082935978418,0.1453475537521368,,,0.1453475537521368,0.1453475537521368,0.1453475537521368,0.1453475537521368,1.0,1.0,4.44898355596744,-0.6963639977846966,5.0,4.44898355596744,4.44898355596744,0.0,0.0,0.0,1,functional_form,fShiftSigPowTail,/Users/emryspeets/Desktop/gp_mods/funcform_studies/func_form_inputs/funcform_2015_dataset_mod_toys_2.root,fShiftSigPowTail,fShiftSigPowTail,1.0,1.0,0.0
2015,0.09,10155.225419264394,1,5.0,0.0,2031.0450838528789,3702000.0000000033,18283508.94084285,0.9745981817201872,0.0254018182798129,resolution_scaled_local,default,fixed_hist,profiled,none,,,0.0,0.0,0,1.0,1.0,0.75,8.0,0.0381583625870363,0.4070225342617206,0.1246246903444624,0.1648427276205894,20.748896817091996,0.1246246903444624,1.0,0.1246246903444624,1.0,516,318,198,84,15344.467283612985,,2424.334454802549,1.51099228723221,1.1936389172630293,2.140481010806419,,,2.140481010806419,2.140481010806419,2.140481010806419,2.140481010806419,0.0,0.0,6.3293524757757575,-0.8111285350306616,5.0,6.3293524757757575,6.3293524757757575,0.0,0.0,0.0,1,functional_form,fShiftSigPowTail,/Users/emryspeets/Desktop/gp_mods/funcform_studies/func_form_inputs/funcform_2015_dataset_mod_toys_2.root,fShiftSigPowTail,fShiftSigPowTail,1.0,1.0,0.0
2015,0.09,10398.750407353302,1,5.0,0.0,2079.7500814706605,3697419.354838713,18260885.96224715,0.9745981817201872,0.0254018182798129,resolution_scaled_local,default,fixed_hist,profiled,none,,,0.0,0.0,0,1.0,1.0,0.75,8.0,0.0381583625870363,0.4070225342617206,0.1246246903444624,0.1643290143050123,20.835728787437574,0.1246246903444624,1.0,0.1246246903444624,1.0,516,318,198,84,9742.820178371592,,2403.817965752325,0.9369222066799604,1.155820589776107,-0.2728701749994711,,,-0.2728701749994711,-0.2728701749994711,-0.2728701749994711,-0.2728701749994711,1.0,1.0,4.05306072139384,-0.6740691036066888,5.0,4.05306072139384,4.05306072139384,0.0491726680193096,0.0491726680193096,0.0491726680193096,1,functional_form,fShiftSigPowTail,/Users/emryspeets/Desktop/gp_mods/funcform_studies/func_form_inputs/funcform_2015_dataset_mod_toys_2.root,fShiftSigPowTail,fShiftSigPowTail,1.0,1.0,0.0
2015,0.09,10459.325455764469,1,5.0,0.0,2091.865091152894,3709677.419354842,18321426.32750325,0.9745981817201872,0.0254018182798129,resolution_scaled_local,default,fixed_hist,profiled,none,,,0.0,0.0,0,1.0,1.0,0.75,8.0,0.0381583625870363,0.4070225342617206,0.1246246903444624,0.1382759579789985,20.208859774063452,0.1246246903444624,1.0,0.1246246903444624,1.0,516,318,198,84,7358.64380251544,,2497.470579115967,0.7035486020238386,1.1938965804623334,-1.241528800850411,,,-1.241528800850411,-1.241528800850411,-1.241528800850411,-1.241528800850411,0.0,1.0,2.946438634372297,-0.8120325647772919,5.0,2.946438634372297,2.946438634372297,1.4566659219563007,1.4566659219563007,1.4566659219563007,1,functional_form,fShiftSigPowTail,/Users/emryspeets/Desktop/gp_mods/funcform_studies/func_form_inputs/funcform_2015_dataset_mod_toys_2.root,fShiftSigPowTail,fShiftSigPowTail,1.0,1.0,0.0
2015,0.09,11248.69480334868,1,5.0,0.0,2249.738960669736,3720000.0000000033,18372407.687718906,0.9745981817201872,0.0254018182798129,resolution_scaled_local,default,fixed_hist,profiled,none,,,0.0,0.0,0,1.0,1.0,0.75,8.0,0.0381583625870363,0.4070225342617206,0.1246246903444624,0.1450978155528284,20.34192823982843,0.1246246903444624,1.0,0.1246246903444624,1.0,516,318,198,84,11650.558130132704,,2658.0242222863435,1.0357253293657136,1.1814811712622264,0.1511887376400031,,,0.1511887376400031,0.1511887376400031,0.1511887376400031,0.1511887376400031,1.0,1.0,4.383164770451671,-0.7680239671883319,5.0,4.383164770451671,4.383164770451671,0.0,0.0,0.0,1,functional_form,fShiftSigPowTail,/Users/emryspeets/Desktop/gp_mods/funcform_studies/func_form_inputs/funcform_2015_dataset_mod_toys_2.root,fShiftSigPowTail,fShiftSigPowTail,1.0,1.0,0.0
2015,0.09,11773.483620190236,1,5.0,0.0,2354.6967240380473,3691419.354838713,18231253.046621792,0.9745981817201872,0.0254018182798129,resolution_scaled_local,default,fixed_hist,profiled,none,,,0.0,0.0,0,1.0,1.0,0.75,8.0,0.0381583625870363,0.4070225342617206,0.1246246903444624,0.1589777124858523,20.537432467290355,0.1246246903444624,1.0,0.1246246903444624,1.0,516,318,198,84,10639.040634050332,,2793.980217789214,0.9036442379556668,1.186556293753976,-0.4060311447149586,,,-0.4060311447149586,-0.4060311447149586,-0.4060311447149586,-0.4060311447149586,1.0,1.0,3.807843937588313,-0.7861249176967285,5.0,3.807843937588313,3.807843937588313,0.1863607252016663,0.1863607252016663,0.1863607252016663,1,functional_form,fShiftSigPowTail,/Users/emryspeets/Desktop/gp_mods/funcform_studies/func_form_inputs/funcform_2015_dataset_mod_toys_2.root,fShiftSigPowTail,fShiftSigPowTail,1.0,1.0,0.0
2015,0.09,12140.89283776415,1,5.0,0.0,2428.17856755283,3725741.9354838743,18400766.06933887,0.9745981817201872,0.0254018182798129,resolution_scaled_local,default,fixed_hist,profiled,none,,,0.0,0.0,0,1.0,1.0,0.75,8.0,0.0381583625870363,0.4070225342617206,0.1246246903444624,0.1484075542982761,21.017450829467023,0.1246246903444624,1.0,0.1246246903444624,1.0,516,318,198,84,7451.448234135291,,2842.4707618344964,0.6137479618432692,1.1706185038521277,-1.649777604256639,,,-1.649777604256639,-1.649777604256639,-1.649777604256639,-1.649777604256639,0.0,1.0,2.6214687356453985,-0.7287536600979625,5.0,2.6214687356453985,2.6214687356453985,2.9165574591606855,2.9165574591606855,2.9165574591606855,1,functional_form,fShiftSigPowTail,/Users/emryspeets/Desktop/gp_mods/funcform_studies/func_form_inputs/funcform_2015_dataset_mod_toys_2.root,fShiftSigPowTail,fShiftSigPowTail,1.0,1.0,0.0
2015,0.09,12587.87554816894,1,5.0,0.0,2517.5751096337876,3716645.161290326,18355838.745648816,0.9745981817201872,0.0254018182798129,resolution_scaled_local,default,fixed_hist,profiled,none,,,0.0,0.0,0,1.0,1.0,0.75,8.0,0.0381583625870363,0.4070225342617206,0.1246246903444624,0.1544187887694282,20.645008864315095,0.1246246903444624,1.0,0.1246246903444624,1.0,516,318,198,84,10493.106375314956,,2985.6774604703255,0.8335883473872845,1.1859338174441314,-0.7016059840984961,,,-0.7016059840984961,-0.7016059840984961,-0.7016059840984961,-0.7016059840984961,1.0,1.0,3.514480888924287,-0.783913126977217,5.000000000000001,3.514480888924287,3.514480888924287,0.5569219929166138,0.5569219929166138,0.5569219929166138,1,functional_form,fShiftSigPowTail,/Users/emryspeets/Desktop/gp_mods/funcform_studies/func_form_inputs/funcform_2015_dataset_mod_toys_2.root,fShiftSigPowTail,fShiftSigPowTail,1.0,1.0,0.0
2015,0.09,15002.612029979691,1,5.0,0.0,3000.5224059959382,3713290.3225806486,18339269.803578727,0.9745981817201872,0.0254018182798129,resolution_scaled_local,default,fixed_hist,profiled,none,,,0.0,0.0,0,1.0,1.0,0.75,8.0,0.0381583625870363,0.4070225342617206,0.1246246903444624,0.1540634352643768,20.911540548987144,0.1246246903444624,1.0,0.1246246903444624,1.0,516,318,198,84,7923.36388081614,,3541.925688270252,0.5281322922290397,1.1804363404160652,-1.9987003602610305,,,-1.9987003602610305,-1.9987003602610305,-1.9987003602610305,-1.9987003602610305,0.0,1.0,2.2370214900487153,-0.7642781496902542,5.0,2.2370214900487153,2.2370214900487153,4.0183292450383306,4.0183292450383306,4.0183292450383306,1,functional_form,fShiftSigPowTail,/Users/emryspeets/Desktop/gp_mods/funcform_studies/func_form_inputs/funcform_2015_dataset_mod_toys_2.root,fShiftSigPowTail,fShiftSigPowTail,1.0,1.0,0.0
