dataset,mass_GeV,toy,injection_toy,strength,inj_nsigma,sigmaA_ref,sigmaA_ref_prefit,sigmaA_ref_matched,sigmaA_ref_mode,sigmaA_ref_matched_ok,sigmaA_ref_error,integral_density,A_per_eps2_unit,sigma_val,sigma_x,kernel_ls_policy,kernel_ls_res_lower_factor,kernel_ls_res_upper_factor,ls_lo,ls_hi,ls_init,initial_ls_opt,initial_const_opt,refit_ls_opt,refit_const_opt,ls_opt,const_opt,f_win,f_full,f_train,f_train_frac,n_train,n_train_low,n_train_high,n_blind,blind_nsigma,train_exclude_nsigma,signal_model,inj_shape_mode,inj_background_mode,extract_background_mode,A_hat,sigma_A,Zhat,pull_param,Nsig_win,Nsig_train,success,nll,toy_mode,refit_gp_on_toy,refit_ok,refit_restarts,refit_optimize,refit_kernel_lock_mode,refit_lock_const_opt,refit_lock_ls_opt,refit_tail_alpha_scale,refit_tail_alpha_threshold,refit_tail_alpha_n_bins,refit_tail_alpha_max,refit_tail_alpha_mean,refit_fallback_used,refit_error,source_model,source_label,source_root,container,function_tag,toy_hist,toy_index
2015,0.045,9000000,0,0.0,0.0,26205.181122594466,37480.445488587146,26205.181122594466,matched_refit_bonly,1.0,,393718625.0,972252566.2295848,0.0023026304707412,0.0499034166704954,resolution_scaled_local,1.0,8.0,0.0499034166704954,0.3992273333639637,0.1411481773283406,0.142583710439939,20.688578562167972,0.1411481773283406,1.0,0.1411481773283406,1.0,0.9773923766036258,1.0,0.0226076233963742,0.0226076233963742,558,159,399,42,2.25,2.25,default,full,fixed_hist,profiled,5053.14490005087,26274.67266345209,0.1923199944210823,0.1923199944210823,0,0,True,-43849256.14935412,full_refit,True,1.0,0,True,none,,,0.0,0.0,0,1.0,1.0,False,,functional_form,fShiftSigPowTail,/Users/emryspeets/Desktop/gp_mods/funcform_studies/func_form_inputs/funcform_2015_dataset_mod_toys_2.root,fShiftSigPowTail,fShiftSigPowTail,fShiftSigPowTail_toy_9,9
2015,0.045,9000000,0,26205.181122594466,1.0,26205.181122594466,37480.445488587146,26205.181122594466,matched_refit_bonly,1.0,,393718625.0,972252566.2295848,0.0023026304707412,0.0499034166704954,resolution_scaled_local,1.0,8.0,0.0499034166704954,0.3992273333639637,0.1411481773283406,0.142583710439939,20.688578562167972,0.1411481773283406,1.0,0.1411481773283406,1.0,0.9773923766036258,1.0,0.0226076233963742,0.0226076233963742,558,159,399,42,2.25,2.25,default,full,fixed_hist,profiled,28040.558754837555,26491.530534591773,1.0584725830854926,0.0692816758868089,25324,573,True,-44140094.7617629,full_refit,True,1.0,0,True,none,,,0.0,0.0,0,1.0,1.0,False,,functional_form,fShiftSigPowTail,/Users/emryspeets/Desktop/gp_mods/funcform_studies/func_form_inputs/funcform_2015_dataset_mod_toys_2.root,fShiftSigPowTail,fShiftSigPowTail,fShiftSigPowTail_toy_9,9
2015,0.045,9000000,0,52410.36224518893,2.0,26205.181122594466,37480.445488587146,26205.181122594466,matched_refit_bonly,1.0,,393718625.0,972252566.2295848,0.0023026304707412,0.0499034166704954,resolution_scaled_local,1.0,8.0,0.0499034166704954,0.3992273333639637,0.1411481773283406,0.142583710439939,20.688578562167972,0.1411481773283406,1.0,0.1411481773283406,1.0,0.9773923766036258,1.0,0.0226076233963742,0.0226076233963742,558,159,399,42,2.25,2.25,default,full,fixed_hist,profiled,53528.27376858905,26632.527245742436,2.0098833758687418,0.0419754202477661,51144,1127,True,-44436826.38403149,full_refit,True,1.0,0,True,none,,,0.0,0.0,0,1.0,1.0,False,,functional_form,fShiftSigPowTail,/Users/emryspeets/Desktop/gp_mods/funcform_studies/func_form_inputs/funcform_2015_dataset_mod_toys_2.root,fShiftSigPowTail,fShiftSigPowTail,fShiftSigPowTail_toy_9,9
2015,0.045,9000000,0,78615.5433677834,3.0,26205.181122594466,37480.445488587146,26205.181122594466,matched_refit_bonly,1.0,,393718625.0,972252566.2295848,0.0023026304707412,0.0499034166704954,resolution_scaled_local,1.0,8.0,0.0499034166704954,0.3992273333639637,0.1411481773283406,0.142583710439939,20.688578562167972,0.1411481773283406,1.0,0.1411481773283406,1.0,0.9773923766036258,1.0,0.0226076233963742,0.0226076233963742,558,159,399,42,2.25,2.25,default,full,fixed_hist,profiled,77142.85904253977,26880.295558445505,2.869866474303044,-0.0547867608836957,76542,1821,True,-44728910.12484094,full_refit,True,1.0,0,True,none,,,0.0,0.0,0,1.0,1.0,False,,functional_form,fShiftSigPowTail,/Users/emryspeets/Desktop/gp_mods/funcform_studies/func_form_inputs/funcform_2015_dataset_mod_toys_2.root,fShiftSigPowTail,fShiftSigPowTail,fShiftSigPowTail_toy_9,9
2015,0.045,9000000,0,131025.90561297232,5.0,26205.181122594466,37480.445488587146,26205.181122594466,matched_refit_bonly,1.0,,393718625.0,972252566.2295848,0.0023026304707412,0.0499034166704954,resolution_scaled_local,1.0,8.0,0.0499034166704954,0.3992273333639637,0.1411481773283406,0.142583710439939,20.688578562167972,0.1411481773283406,1.0,0.1411481773283406,1.0,0.9773923766036258,1.0,0.0226076233963742,0.0226076233963742,558,159,399,42,2.25,2.25,default,full,fixed_hist,profiled,123020.1147804965,27221.62755927323,4.519204978197156,-0.2940966999509405,127869,2998,True,-45319963.26782248,full_refit,True,1.0,0,True,none,,,0.0,0.0,0,1.0,1.0,False,,functional_form,fShiftSigPowTail,/Users/emryspeets/Desktop/gp_mods/funcform_studies/func_form_inputs/funcform_2015_dataset_mod_toys_2.root,fShiftSigPowTail,fShiftSigPowTail,fShiftSigPowTail_toy_9,9
2015,0.075,9000000,0,0.0,0.0,4336.405880093721,5976.2084845923355,4336.405880093721,matched_refit_bonly,1.0,,17753846.153846137,73069197.93089184,0.0038992029867122,0.0506830127019153,resolution_scaled_local,1.0,8.0,0.0506830127019153,0.4054641016153226,0.143353207889953,0.145021338339013,20.845295079649556,0.143353207889953,1.0,0.143353207889953,1.0,0.9751707088987388,1.0,0.0248292911012613,0.0248292911012613,530,265,265,70,2.25,2.25,default,full,fixed_hist,profiled,-6196.946750164175,4318.865578595909,-1.4348552038470348,-1.4348552038470348,0,0,True,-2533993.995473071,full_refit,True,1.0,0,True,none,,,0.0,0.0,0,1.0,1.0,False,,functional_form,fShiftSigPowTail,/Users/emryspeets/Desktop/gp_mods/funcform_studies/func_form_inputs/funcform_2015_dataset_mod_toys_2.root,fShiftSigPowTail,fShiftSigPowTail,fShiftSigPowTail_toy_9,9
2015,0.075,9000000,0,4336.405880093721,1.0,4336.405880093721,5976.2084845923355,4336.405880093721,matched_refit_bonly,1.0,,17753846.153846137,73069197.93089184,0.0038992029867122,0.0506830127019153,resolution_scaled_local,1.0,8.0,0.0506830127019153,0.4054641016153226,0.143353207889953,0.145021338339013,20.845295079649556,0.143353207889953,1.0,0.143353207889953,1.0,0.9751707088987388,1.0,0.0248292911012613,0.0248292911012613,530,265,265,70,2.25,2.25,default,full,fixed_hist,profiled,-2664.324535961124,4384.611857297643,-0.6076534531846157,-1.596659098661834,4186,92,True,-2568844.0919976677,full_refit,True,1.0,0,True,none,,,0.0,0.0,0,1.0,1.0,False,,functional_form,fShiftSigPowTail,/Users/emryspeets/Desktop/gp_mods/funcform_studies/func_form_inputs/funcform_2015_dataset_mod_toys_2.root,fShiftSigPowTail,fShiftSigPowTail,fShiftSigPowTail_toy_9,9
2015,0.075,9000000,0,8672.811760187442,2.0,4336.405880093721,5976.2084845923355,4336.405880093721,matched_refit_bonly,1.0,,17753846.153846137,73069197.93089184,0.0038992029867122,0.0506830127019153,resolution_scaled_local,1.0,8.0,0.0506830127019153,0.4054641016153226,0.143353207889953,0.145021338339013,20.845295079649556,0.143353207889953,1.0,0.143353207889953,1.0,0.9751707088987388,1.0,0.0248292911012613,0.0248292911012613,530,265,265,70,2.25,2.25,default,full,fixed_hist,profiled,2236.6269985344175,4445.2946523251585,0.5031448246888485,-1.447864599546064,8751,216,True,-2606965.7154965247,full_refit,True,1.0,0,True,none,,,0.0,0.0,0,1.0,1.0,False,,functional_form,fShiftSigPowTail,/Users/emryspeets/Desktop/gp_mods/funcform_studies/func_form_inputs/funcform_2015_dataset_mod_toys_2.root,fShiftSigPowTail,fShiftSigPowTail,fShiftSigPowTail_toy_9,9
2015,0.075,9000000,0,13009.217640281164,3.0,4336.405880093721,5976.2084845923355,4336.405880093721,matched_refit_bonly,1.0,,17753846.153846137,73069197.93089184,0.0038992029867122,0.0506830127019153,resolution_scaled_local,1.0,8.0,0.0506830127019153,0.4054641016153226,0.143353207889953,0.145021338339013,20.845295079649556,0.143353207889953,1.0,0.143353207889953,1.0,0.9751707088987388,1.0,0.0248292911012613,0.0248292911012613,530,265,265,70,2.25,2.25,default,full,fixed_hist,profiled,4936.565316209624,4504.5924909703745,1.095896094065147,-1.792093810983674,12524,319,True,-2638471.97502265,full_refit,True,1.0,0,True,none,,,0.0,0.0,0,1.0,1.0,False,,functional_form,fShiftSigPowTail,/Users/emryspeets/Desktop/gp_mods/funcform_studies/func_form_inputs/funcform_2015_dataset_mod_toys_2.root,fShiftSigPowTail,fShiftSigPowTail,fShiftSigPowTail_toy_9,9
2015,0.075,9000000,0,21682.029400468604,5.0,4336.405880093721,5976.2084845923355,4336.405880093721,matched_refit_bonly,1.0,,17753846.153846137,73069197.93089184,0.0038992029867122,0.0506830127019153,resolution_scaled_local,1.0,8.0,0.0506830127019153,0.4054641016153226,0.143353207889953,0.145021338339013,20.845295079649556,0.143353207889953,1.0,0.143353207889953,1.0,0.9751707088987388,1.0,0.0248292911012613,0.0248292911012613,530,265,265,70,2.25,2.25,default,full,fixed_hist,profiled,11738.677323278427,4617.802294497392,2.5420484842467865,-2.153265004229122,21065,536,True,-2710284.6987174493,full_refit,True,1.0,0,True,none,,,0.0,0.0,0,1.0,1.0,False,,functional_form,fShiftSigPowTail,/Users/emryspeets/Desktop/gp_mods/funcform_studies/func_form_inputs/funcform_2015_dataset_mod_toys_2.root,fShiftSigPowTail,fShiftSigPowTail,fShiftSigPowTail_toy_9,9
2015,0.105,9000000,0,0.0,0.0,807.8492672469077,1312.2734564624045,807.8492672469077,matched_refit_bonly,1.0,,960378.3783783776,5533657.782897193,0.0054957755026832,0.0510169393245232,resolution_scaled_local,1.0,8.0,0.0510169393245232,0.4081355145961858,0.144297695007012,0.1485345791238915,21.006179911352636,0.144297695007012,1.0,0.144297695007012,1.0,0.9741850831277844,1.0,0.0258149168722154,0.0258149168722154,502,371,131,98,2.25,2.25,default,full,fixed_hist,profiled,-1564.9097213661423,798.6654222353551,-1.959405876100376,-1.959405876100376,0,0,True,-120725.96205070916,full_refit,True,1.0,0,True,none,,,0.0,0.0,0,1.0,1.0,False,,functional_form,fShiftSigPowTail,/Users/emryspeets/Desktop/gp_mods/funcform_studies/func_form_inputs/funcform_2015_dataset_mod_toys_2.root,fShiftSigPowTail,fShiftSigPowTail,fShiftSigPowTail_toy_9,9
2015,0.105,9000000,0,807.8492672469077,1.0,807.8492672469077,1312.2734564624045,807.8492672469077,matched_refit_bonly,1.0,,960378.3783783776,5533657.782897193,0.0054957755026832,0.0510169393245232,resolution_scaled_local,1.0,8.0,0.0510169393245232,0.4081355145961858,0.144297695007012,0.1485345791238915,21.006179911352636,0.144297695007012,1.0,0.144297695007012,1.0,0.9741850831277844,1.0,0.0258149168722154,0.0258149168722154,502,371,131,98,2.25,2.25,default,full,fixed_hist,profiled,-712.6931446876287,816.8698101467235,-0.872468459275802,-1.86142564340996,796,17,True,-125037.63010393022,full_refit,True,1.0,0,True,none,,,0.0,0.0,0,1.0,1.0,False,,functional_form,fShiftSigPowTail,/Users/emryspeets/Desktop/gp_mods/funcform_studies/func_form_inputs/funcform_2015_dataset_mod_toys_2.root,fShiftSigPowTail,fShiftSigPowTail,fShiftSigPowTail_toy_9,9
2015,0.105,9000000,0,1615.6985344938155,2.0,807.8492672469077,1312.2734564624045,807.8492672469077,matched_refit_bonly,1.0,,960378.3783783776,5533657.782897193,0.0054957755026832,0.0510169393245232,resolution_scaled_local,1.0,8.0,0.0510169393245232,0.4081355145961858,0.144297695007012,0.1485345791238915,21.006179911352636,0.144297695007012,1.0,0.144297695007012,1.0,0.9741850831277844,1.0,0.0258149168722154,0.0258149168722154,502,371,131,98,2.25,2.25,default,full,fixed_hist,profiled,-0.970187749765988,842.0686297548176,-0.001152148073784,-1.9198776264997568,1582,40,True,-129308.25124593232,full_refit,True,1.0,0,True,none,,,0.0,0.0,0,1.0,1.0,False,,functional_form,fShiftSigPowTail,/Users/emryspeets/Desktop/gp_mods/funcform_studies/func_form_inputs/funcform_2015_dataset_mod_toys_2.root,fShiftSigPowTail,fShiftSigPowTail,fShiftSigPowTail_toy_9,9
2015,0.105,9000000,0,2423.547801740723,3.0,807.8492672469077,1312.2734564624045,807.8492672469077,matched_refit_bonly,1.0,,960378.3783783776,5533657.782897193,0.0054957755026832,0.0510169393245232,resolution_scaled_local,1.0,8.0,0.0510169393245232,0.4081355145961858,0.144297695007012,0.1485345791238915,21.006179911352636,0.144297695007012,1.0,0.144297695007012,1.0,0.9741850831277844,1.0,0.0258149168722154,0.0258149168722154,502,371,131,98,2.25,2.25,default,full,fixed_hist,profiled,753.3469792218397,846.6142692743199,0.8898349656539278,-1.9728002268973155,2362,57,True,-133609.41417293806,full_refit,True,1.0,0,True,none,,,0.0,0.0,0,1.0,1.0,False,,functional_form,fShiftSigPowTail,/Users/emryspeets/Desktop/gp_mods/funcform_studies/func_form_inputs/funcform_2015_dataset_mod_toys_2.root,fShiftSigPowTail,fShiftSigPowTail,fShiftSigPowTail_toy_9,9
2015,0.105,9000000,0,4039.246336234539,5.0,807.8492672469077,1312.2734564624045,807.8492672469077,matched_refit_bonly,1.0,,960378.3783783776,5533657.782897193,0.0054957755026832,0.0510169393245232,resolution_scaled_local,1.0,8.0,0.0510169393245232,0.4081355145961858,0.144297695007012,0.1485345791238915,21.006179911352636,0.144297695007012,1.0,0.144297695007012,1.0,0.9741850831277844,1.0,0.0258149168722154,0.0258149168722154,502,371,131,98,2.25,2.25,default,full,fixed_hist,profiled,1956.725406384512,916.9755675979068,2.1338904497862643,-2.271075700855763,3821,109,True,-141715.03080786823,full_refit,True,1.0,0,True,none,,,0.0,0.0,0,1.0,1.0,False,,functional_form,fShiftSigPowTail,/Users/emryspeets/Desktop/gp_mods/funcform_studies/func_form_inputs/funcform_2015_dataset_mod_toys_2.root,fShiftSigPowTail,fShiftSigPowTail,fShiftSigPowTail_toy_9,9
