scenario,background_toy_index,mass_GeV,inj_nsigma,strength,role,attempt,optimizer_seed,optimizer_restarts,fit_ok,refit_fallback_used,error,gp_lml,gp_ls,gp_const,gp_const_lo,gp_const_hi,gp_ls_lo,gp_ls_hi,gp_ls_init,gp_const_init,sigma_A,sigmaA_reference,A_hat,Zhat,pull,amplitude_nll,n_blind,integral_density,A_per_eps2_unit,optimizer_warning_count,optimizer_warnings,n_train,n_train_low,n_train_high,train_domain_lo,train_domain_hi,bin_width_median,n_zero_train,min_y_train,max_y_train,training_counts_sha256,ls_at_lower,ls_at_upper,const_at_lower,const_at_upper,covariance_valid,covariance_min_eigenvalue,covariance_min_eigenvalue_relative
2021_10pct,-1,0.065,0.0,0.0,reference_bonly,0,2974518411,12,True,False,,1845.2078020304918,0.4143028888165573,115.77762853617146,1e-08,1e+18,0.03533208047215282,0.4818010973475384,0.1304723539415717,1.0,5736.486598818726,5738.0877086700775,-6736.258972972612,-1.174283048854287,-1.174283048854287,-196527977.81022426,16,1548353109.452468,3099298779.2062125,0,,400,32,368,0.04,0.3,0.0006250000000000006,0,4417.199496517762,1156661.8724927919,18c73080d40712450d2684be1a7264298f9d946ae67144b9b0f9981da5e085e8,False,False,False,False,True,-0.390571318428151,-1.4009220737989326e-06
2021_10pct,-1,0.065,0.0,0.0,reference_bonly,1,3938925134,12,True,False,,1845.207801916272,0.41430606559391225,115.79800953160661,1e-08,1e+18,0.03533208047215282,0.4818010973475384,0.1304723539415717,1.0,5736.483877234999,5738.084951070485,-6736.10873364696,-1.174257415832533,-1.174257415832533,-196527977.81023878,16,1548353109.452468,3099298779.2062125,0,,400,32,368,0.04,0.3,0.0006250000000000006,0,4417.199496517762,1156661.8724927919,18c73080d40712450d2684be1a7264298f9d946ae67144b9b0f9981da5e085e8,False,False,False,False,True,-0.414844015622958,-1.4879873168455836e-06
2021_10pct,-1,0.065,0.0,0.0,reference_bonly,2,3556428660,12,True,False,,1845.2078019345292,0.41430049105015,115.77692769305926,1e-08,1e+18,0.03533208047215282,0.4818010973475384,0.1304723539415717,1.0,5736.5037600327605,5738.1048575390605,-6736.180557328416,-1.1742658663035457,-1.1742658663035457,-196527977.8102302,16,1548353109.452468,3099298779.2062125,0,,400,32,368,0.04,0.3,0.0006250000000000006,0,4417.199496517762,1156661.8724927919,18c73080d40712450d2684be1a7264298f9d946ae67144b9b0f9981da5e085e8,False,False,False,False,True,-0.4015102468831048,-1.4401393588117939e-06
2021_10pct,-1,0.09,0.0,0.0,reference_bonly,0,3534439122,12,True,False,,1830.9047985457487,0.39802022814265037,85.75652311796803,1e-08,1e+18,0.02918815006379436,0.39802022814265037,0.10778438730842861,1.0,5586.273355392341,5586.851354984974,-2910.0369644604984,-0.5209263455844827,-0.5209263455844827,-248280831.35332435,18,1715348006.0543957,4754171337.8311,1,ConvergenceWarning: The optimal value found for dimension 0 of parameter k2__length_scale is close to the specified upper bound 0.39802022814265037. Increasing the bound and calling fit again may find a better value.,398,71,327,0.04,0.3,0.0006250000000000006,0,4417.199496517762,1156661.8724927919,fb8ee6183c71050e50202df4529e3905897dca5a6c3589f9fa04d1a9f13364af,False,True,False,False,True,-0.468571313461491,-3.356249595198653e-06
2021_10pct,-1,0.09,0.0,0.0,reference_bonly,1,235926540,12,True,False,,1830.9047985610969,0.39802022814265037,85.75002261965062,1e-08,1e+18,0.02918815006379436,0.39802022814265037,0.10778438730842861,1.0,5586.267429049704,5586.845445758418,-2910.1299520697307,-0.5209435439729353,-0.5209435439729353,-248280831.3533214,18,1715348006.0543957,4754171337.8311,1,ConvergenceWarning: The optimal value found for dimension 0 of parameter k2__length_scale is close to the specified upper bound 0.39802022814265037. Increasing the bound and calling fit again may find a better value.,398,71,327,0.04,0.3,0.0006250000000000006,0,4417.199496517762,1156661.8724927919,fb8ee6183c71050e50202df4529e3905897dca5a6c3589f9fa04d1a9f13364af,False,True,False,False,True,-0.4250480293929039,-3.0445195558511916e-06
2021_10pct,-1,0.09,0.0,0.0,reference_bonly,2,1229669303,12,True,False,,1830.9047984433173,0.39802022814265037,85.75242739738843,1e-08,1e+18,0.02918815006379436,0.39802022814265037,0.10778438730842861,1.0,5586.269793717645,5586.847804077461,-2910.0957258928665,-0.5209371966183192,-0.5209371966183192,-248280831.35332254,18,1715348006.0543957,4754171337.8311,1,ConvergenceWarning: The optimal value found for dimension 0 of parameter k2__length_scale is close to the specified upper bound 0.39802022814265037. Increasing the bound and calling fit again may find a better value.,398,71,327,0.04,0.3,0.0006250000000000006,0,4417.199496517762,1156661.8724927919,fb8ee6183c71050e50202df4529e3905897dca5a6c3589f9fa04d1a9f13364af,False,True,False,False,True,-0.4387597240988273,-3.14272674911533e-06
2021_10pct,-1,0.12,0.0,0.0,reference_bonly,0,2031275074,12,True,False,,1809.9119524058524,0.3606116126040492,55.38002804943066,1e-08,1e+18,0.026444851590963617,0.3606116126040493,0.09765408633176671,1.0,4566.731687868486,4566.9680981144775,-979.9063578492962,-0.2145749793999099,-0.2145749793999099,-170857300.95925495,22,1004523258.0192318,3712114132.412231,1,ConvergenceWarning: The optimal value found for dimension 0 of parameter k2__length_scale is close to the specified upper bound 0.3606116126040493. Increasing the bound and calling fit again may find a better value.,394,117,277,0.04,0.3,0.0006250000000000006,0,4417.199496517762,1156661.8724927919,b3f07f22fd8d0a40280e1069d4c975f82c46ad32dae449dfd8226d569b2584fd,False,True,False,False,True,-0.09263155624683792,-1.4937305016527179e-06
2021_10pct,-1,0.12,0.0,0.0,reference_bonly,1,80297678,12,True,False,,1809.911952365418,0.3606116126040492,55.382388564183856,1e-08,1e+18,0.026444851590963617,0.3606116126040493,0.09765408633176671,1.0,4566.733949097405,4566.970348733237,-979.8604645902464,-0.21456482368190324,-0.21456482368190324,-170857300.9592565,22,1004523258.0192318,3712114132.412231,1,ConvergenceWarning: The optimal value found for dimension 0 of parameter k2__length_scale is close to the specified upper bound 0.3606116126040493. Increasing the bound and calling fit again may find a better value.,394,117,277,0.04,0.3,0.0006250000000000006,0,4417.199496517762,1156661.8724927919,b3f07f22fd8d0a40280e1069d4c975f82c46ad32dae449dfd8226d569b2584fd,False,True,False,False,True,-0.097643570343861,-1.5745477523051893e-06
2021_10pct,-1,0.12,0.0,0.0,reference_bonly,2,2477995397,12,True,False,,1809.9119523726358,0.3606116126040492,55.38004957382682,1e-08,1e+18,0.026444851590963617,0.3606116126040493,0.09765408633176671,1.0,4566.73170325203,4566.968113406647,-979.9059590506765,-0.21457489135016902,-0.21457489135016902,-170857300.95925498,22,1004523258.0192318,3712114132.412231,1,ConvergenceWarning: The optimal value found for dimension 0 of parameter k2__length_scale is close to the specified upper bound 0.3606116126040493. Increasing the bound and calling fit again may find a better value.,394,117,277,0.04,0.3,0.0006250000000000006,0,4417.199496517762,1156661.8724927919,b3f07f22fd8d0a40280e1069d4c975f82c46ad32dae449dfd8226d569b2584fd,False,True,False,False,True,-0.07973234542575394,-1.2857243614853382e-06
2021_10pct,-1,0.18,0.0,0.0,reference_bonly,0,2220183195,12,True,False,,1777.0514701559227,0.36088211163409106,55.858448598934366,1e-08,1e+18,0.02646468818650001,0.360882111634091,0.09772733781538258,1.0,2586.0909006538327,2585.9062983193985,463.822973169403,0.17935292725098573,0.17935292725098573,-46926998.15760655,32,215435866.3868975,1194182192.1876762,1,ConvergenceWarning: The optimal value found for dimension 0 of parameter k2__length_scale is close to the specified upper bound 0.360882111634091. Increasing the bound and calling fit again may find a better value.,384,208,176,0.04,0.3,0.0006250000000000006,0,4417.199496517762,1156661.8724927919,8f97df39e70c0807b0b910cd6a4fb41f52d2208f273d9baff7a1f4ca07121f36,False,True,False,False,True,-0.005218972854788232,-5.652755408352505e-07
2021_10pct,-1,0.18,0.0,0.0,reference_bonly,1,38912765,12,True,False,,1777.0514702433788,0.36088211163409106,55.85799189223024,1e-08,1e+18,0.02646468818650001,0.360882111634091,0.09772733781538258,1.0,2586.0906506616675,2585.9060470250565,463.8263320678196,0.17935424342110617,0.17935424342110617,-46926998.15760636,32,215435866.3868975,1194182192.1876762,1,ConvergenceWarning: The optimal value found for dimension 0 of parameter k2__length_scale is close to the specified upper bound 0.360882111634091. Increasing the bound and calling fit again may find a better value.,384,208,176,0.04,0.3,0.0006250000000000006,0,4417.199496517762,1156661.8724927919,8f97df39e70c0807b0b910cd6a4fb41f52d2208f273d9baff7a1f4ca07121f36,False,True,False,False,True,-0.004843642558353141,-5.246231262209907e-07
2021_10pct,-1,0.18,0.0,0.0,reference_bonly,2,1909881191,12,True,False,,1777.0514701455127,0.36088211163409106,55.858468696411215,1e-08,1e+18,0.02646468818650001,0.360882111634091,0.09772733781538258,1.0,2586.0909128600088,2585.9063105817904,463.8228263545757,0.179352869633506,0.179352869633506,-46926998.15760655,32,215435866.3868975,1194182192.1876762,1,ConvergenceWarning: The optimal value found for dimension 0 of parameter k2__length_scale is close to the specified upper bound 0.360882111634091. Increasing the bound and calling fit again may find a better value.,384,208,176,0.04,0.3,0.0006250000000000006,0,4417.199496517762,1156661.8724927919,8f97df39e70c0807b0b910cd6a4fb41f52d2208f273d9baff7a1f4ca07121f36,False,True,False,False,True,-0.004750298621326799,-5.145126630984603e-07
2021_10pct,-1,0.21,0.0,0.0,reference_bonly,0,2828857106,12,True,False,,1764.1786530947136,0.3771185154055612,64.61657987645692,1e-08,1e+18,0.027655357796407824,0.3771185154055612,0.10212417674180257,1.0,1935.6846010649197,1935.9614028780093,-521.3066007808168,-0.2693138130530249,-0.2693138130530249,-22778915.754593197,38,94995527.82149634,614331144.0748372,1,ConvergenceWarning: The optimal value found for dimension 0 of parameter k2__length_scale is close to the specified upper bound 0.3771185154055612. Increasing the bound and calling fit again may find a better value.,378,253,125,0.04,0.3,0.0006250000000000006,0,4417.199496517762,1156661.8724927919,9d941607506850ae5761f4104e2d68375551b025bf908ff4c20f2aed6dcdccff,False,True,False,False,True,-0.0015819593254924585,-4.188435721853209e-07
2021_10pct,-1,0.21,0.0,0.0,reference_bonly,1,2321365938,12,True,False,,1764.1786532018361,0.3771185154055612,64.62938994017011,1e-08,1e+18,0.027655357796407824,0.3771185154055612,0.10212417674180257,1.0,1935.6911838998728,1935.9679734471947,-521.2814451157575,-0.2692999014778391,-0.2692999014778391,-22778915.754597202,38,94995527.82149634,614331144.0748372,3,"ConvergenceWarning: lbfgs failed to converge (status=2):
ABNORMAL_TERMINATION_IN_LNSRCH.

Increase the number of iterations (max_iter) or scale the data as shown in:
    https://scikit-learn.org/stable/modules/preprocessing.html | ConvergenceWarning: lbfgs failed to converge (status=2):
ABNORMAL_TERMINATION_IN_LNSRCH.

Increase the number of iterations (max_iter) or scale the data as shown in:
    https://scikit-learn.org/stable/modules/preprocessing.html | ConvergenceWarning: The optimal value found for dimension 0 of parameter k2__length_scale is close to the specified upper bound 0.3771185154055612. Increasing the bound and calling fit again may find a better value.",378,253,125,0.04,0.3,0.0006250000000000006,0,4417.199496517762,1156661.8724927919,9d941607506850ae5761f4104e2d68375551b025bf908ff4c20f2aed6dcdccff,False,True,False,False,True,-0.0015535178464571703,-4.113088305452743e-07
2021_10pct,-1,0.21,0.0,0.0,reference_bonly,2,2639826784,12,True,False,,1764.178653187708,0.3771185154055612,64.62502764015333,1e-08,1e+18,0.027655357796407824,0.3771185154055612,0.10212417674180257,1.0,1935.68893784076,1935.9657315646832,-521.290007128894,-0.26930463719567843,-0.26930463719567843,-22778915.75459583,38,94995527.82149634,614331144.0748372,1,ConvergenceWarning: The optimal value found for dimension 0 of parameter k2__length_scale is close to the specified upper bound 0.3771185154055612. Increasing the bound and calling fit again may find a better value.,378,253,125,0.04,0.3,0.0006250000000000006,0,4417.199496517762,1156661.8724927919,9d941607506850ae5761f4104e2d68375551b025bf908ff4c20f2aed6dcdccff,False,True,False,False,True,-0.0015691049795167936,-4.1543721634256154e-07
2021_10pct_x10,-1,0.065,0.0,0.0,reference_bonly,0,2796208441,12,True,False,,2278.664831746323,0.39379936305080504,246.33813040252053,1e-08,1e+18,0.03533208047215282,0.4818010973475384,0.1304723539415717,1.0,19833.25332809142,19833.549705845602,-2536.3138668178717,-0.12788188729609418,-0.12788188729609418,-2319353348.372934,16,15483531094.524681,30992987792.062126,0,,400,32,368,0.04,0.3,0.0006250000000000006,0,44171.994965177626,11566618.724927917,b11891bae9e655ef88320010b93c5d216ffef7deaf9dfba18921efadb22d96b0,False,False,False,False,True,-72.03973605967327,-1.7618801532717863e-05
2021_10pct_x10,-1,0.065,0.0,0.0,reference_bonly,1,2597431084,12,True,False,,2278.6648320017275,0.39384846151350117,246.59527509726988,1e-08,1e+18,0.03533208047215282,0.4818010973475384,0.1304723539415717,1.0,19832.475571052873,19832.77321516322,-2553.3637259117427,-0.1287465962967622,-0.1287465962967622,-2319353348.3728437,16,15483531094.524681,30992987792.062126,0,,400,32,368,0.04,0.3,0.0006250000000000006,0,44171.994965177626,11566618.724927917,b11891bae9e655ef88320010b93c5d216ffef7deaf9dfba18921efadb22d96b0,False,False,False,False,True,-70.74361789611173,-1.7304717995791835e-05
2021_10pct_x10,-1,0.065,0.0,0.0,reference_bonly,2,3871835262,12,True,False,,2278.6648338069244,0.3938513890826118,246.59133578979382,1e-08,1e+18,0.03533208047215282,0.4818010973475384,0.1304723539415717,1.0,19832.39979400107,19832.697568224252,-2555.0595494449067,-0.12883259595330285,-0.12883259595330285,-2319353348.372826,16,15483531094.524681,30992987792.062126,0,,400,32,368,0.04,0.3,0.0006250000000000006,0,44171.994965177626,11566618.724927917,b11891bae9e655ef88320010b93c5d216ffef7deaf9dfba18921efadb22d96b0,False,False,False,False,True,-47.66893883592876,-1.1660523624857338e-05
2021_10pct_x10,-1,0.09,0.0,0.0,reference_bonly,0,645151515,12,True,False,,2262.968267576548,0.3920393593487049,240.47220691539925,1e-08,1e+18,0.02918815006379436,0.39802022814265037,0.10778438730842861,1.0,18414.909337846737,18414.67342045408,3893.5761277959396,0.21143607369240608,0.21143607369240608,-2926515899.5444827,18,17153480060.543957,47541713378.311005,0,,398,71,327,0.04,0.3,0.0006250000000000006,0,44171.994965177626,11566618.724927917,b045efa05d1dacbe80878db1674f4e336f5d0ab055a2ac0a98e3d418881e4c8b,False,False,False,False,True,-83.02378073506176,-4.838204358598023e-05
2021_10pct_x10,-1,0.09,0.0,0.0,reference_bonly,1,2719945109,12,True,False,,2262.9682704486513,0.39202762974966615,240.42737103049106,1e-08,1e+18,0.02918815006379436,0.39802022814265037,0.10778438730842861,1.0,18415.120687571834,18414.884619968798,3895.962706872585,0.2115632459309337,0.2115632459309337,-2926515899.544482,18,17153480060.543957,47541713378.311005,0,,398,71,327,0.04,0.3,0.0006250000000000006,0,44171.994965177626,11566618.724927917,b045efa05d1dacbe80878db1674f4e336f5d0ab055a2ac0a98e3d418881e4c8b,False,False,False,False,True,-92.5964766102806,-5.395779437463225e-05
2021_10pct_x10,-1,0.09,0.0,0.0,reference_bonly,2,2166165748,12,True,False,,2262.9682695807396,0.3920460631098919,240.55010719526823,1e-08,1e+18,0.02918815006379436,0.39802022814265037,0.10778438730842861,1.0,18414.872733022577,18414.636873633644,3892.6537300161676,0.21138640415557386,0.21138640415557386,-2926515899.544486,18,17153480060.543957,47541713378.311005,1,"ConvergenceWarning: lbfgs failed to converge (status=2):
ABNORMAL_TERMINATION_IN_LNSRCH.

Increase the number of iterations (max_iter) or scale the data as shown in:
    https://scikit-learn.org/stable/modules/preprocessing.html",398,71,327,0.04,0.3,0.0006250000000000006,0,44171.994965177626,11566618.724927917,b045efa05d1dacbe80878db1674f4e336f5d0ab055a2ac0a98e3d418881e4c8b,False,False,False,False,True,-98.08956811888807,-5.7161618325707595e-05
2021_10pct_x10,-1,0.12,0.0,0.0,reference_bonly,0,3374672705,12,True,False,,2238.505591645077,0.3606116126040492,105.467521006804,1e-08,1e+18,0.026444851590963617,0.3606116126040493,0.09765408633176671,1.0,14893.631249315755,14893.288777162266,4557.754468563445,0.306020364830292,0.306020364830292,-2026993057.3937523,22,10045232580.19232,37121141324.122314,1,ConvergenceWarning: The optimal value found for dimension 0 of parameter k2__length_scale is close to the specified upper bound 0.3606116126040493. Increasing the bound and calling fit again may find a better value.,394,117,277,0.04,0.3,0.0006250000000000006,0,44171.994965177626,11566618.724927917,a225b514fa36e9b9510dab770815eb62f1a846d75b3d1c49a3dd3578b18a4e68,False,True,False,False,True,-17.022378058760488,-2.363707010473849e-05
2021_10pct_x10,-1,0.12,0.0,0.0,reference_bonly,1,2647753944,12,True,False,,2238.5055905627573,0.3606116126040492,105.4388110287587,1e-08,1e+18,0.026444851590963617,0.3606116126040493,0.09765408633176671,1.0,14893.591836322785,14893.249351631448,4557.950742450759,0.30603435306550697,0.30603435306550697,-2026993057.3937516,22,10045232580.19232,37121141324.122314,1,ConvergenceWarning: The optimal value found for dimension 0 of parameter k2__length_scale is close to the specified upper bound 0.3606116126040493. Increasing the bound and calling fit again may find a better value.,394,117,277,0.04,0.3,0.0006250000000000006,0,44171.994965177626,11566618.724927917,a225b514fa36e9b9510dab770815eb62f1a846d75b3d1c49a3dd3578b18a4e68,False,True,False,False,True,-22.1311975114059,-3.0731588815394386e-05
2021_10pct_x10,-1,0.12,0.0,0.0,reference_bonly,2,167776303,12,True,False,,2238.5055925835204,0.3606116126040492,105.4448389681124,1e-08,1e+18,0.026444851590963617,0.3606116126040493,0.09765408633176671,1.0,14893.599931663019,14893.25744934975,4557.910781170677,0.30603150360449766,0.30603150360449766,-2026993057.3937511,22,10045232580.19232,37121141324.122314,1,ConvergenceWarning: The optimal value found for dimension 0 of parameter k2__length_scale is close to the specified upper bound 0.3606116126040493. Increasing the bound and calling fit again may find a better value.,394,117,277,0.04,0.3,0.0006250000000000006,0,44171.994965177626,11566618.724927917,a225b514fa36e9b9510dab770815eb62f1a846d75b3d1c49a3dd3578b18a4e68,False,True,False,False,True,-18.82719933730803,-2.6143558798096422e-05
2021_10pct_x10,-1,0.18,0.0,0.0,reference_bonly,0,546412191,12,True,False,,2194.174893827067,0.36088211163409106,106.29776120609604,1e-08,1e+18,0.02646468818650001,0.360882111634091,0.09772733781538258,1.0,8409.557860846859,8409.960951040104,-3148.565731694819,-0.37440324257163177,-0.37440324257163177,-569057235.156039,32,2154358663.8689747,11941821921.87676,1,ConvergenceWarning: The optimal value found for dimension 0 of parameter k2__length_scale is close to the specified upper bound 0.360882111634091. Increasing the bound and calling fit again may find a better value.,384,208,176,0.04,0.3,0.0006250000000000006,0,44171.994965177626,11566618.724927917,d53cbae844823debf0dfe0b762cadceb62cfcb604fb32fc3bfb7b437546fc018,False,True,False,False,True,-0.9615605688742328,-9.121842500974589e-06
2021_10pct_x10,-1,0.18,0.0,0.0,reference_bonly,1,1433567470,12,True,False,,2194.174895047285,0.36088211163409106,106.2975085006837,1e-08,1e+18,0.02646468818650001,0.360882111634091,0.09772733781538258,1.0,8409.55768987785,8409.960780077088,-3148.5665927586792,-0.3744033525744696,-0.3744033525744696,-569057235.156039,32,2154358663.8689747,11941821921.87676,1,ConvergenceWarning: The optimal value found for dimension 0 of parameter k2__length_scale is close to the specified upper bound 0.360882111634091. Increasing the bound and calling fit again may find a better value.,384,208,176,0.04,0.3,0.0006250000000000006,0,44171.994965177626,11566618.724927917,d53cbae844823debf0dfe0b762cadceb62cfcb604fb32fc3bfb7b437546fc018,False,True,False,False,True,-0.9478551200834991,-8.9918317776251e-06
2021_10pct_x10,-1,0.18,0.0,0.0,reference_bonly,2,3484004388,12,True,False,,2194.1748969301275,0.36088211163409106,106.29758011596051,1e-08,1e+18,0.02646468818650001,0.360882111634091,0.09772733781538258,1.0,8409.558457668312,8409.961547734769,-3148.5658559258313,-0.37440323077304855,-0.37440323077304855,-569057235.156039,32,2154358663.8689747,11941821921.87676,1,ConvergenceWarning: The optimal value found for dimension 0 of parameter k2__length_scale is close to the specified upper bound 0.360882111634091. Increasing the bound and calling fit again may find a better value.,384,208,176,0.04,0.3,0.0006250000000000006,0,44171.994965177626,11566618.724927917,d53cbae844823debf0dfe0b762cadceb62cfcb604fb32fc3bfb7b437546fc018,False,True,False,False,True,-0.877379692720191,-8.32325800712252e-06
2021_10pct_x10,-1,0.21,0.0,0.0,reference_bonly,0,3909695294,12,True,False,,2174.2472676818406,0.3771185154055612,157.26803242464194,1e-08,1e+18,0.027655357796407824,0.3771185154055612,0.10212417674180257,1.0,6345.083767445204,6344.762721235599,1836.61428506086,0.28945469474871216,0.28945469474871216,-280148980.4957318,38,949955278.2149634,6143311440.748373,1,ConvergenceWarning: The optimal value found for dimension 0 of parameter k2__length_scale is close to the specified upper bound 0.3771185154055612. Increasing the bound and calling fit again may find a better value.,378,253,125,0.04,0.3,0.0006250000000000006,0,44171.994965177626,11566618.724927917,54f4f95309d7c14e86049ac32f294af9f91049cd49e6ec1a91716d755d972726,False,True,False,False,True,-0.353138137721439,-8.200115704903811e-06
2021_10pct_x10,-1,0.21,0.0,0.0,reference_bonly,1,2205520079,12,True,False,,2174.247270635958,0.3771185154055612,157.26755048403444,1e-08,1e+18,0.027655357796407824,0.3771185154055612,0.10212417674180257,1.0,6345.083878517335,6344.7628327426555,1836.6116836452961,0.28945427969258936,0.28945427969258936,-280148980.49573183,38,949955278.2149634,6143311440.748373,2,"ConvergenceWarning: lbfgs failed to converge (status=2):
ABNORMAL_TERMINATION_IN_LNSRCH.

Increase the number of iterations (max_iter) or scale the data as shown in:
    https://scikit-learn.org/stable/modules/preprocessing.html | ConvergenceWarning: The optimal value found for dimension 0 of parameter k2__length_scale is close to the specified upper bound 0.3771185154055612. Increasing the bound and calling fit again may find a better value.",378,253,125,0.04,0.3,0.0006250000000000006,0,44171.994965177626,11566618.724927917,54f4f95309d7c14e86049ac32f294af9f91049cd49e6ec1a91716d755d972726,False,True,False,False,True,-0.3641896297470828,-8.456747434281138e-06
2021_10pct_x10,-1,0.21,0.0,0.0,reference_bonly,2,239799391,12,True,False,,2174.2472709827384,0.3771185154055612,157.2973340072568,1e-08,1e+18,0.027655357796407824,0.3771185154055612,0.10212417674180257,1.0,6345.093231783246,6344.7721589220255,1836.7671164111366,0.28947834953954266,0.28947834953954266,-280148980.4957298,38,949955278.2149634,6143311440.748373,2,"ConvergenceWarning: lbfgs failed to converge (status=2):
ABNORMAL_TERMINATION_IN_LNSRCH.

Increase the number of iterations (max_iter) or scale the data as shown in:
    https://scikit-learn.org/stable/modules/preprocessing.html | ConvergenceWarning: The optimal value found for dimension 0 of parameter k2__length_scale is close to the specified upper bound 0.3771185154055612. Increasing the bound and calling fit again may find a better value.",378,253,125,0.04,0.3,0.0006250000000000006,0,44171.994965177626,11566618.724927917,54f4f95309d7c14e86049ac32f294af9f91049cd49e6ec1a91716d755d972726,False,True,False,False,True,-0.37872697133261535,-8.794254628869758e-06
2021_1pct_x10,-1,0.065,0.0,0.0,reference_bonly,0,2348282881,12,True,False,,1822.1581879384896,0.41330391904787944,108.58323552520159,1e-08,1e+18,0.03533208047215282,0.4818010973475384,0.1304723539415717,1.0,5383.450221552023,5385.005412537611,-6180.818259446397,-1.1481146857645683,-1.1481146857645683,-172313553.76563072,16,1370652652.2980893,2743600323.4981937,0,,400,32,368,0.04,0.3,0.0006250000000000006,0,3910.2490050043175,1023914.7993218066,0d768a48ec978d5ca44d6e20bf6cec8cead41623d171ac7de330638712af5ed5,False,False,False,False,True,-0.264817537741897,-1.0851727380709473e-06
2021_1pct_x10,-1,0.065,0.0,0.0,reference_bonly,1,2240128568,12,True,False,,1822.1581880722808,0.41330309656844627,108.57311252084888,1e-08,1e+18,0.03533208047215282,0.4818010973475384,0.1304723539415717,1.0,5383.441187089376,5384.996402702131,-6180.914170262196,-1.148134428418263,-1.148134428418263,-172313553.76562092,16,1370652652.2980893,2743600323.4981937,0,,400,32,368,0.04,0.3,0.0006250000000000006,0,3910.2490050043175,1023914.7993218066,0d768a48ec978d5ca44d6e20bf6cec8cead41623d171ac7de330638712af5ed5,False,False,False,False,True,-0.19415222173760996,-7.956024597667574e-07
2021_1pct_x10,-1,0.065,0.0,0.0,reference_bonly,2,1521715286,12,True,False,,1822.1581880332149,0.4133034686280782,108.5752473717085,1e-08,1e+18,0.03533208047215282,0.4818010973475384,0.1304723539415717,1.0,5383.445224301801,5385.000433493219,-6180.899559226256,-1.1481308533287584,-1.1481308533287584,-172313553.7656227,16,1370652652.2980893,2743600323.4981937,0,,400,32,368,0.04,0.3,0.0006250000000000006,0,3910.2490050043175,1023914.7993218066,0d768a48ec978d5ca44d6e20bf6cec8cead41623d171ac7de330638712af5ed5,False,False,False,False,True,-0.25071831217715035,-1.0274009063276796e-06
2021_1pct_x10,-1,0.09,0.0,0.0,reference_bonly,0,266069537,12,True,False,,1808.0476811438566,0.39802022814265037,82.05584004433946,1e-08,1e+18,0.02918815006379436,0.39802022814265037,0.10778438730842861,1.0,5244.393489520772,5244.9724679985875,-2756.2185488574164,-0.5255552533128626,-0.5255552533128626,-217706783.58847558,18,1518481979.1811657,4208547464.9784937,1,ConvergenceWarning: The optimal value found for dimension 0 of parameter k2__length_scale is close to the specified upper bound 0.39802022814265037. Increasing the bound and calling fit again may find a better value.,398,71,327,0.04,0.3,0.0006250000000000006,0,3910.2490050043175,1023914.7993218066,70ce41f04a6b61a7d9fc096377cc2b5d555c9efafaa791907db8ecf0a4e7262e,False,True,False,False,True,-0.3798634389298306,-3.1068748401755227e-06
2021_1pct_x10,-1,0.09,0.0,0.0,reference_bonly,1,2946109171,12,True,False,,1808.0476810533128,0.39802022814265037,82.05641095587414,1e-08,1e+18,0.02918815006379436,0.39802022814265037,0.10778438730842861,1.0,5244.393690479384,5244.972667508195,-2756.2107286453083,-0.5255537420176719,-0.5255537420176719,-217706783.58847576,18,1518481979.1811657,4208547464.9784937,1,ConvergenceWarning: The optimal value found for dimension 0 of parameter k2__length_scale is close to the specified upper bound 0.39802022814265037. Increasing the bound and calling fit again may find a better value.,398,71,327,0.04,0.3,0.0006250000000000006,0,3910.2490050043175,1023914.7993218066,70ce41f04a6b61a7d9fc096377cc2b5d555c9efafaa791907db8ecf0a4e7262e,False,True,False,False,True,-0.41231483430951577,-3.37229093123497e-06
2021_1pct_x10,-1,0.09,0.0,0.0,reference_bonly,2,3902090925,12,True,False,,1808.0476813051077,0.39802022814265037,82.05547227040118,1e-08,1e+18,0.02918815006379436,0.39802022814265037,0.10778438730842861,1.0,5244.393456339671,5244.972435729456,-2756.2233415602504,-0.5255561705097465,-0.5255561705097465,-217706783.5884754,18,1518481979.1811657,4208547464.9784937,1,ConvergenceWarning: The optimal value found for dimension 0 of parameter k2__length_scale is close to the specified upper bound 0.39802022814265037. Increasing the bound and calling fit again may find a better value.,398,71,327,0.04,0.3,0.0006250000000000006,0,3910.2490050043175,1023914.7993218066,70ce41f04a6b61a7d9fc096377cc2b5d555c9efafaa791907db8ecf0a4e7262e,False,True,False,False,True,-0.2663849334410937,-2.1787428109293104e-06
2021_1pct_x10,-1,0.12,0.0,0.0,reference_bonly,0,925074722,12,True,False,,1787.2220265375668,0.3606116126040492,52.57450135547037,1e-08,1e+18,0.026444851590963617,0.3606116126040493,0.09765408633176671,1.0,4288.183702272019,4288.446043903148,-1033.7216314993343,-0.24106281429865864,-0.24106281429865864,-149756129.33110902,22,889236737.7271347,3286084453.321685,1,ConvergenceWarning: The optimal value found for dimension 0 of parameter k2__length_scale is close to the specified upper bound 0.3606116126040493. Increasing the bound and calling fit again may find a better value.,394,117,277,0.04,0.3,0.0006250000000000006,0,3910.2490050043175,1023914.7993218066,88e0e71232ccee0ac9186f0ade3d972e396031f179b4101e642d87f538a02e76,False,True,False,False,True,-0.07289920247299163,-1.3421897105816643e-06
2021_1pct_x10,-1,0.12,0.0,0.0,reference_bonly,1,3402125152,12,True,False,,1787.2220264739508,0.3606116126040492,52.574473597533014,1e-08,1e+18,0.026444851590963617,0.3606116126040493,0.09765408633176671,1.0,4288.18365531815,4288.44599706794,-1033.7221309977274,-0.24106293342070798,-0.24106293342070798,-149756129.33110902,22,889236737.7271347,3286084453.321685,1,ConvergenceWarning: The optimal value found for dimension 0 of parameter k2__length_scale is close to the specified upper bound 0.3606116126040493. Increasing the bound and calling fit again may find a better value.,394,117,277,0.04,0.3,0.0006250000000000006,0,3910.2490050043175,1023914.7993218066,88e0e71232ccee0ac9186f0ade3d972e396031f179b4101e642d87f538a02e76,False,True,False,False,True,-0.06584053296036219,-1.2122284868224305e-06
2021_1pct_x10,-1,0.12,0.0,0.0,reference_bonly,2,2939360842,12,True,False,,1787.2220265562714,0.3606116126040492,52.574430005819465,1e-08,1e+18,0.026444851590963617,0.3606116126040493,0.09765408633176671,1.0,4288.183564891052,4288.445906834138,-1033.722882610346,-0.24106311377941428,-0.24106311377941428,-149756129.331109,22,889236737.7271347,3286084453.321685,2,"ConvergenceWarning: lbfgs failed to converge (status=2):
ABNORMAL_TERMINATION_IN_LNSRCH.

Increase the number of iterations (max_iter) or scale the data as shown in:
    https://scikit-learn.org/stable/modules/preprocessing.html | ConvergenceWarning: The optimal value found for dimension 0 of parameter k2__length_scale is close to the specified upper bound 0.3606116126040493. Increasing the bound and calling fit again may find a better value.",394,117,277,0.04,0.3,0.0006250000000000006,0,3910.2490050043175,1023914.7993218066,88e0e71232ccee0ac9186f0ade3d972e396031f179b4101e642d87f538a02e76,False,True,False,False,True,-0.06989726660367082,-1.286919318956511e-06
2021_1pct_x10,-1,0.18,0.0,0.0,reference_bonly,0,791373622,12,True,False,,1754.9674582952598,0.36088211163409106,53.07373236371468,1e-08,1e+18,0.02646468818650001,0.360882111634091,0.09772733781538258,1.0,2427.898354495858,2427.700192331498,470.2651634136896,0.19369227815607545,0.19369227815607545,-41073640.60663637,32,190710852.6218274,1057129009.5629393,1,ConvergenceWarning: The optimal value found for dimension 0 of parameter k2__length_scale is close to the specified upper bound 0.360882111634091. Increasing the bound and calling fit again may find a better value.,384,208,176,0.04,0.3,0.0006250000000000006,0,3910.2490050043175,1023914.7993218066,05ae34482a15a03e8ca7c161235306a121c4df03dcbd614aa8c28591835b5ac5,False,True,False,False,True,-0.0033949347004275116,-4.1876462127510625e-07
2021_1pct_x10,-1,0.18,0.0,0.0,reference_bonly,1,3447792980,12,True,False,,1754.967458277542,0.36088211163409106,53.07503449084831,1e-08,1e+18,0.02646468818650001,0.360882111634091,0.09772733781538258,1.0,2427.899114037894,2427.7009552398363,470.2569279826421,0.19368882556266812,0.19368882556266812,-41073640.606636904,32,190710852.6218274,1057129009.5629393,1,ConvergenceWarning: The optimal value found for dimension 0 of parameter k2__length_scale is close to the specified upper bound 0.360882111634091. Increasing the bound and calling fit again may find a better value.,384,208,176,0.04,0.3,0.0006250000000000006,0,3910.2490050043175,1023914.7993218066,05ae34482a15a03e8ca7c161235306a121c4df03dcbd614aa8c28591835b5ac5,False,True,False,False,True,-0.0037259466734483513,-4.595943422646797e-07
2021_1pct_x10,-1,0.18,0.0,0.0,reference_bonly,2,573107665,12,True,False,,1754.96745822397,0.36088211163409106,53.07381294586161,1e-08,1e+18,0.02646468818650001,0.360882111634091,0.09772733781538258,1.0,2427.89840522975,2427.7002432730987,470.2646526986823,0.19369206375593032,0.19369206375593032,-41073640.60663641,32,190710852.6218274,1057129009.5629393,1,ConvergenceWarning: The optimal value found for dimension 0 of parameter k2__length_scale is close to the specified upper bound 0.360882111634091. Increasing the bound and calling fit again may find a better value.,384,208,176,0.04,0.3,0.0006250000000000006,0,3910.2490050043175,1023914.7993218066,05ae34482a15a03e8ca7c161235306a121c4df03dcbd614aa8c28591835b5ac5,False,True,False,False,True,-0.00341341427543285,-4.210440588684126e-07
2021_1pct_x10,-1,0.21,0.0,0.0,reference_bonly,0,1731960408,12,True,False,,1742.5268701890498,0.3771185154055612,61.3015033260291,1e-08,1e+18,0.027655357796407824,0.3771185154055612,0.10212417674180257,1.0,1815.6906230762434,1815.9584523588562,-476.2249621251435,-0.2622830982727095,-0.2622830982727095,-19919246.62429826,38,84093138.29649268,543825957.318778,1,ConvergenceWarning: The optimal value found for dimension 0 of parameter k2__length_scale is close to the specified upper bound 0.3771185154055612. Increasing the bound and calling fit again may find a better value.,378,253,125,0.04,0.3,0.0006250000000000006,0,3910.2490050043175,1023914.7993218066,b036ce5eef8b39979675ac10682c02acb6735aa54fc35e288f25310541cf7828,False,True,False,False,True,-0.0007446314591387919,-2.2493028389192176e-07
2021_1pct_x10,-1,0.21,0.0,0.0,reference_bonly,1,1296446769,12,True,False,,1742.5268702521805,0.3771185154055612,61.30071476752145,1e-08,1e+18,0.027655357796407824,0.3771185154055612,0.10212417674180257,1.0,1815.690209233014,1815.9580389709577,-476.2258913539207,-0.2622836698310383,-0.2622836698310383,-19919246.624298077,38,84093138.29649268,543825957.318778,1,ConvergenceWarning: The optimal value found for dimension 0 of parameter k2__length_scale is close to the specified upper bound 0.3771185154055612. Increasing the bound and calling fit again may find a better value.,378,253,125,0.04,0.3,0.0006250000000000006,0,3910.2490050043175,1023914.7993218066,b036ce5eef8b39979675ac10682c02acb6735aa54fc35e288f25310541cf7828,False,True,False,False,True,-0.0008664695676291638,-2.617340221615205e-07
2021_1pct_x10,-1,0.21,0.0,0.0,reference_bonly,2,1941392768,12,True,False,,1742.5268701987327,0.3771185154055612,61.301823663863935,1e-08,1e+18,0.027655357796407824,0.3771185154055612,0.10212417674180257,1.0,1815.6907907981965,1815.9586198983238,-476.22459055129696,-0.2622828693986731,-0.2622828693986731,-19919246.62429833,38,84093138.29649268,543825957.318778,1,ConvergenceWarning: The optimal value found for dimension 0 of parameter k2__length_scale is close to the specified upper bound 0.3771185154055612. Increasing the bound and calling fit again may find a better value.,378,253,125,0.04,0.3,0.0006250000000000006,0,3910.2490050043175,1023914.7993218066,b036ce5eef8b39979675ac10682c02acb6735aa54fc35e288f25310541cf7828,False,True,False,False,True,-0.0007916117914192979,-2.3912152110654584e-07
2021_1pct_x100,-1,0.065,0.0,0.0,reference_bonly,0,258242656,12,True,False,,2255.5837877485696,0.3930733671378073,232.60285234846648,1e-08,1e+18,0.03533208047215282,0.4818010973475384,0.1304723539415717,1.0,18632.893319869312,18633.268649501497,-3330.350672538174,-0.1787350260298454,-0.1787350260298454,-2036573005.8370461,16,13706526522.980892,27436003234.981937,0,,400,32,368,0.04,0.3,0.0006250000000000006,0,39102.490050043176,10239147.993218066,24d09151c62e8c725f0b8a0d701af29a2cecc89c5fe807cc44ee63a33bbd9bb4,False,False,False,False,True,-55.95078572751279,-1.555826400320896e-05
2021_1pct_x100,-1,0.065,0.0,0.0,reference_bonly,1,41230851,12,True,False,,2255.583787086851,0.3930639515107219,232.58071700884022,1e-08,1e+18,0.03533208047215282,0.4818010973475384,0.1304723539415717,1.0,18633.06704827098,18633.442049583864,-3326.3373703065627,-0.1785179735407663,-0.1785179735407663,-2036573005.8370864,16,13706526522.980892,27436003234.981937,0,,400,32,368,0.04,0.3,0.0006250000000000006,0,39102.490050043176,10239147.993218066,24d09151c62e8c725f0b8a0d701af29a2cecc89c5fe807cc44ee63a33bbd9bb4,False,False,False,False,True,-57.18607903098691,-1.5901169898851467e-05
2021_1pct_x100,-1,0.065,0.0,0.0,reference_bonly,2,2838971084,12,True,False,,2255.583785551868,0.3930675323473961,232.60389328607633,1e-08,1e+18,0.03533208047215282,0.4818010973475384,0.1304723539415717,1.0,18633.028975451973,18633.404053206435,-3327.322361619863,-0.17857120095736628,-0.17857120095736628,-2036573005.8370826,16,13706526522.980892,27436003234.981937,0,,400,32,368,0.04,0.3,0.0006250000000000006,0,39102.490050043176,10239147.993218066,24d09151c62e8c725f0b8a0d701af29a2cecc89c5fe807cc44ee63a33bbd9bb4,False,False,False,False,True,-47.358431086510784,-1.3168636189529793e-05
2021_1pct_x100,-1,0.09,0.0,0.0,reference_bonly,0,4216192023,12,True,False,,2239.991784662889,0.39081727758125845,225.6562888933652,1e-08,1e+18,0.02918815006379436,0.39802022814265037,0.10778438730842861,1.0,17311.290182307734,17311.075460009815,3343.4847649323556,0.19313897056323517,0.19313897056323517,-2569852256.9465084,18,15184819791.811657,42085474649.784935,0,,398,71,327,0.04,0.3,0.0006250000000000006,0,39102.490050043176,10239147.993218066,8b255e8705fe746ebc0aa8b817b5cbc63d5b3d20d098e47d1ee7bd7226c0a40f,False,False,False,False,True,-88.78608747171484,-5.866183465750438e-05
2021_1pct_x100,-1,0.09,0.0,0.0,reference_bonly,1,2555388255,12,True,False,,2239.9917848562336,0.39080378663596793,225.48375900152936,1e-08,1e+18,0.02918815006379436,0.39802022814265037,0.10778438730842861,1.0,17311.393888933908,17311.17907274563,3344.9220825326456,0.19322084079381066,0.19322084079381066,-2569852256.946502,18,15184819791.811657,42085474649.784935,0,,398,71,327,0.04,0.3,0.0006250000000000006,0,39102.490050043176,10239147.993218066,8b255e8705fe746ebc0aa8b817b5cbc63d5b3d20d098e47d1ee7bd7226c0a40f,False,False,False,False,True,-79.16761488100568,-5.230525839241837e-05
2021_1pct_x100,-1,0.09,0.0,0.0,reference_bonly,2,416969553,12,True,False,,2239.991785118519,0.39080332607416646,225.48010223045702,1e-08,1e+18,0.02918815006379436,0.39802022814265037,0.10778438730842861,1.0,17311.3861598758,17311.17133938784,3344.986652805824,0.19322465699244862,0.19322465699244862,-2569852256.9465027,18,15184819791.811657,42085474649.784935,0,,398,71,327,0.04,0.3,0.0006250000000000006,0,39102.490050043176,10239147.993218066,8b255e8705fe746ebc0aa8b817b5cbc63d5b3d20d098e47d1ee7bd7226c0a40f,False,False,False,False,True,-80.22900659914573,-5.3006509473511854e-05
2021_1pct_x100,-1,0.12,0.0,0.0,reference_bonly,0,2373343464,12,True,False,,2215.9121083071777,0.3606116126040492,102.61309315938395,1e-08,1e+18,0.026444851590963617,0.3606116126040493,0.09765408633176671,1.0,13992.150362446404,13991.823330929337,4109.958230779527,0.29373313781777693,0.29373313781777693,-1779437100.8963478,22,8892367377.271347,32860844533.216846,1,ConvergenceWarning: The optimal value found for dimension 0 of parameter k2__length_scale is close to the specified upper bound 0.3606116126040493. Increasing the bound and calling fit again may find a better value.,394,117,277,0.04,0.3,0.0006250000000000006,0,39102.490050043176,10239147.993218066,01b2497fe4f204d17931eef08cb5c5efc0de98b7bf18c5e782e5f95bc7525799,False,True,False,False,True,-15.748472979450668,-2.4885638870739402e-05
2021_1pct_x100,-1,0.12,0.0,0.0,reference_bonly,1,1255244784,12,True,False,,2215.9121095678383,0.3606116126040492,102.6108800923983,1e-08,1e+18,0.026444851590963617,0.3606116126040493,0.09765408633176671,1.0,13992.145053248121,13991.818021122297,4109.968083038712,0.293733953400135,0.293733953400135,-1779437100.896348,22,8892367377.271347,32860844533.216846,1,ConvergenceWarning: The optimal value found for dimension 0 of parameter k2__length_scale is close to the specified upper bound 0.3606116126040493. Increasing the bound and calling fit again may find a better value.,394,117,277,0.04,0.3,0.0006250000000000006,0,39102.490050043176,10239147.993218066,01b2497fe4f204d17931eef08cb5c5efc0de98b7bf18c5e782e5f95bc7525799,False,True,False,False,True,-13.488125849165861,-2.131388493743304e-05
2021_1pct_x100,-1,0.12,0.0,0.0,reference_bonly,2,331136366,12,True,False,,2215.912108065106,0.3606116126040492,102.61100370833017,1e-08,1e+18,0.026444851590963617,0.3606116126040493,0.09765408633176671,1.0,13992.142989572862,13991.815957386032,4109.966112341519,0.2937338558792833,0.2937338558792833,-1779437100.8963478,22,8892367377.271347,32860844533.216846,1,ConvergenceWarning: The optimal value found for dimension 0 of parameter k2__length_scale is close to the specified upper bound 0.3606116126040493. Increasing the bound and calling fit again may find a better value.,394,117,277,0.04,0.3,0.0006250000000000006,0,39102.490050043176,10239147.993218066,01b2497fe4f204d17931eef08cb5c5efc0de98b7bf18c5e782e5f95bc7525799,False,True,False,False,True,-19.242257076928052,-3.040661070325854e-05
2021_1pct_x100,-1,0.18,0.0,0.0,reference_bonly,0,2039910971,12,True,False,,2172.1837195245876,0.36088211163409106,103.47523116521697,1e-08,1e+18,0.02646468818650001,0.360882111634091,0.09772733781538258,1.0,7900.2248710841395,7900.600872657391,-2768.8411798627662,-0.35047624909983116,-0.35047624909983116,-499071336.26161146,32,1907108526.2182736,10571290095.62939,1,ConvergenceWarning: The optimal value found for dimension 0 of parameter k2__length_scale is close to the specified upper bound 0.360882111634091. Increasing the bound and calling fit again may find a better value.,384,208,176,0.04,0.3,0.0006250000000000006,0,39102.490050043176,10239147.993218066,ee9a23f489248f3aa53fc9d97cf8f55f36b51cad67460b73dfa17ff10629d7bc,False,True,False,False,True,-0.8416917978030526,-9.094120759773273e-06
2021_1pct_x100,-1,0.18,0.0,0.0,reference_bonly,1,259629467,12,True,False,,2172.18371925156,0.36088211163409106,103.47762470943839,1e-08,1e+18,0.02646468818650001,0.360882111634091,0.09772733781538258,1.0,7900.226600860271,7900.602603394474,-2768.84674953526,-0.35047687736371447,-0.35047687736371447,-499071336.2616113,32,1907108526.2182736,10571290095.62939,1,ConvergenceWarning: The optimal value found for dimension 0 of parameter k2__length_scale is close to the specified upper bound 0.360882111634091. Increasing the bound and calling fit again may find a better value.,384,208,176,0.04,0.3,0.0006250000000000006,0,39102.490050043176,10239147.993218066,ee9a23f489248f3aa53fc9d97cf8f55f36b51cad67460b73dfa17ff10629d7bc,False,True,False,False,True,-0.7426606067320162,-8.024119059577165e-06
2021_1pct_x100,-1,0.18,0.0,0.0,reference_bonly,2,1753175916,12,True,False,,2172.183719496087,0.36088211163409106,103.47514794650579,1e-08,1e+18,0.02646468818650001,0.360882111634091,0.09772733781538258,1.0,7900.225032690078,7900.601034274189,-2768.8408226842676,-0.3504761967193559,-0.3504761967193559,-499071336.26161146,32,1907108526.2182736,10571290095.62939,1,ConvergenceWarning: The optimal value found for dimension 0 of parameter k2__length_scale is close to the specified upper bound 0.360882111634091. Increasing the bound and calling fit again may find a better value.,384,208,176,0.04,0.3,0.0006250000000000006,0,39102.490050043176,10239147.993218066,ee9a23f489248f3aa53fc9d97cf8f55f36b51cad67460b73dfa17ff10629d7bc,False,True,False,False,True,-0.8343249334799643,-9.014522253551878e-06
2021_1pct_x100,-1,0.21,0.0,0.0,reference_bonly,0,379417246,12,True,False,,2152.5418547853765,0.3771185154055612,153.5290249009775,1e-08,1e+18,0.027655357796407824,0.3771185154055612,0.10212417674180257,1.0,5963.363687910598,5963.08340650813,1508.1711541567477,0.2529061169309917,0.2529061169309917,-245543088.59518668,38,840931382.9649271,5438259573.187782,1,ConvergenceWarning: The optimal value found for dimension 0 of parameter k2__length_scale is close to the specified upper bound 0.3771185154055612. Increasing the bound and calling fit again may find a better value.,378,253,125,0.04,0.3,0.0006250000000000006,0,39102.490050043176,10239147.993218066,f1b29d08b17ba451b36ba93f53ae92bc50fa37ddff9984d46506978b6aba911f,False,True,False,False,True,-0.2942613001615048,-7.764430929778256e-06
2021_1pct_x100,-1,0.21,0.0,0.0,reference_bonly,1,3589711676,12,True,False,,2152.5418571758178,0.3771185154055612,153.61128157809307,1e-08,1e+18,0.027655357796407824,0.3771185154055612,0.10212417674180257,1.0,5963.387261284884,5963.106892637372,1508.6448070359602,0.2529845440074446,0.2529845440074446,-245543088.59518138,38,840931382.9649271,5438259573.187782,1,ConvergenceWarning: The optimal value found for dimension 0 of parameter k2__length_scale is close to the specified upper bound 0.3771185154055612. Increasing the bound and calling fit again may find a better value.,378,253,125,0.04,0.3,0.0006250000000000006,0,39102.490050043176,10239147.993218066,f1b29d08b17ba451b36ba93f53ae92bc50fa37ddff9984d46506978b6aba911f,False,True,False,False,True,-0.29139155434041686,-7.688545826438284e-06
2021_1pct_x100,-1,0.21,0.0,0.0,reference_bonly,2,1004796403,12,True,False,,2152.541856345169,0.3771185154055612,153.5415730428549,1e-08,1e+18,0.027655357796407824,0.3771185154055612,0.10212417674180257,1.0,5963.366792865353,5963.086498127802,1508.2432413892302,0.25291807359455254,0.25291807359455254,-245543088.5951859,38,840931382.9649271,5438259573.187782,2,"ConvergenceWarning: lbfgs failed to converge (status=2):
ABNORMAL_TERMINATION_IN_LNSRCH.

Increase the number of iterations (max_iter) or scale the data as shown in:
    https://scikit-learn.org/stable/modules/preprocessing.html | ConvergenceWarning: The optimal value found for dimension 0 of parameter k2__length_scale is close to the specified upper bound 0.3771185154055612. Increasing the bound and calling fit again may find a better value.",378,253,125,0.04,0.3,0.0006250000000000006,0,39102.490050043176,10239147.993218066,f1b29d08b17ba451b36ba93f53ae92bc50fa37ddff9984d46506978b6aba911f,False,True,False,False,True,-0.2776410948141905,-7.325868047653482e-06
