scenario,mass_GeV,mass_MeV,inj_nsigma,n_generated,raw_n,raw_pull_mean,raw_pull_width,raw_pull_median,raw_pull_mad_scaled,raw_pull_trimmed_mean_10pct,raw_pull_mean_ci90_low,raw_pull_mean_ci90_high,raw_pull_width_ci90_low,raw_pull_width_ci90_high,raw_max_leave_one_out_mean_change,accepted_n,accepted_pull_mean,accepted_pull_width,accepted_pull_median,accepted_pull_mad_scaled,accepted_pull_trimmed_mean_10pct,accepted_pull_mean_ci90_low,accepted_pull_mean_ci90_high,accepted_pull_width_ci90_low,accepted_pull_width_ci90_high,accepted_max_leave_one_out_mean_change,n_excluded,sample_size_eligible,accepted_nominal_Z_residual_mean,accepted_upper_boundary_fraction,accepted_lower_boundary_fraction,accepted_constant_lower_boundary_fraction,accepted_constant_upper_boundary_fraction,accepted_pull_identity_max_abs_residual,accepted_ls_at_lower_fraction,accepted_ls_at_upper_fraction,accepted_const_at_lower_fraction,accepted_const_at_upper_fraction,accepted_min_y_train,accepted_max_y_train,accepted_max_n_zero_train,accepted_median_recovery,accepted_recovery_q16,accepted_recovery_q84
2021_10pct,0.065,65.0,0.0,20,20,-1.3267307155839163,1.2233997046153475,-1.1983601026064123,0.837670286932994,-1.2827388145561063,-1.799753135327447,-0.8537082958403858,0.9712882547862661,1.6765596757262442,0.15028776632594054,20,-1.3267202137434164,1.2233973815090342,-1.1983429202692877,0.8376517533673824,-1.282723446667889,-1.7997417352675298,-0.8536986922193031,0.9712864104128629,1.6765564921171976,0.15028831905438733,0,True,-1.3267202137434164,0.05,0.0,0.0,0.0,0.0,0.0,0.05,0.0,0.0,4267.0,1158680.0,0,,,
2021_10pct,0.065,65.0,1.0,20,20,-1.3469338603301757,1.229897522855833,-1.2137328215520986,0.8501583445872929,-1.3047588645502584,-1.822468634536089,-0.8713990861242624,0.9764470385548987,1.685464353405255,0.15114899681847338,20,-1.3469338702186469,1.2298975162197905,-1.2137328215520986,0.8501581979806,-1.3047588769108474,-1.822468641858762,-0.8713990985785318,0.9764470332863752,1.6854643443111532,0.15114899629802747,0,True,-1.3470971405172654,0.05,0.0,0.0,0.0,0.0,0.0,0.05,0.0,0.0,4267.0,1158680.0,0,-0.21386011374304403,-1.1883050191881688,0.43086766454031494
2021_10pct,0.065,65.0,3.0,20,20,-1.3227839893082103,1.2983127264787393,-1.2167953316110807,1.0573915321984455,-1.2508925317622235,-1.8247712181312583,-0.8207967604851623,1.030763615121862,1.7792212598096329,0.158283232704459,20,-1.402056816437447,1.2355840965417608,-1.2903825199027306,0.8932268214211867,-1.349983565673769,-1.8797902807646834,-0.9243233521102105,0.9809617545633147,1.6932572931116365,0.15411097864502565,0,True,-1.4035555503261463,0.05,0.0,0.0,0.0,0.0,0.0,0.05,0.0,0.0,4267.0,1158680.0,0,0.5697391065324312,0.23067277005564027,0.7967559989272778
2021_10pct,0.065,65.0,5.0,20,20,-1.2361778521913418,1.5266117809325004,-1.1441671762603391,0.9718249692319264,-1.2605705778758,-1.8264359631761864,-0.6459197412064972,1.2120160621620282,2.0920846578140893,0.203738224634876,20,-1.4343760965726475,1.2251416545684328,-1.280457951132333,0.8599804037706712,-1.383714533076365,-1.9080720340379593,-0.9606801591073356,0.9726712333201618,1.6789468620541945,0.15102295623529471,0,True,-1.4386153113533846,0.05,0.0,0.0,0.0,0.0,0.0,0.05,0.0,0.0,4267.0,1158680.0,0,0.7437535713278514,0.5423292273222832,0.8775506539605091
2021_10pct,0.09,90.0,0.0,20,20,-0.060879402047898726,0.9341824379634678,0.0850830109510757,0.9485823915444284,0.01551400478304954,-0.4220771656408904,0.30031836154509295,0.7416712840443277,1.2802133263172735,0.11352214321797041,20,-0.06087450352576462,0.9341874828468912,0.0850888055374294,0.9485921746915749,0.015528855973566034,-0.4220742177020001,0.30032521065047085,0.7416752893060565,1.280220239877972,0.11352240103492482,0,True,-0.06087450352576462,1.0,0.0,0.0,0.0,0.0,0.0,1.0,0.0,0.0,4267.0,1158680.0,0,,,
2021_10pct,0.09,90.0,1.0,20,20,-0.08310799707566753,0.9239189030816134,0.057972638303367005,0.923013842112152,-0.007051359720037453,-0.4403374074913439,0.2741214133400089,0.7335228017079937,1.266148071398206,0.1126464318780859,20,-0.08312069093038069,0.9239127763748218,0.0579761937897916,0.9230434718020027,-0.007064751171845948,-0.4403477324802967,0.27410635061953526,0.7335179375590777,1.2661396752955154,0.11264569067332308,0,True,-0.08324235153780205,1.0,0.0,0.0,0.0,0.0,0.0,1.0,0.0,0.0,4267.0,1158680.0,0,1.0579829671004721,0.29926919837191807,1.8651131769893292
2021_10pct,0.09,90.0,3.0,20,20,-0.0807172296043885,0.9558985272871156,0.01077345138001375,1.0093542762940124,0.0009673224025917859,-0.4503114290314629,0.2888769698226859,0.7589122416973134,1.3099732809233966,0.11531768503176873,20,-0.11179997226103158,0.9343352486930547,0.0107961875908926,0.936327267500217,-0.03788183036838744,-0.47305681948858624,0.2494568749665231,0.7417926043832922,1.2804227397299768,0.11368923598983874,0,True,-0.11290674235729532,1.0,0.0,0.0,0.0,0.0,0.0,1.0,0.0,0.0,4267.0,1158680.0,0,1.0036000090675616,0.7696911939245522,1.289182487267085
2021_10pct,0.09,90.0,5.0,20,20,-0.16229717029989627,0.9260864605040622,-0.021932989183872702,0.8979870464300542,-0.08858221697826844,-0.5203646577994822,0.19577031719968963,0.7352436808761484,1.269118514627503,0.11055479904030557,20,-0.16229448578808564,0.9260891058153862,-0.02200145704079905,0.8979083030676623,-0.0885906070910803,-0.5203629960863192,0.19577402451014791,0.7352457810563345,1.2691221397896466,0.11055494033040089,0,True,-0.16536178588087905,1.0,0.0,0.0,0.0,0.0,0.0,1.0,0.0,0.0,4267.0,1158680.0,0,0.9955971003718982,0.8414392010236715,1.1555245011418014
2021_10pct,0.12,120.0,0.0,20,20,-0.3618236577961106,0.6880788709780558,-0.33812626976141374,0.568231951427841,-0.33885234670113806,-0.6278664983302029,-0.09578081726201831,0.546283380015781,0.942950439213779,0.08805930979659143,20,-0.3618216753625928,0.6880786264727292,-0.3381114766787149,0.5682395060732889,-0.33885286236518114,-0.6278644213597151,-0.09577892936547056,0.5462831858967608,0.9429501041411372,0.08805941413519774,0,True,-0.3618216753625928,0.95,0.0,0.0,0.0,0.0,0.0,0.95,0.0,0.0,4267.0,1158680.0,0,,,
2021_10pct,0.12,120.0,1.0,20,20,-0.3697966248290028,0.6869755730132484,-0.32711401438463467,0.5997207458731294,-0.34479227545795693,-0.6354128797827303,-0.10418036987527518,0.545407443598023,0.9414384682110654,0.08719994064214154,20,-0.37450211237367964,0.6863781541550977,-0.3634342012243281,0.5533907012393771,-0.3506760285718353,-0.6398873778046725,-0.1091168469426867,0.544933137516437,0.9406197591960842,0.08695124183776282,0,True,-0.3746189453291847,0.95,0.0,0.0,0.0,0.0,0.0,0.95,0.0,0.0,4267.0,1158680.0,0,0.6365094831387356,0.20223548323557217,1.2024213869591913
2021_10pct,0.12,120.0,3.0,20,20,-0.407685413881275,0.6846326854947652,-0.37698734376366827,0.5592106953558007,-0.3769341291676347,-0.672395801096929,-0.142975026665621,0.543547365391037,0.938227750795136,0.08961492431006851,20,-0.41739331995319456,0.6807393392880347,-0.37699282269583223,0.5592315182105645,-0.38906894562966426,-0.6805983610120208,-0.15418827889436842,0.5404563384534402,0.9328922686716559,0.0891041475323105,0,True,-0.41837877670021745,0.95,0.0,0.0,0.0,0.0,0.0,0.95,0.0,0.0,4267.0,1158680.0,0,0.874277032300349,0.7177163968843729,1.0515116949533754
2021_10pct,0.12,120.0,5.0,20,20,-0.4411195906828265,0.6911345276694288,-0.4389444384980651,0.5019445155520904,-0.420368969113862,-0.7083438881983174,-0.17389529316733565,0.5487093438637312,0.947137942915384,0.08838313560808447,20,-0.4411227058062529,0.6911371576637084,-0.4389444384980651,0.5019685944197426,-0.42036961563364117,-0.7083480201981198,-0.17389739141438604,0.5487114318833247,0.9471415470868906,0.08838473783507039,0,True,-0.44328199945844177,1.0,0.0,0.0,0.0,0.0,0.0,1.0,0.0,0.0,4267.0,1158680.0,0,0.9121428169832042,0.8226187262560587,1.0206218448267703
2021_10pct,0.18,180.0,0.0,20,20,0.06217936992032782,1.020415472611725,0.038876197901700646,1.0750576452613263,0.081482994682718,-0.3323600387272303,0.4567187785678859,0.810133891491796,1.3983879736229372,0.10118521596897134,20,0.06217657479565728,1.020410855816562,0.038876416125780244,1.0750621132009122,0.08148180098900093,-0.33236104878720674,0.45671419837852134,0.810130226100265,1.3983816467188421,0.10118505766601674,0,True,0.06217657479565728,1.0,0.0,0.0,0.0,0.0,0.0,1.0,0.0,0.0,4267.0,1158680.0,0,,,
2021_10pct,0.18,180.0,1.0,20,20,0.03596575512387131,1.0137251264615652,0.033671447977643154,1.0515140560070924,0.060248613488165154,-0.35598685894385207,0.42791836919159465,0.8048222549010812,1.3892194536946652,0.10036310490170905,20,0.03596861337921727,1.0137243250591679,0.033677126005748806,1.0515056377500263,0.060250906092272516,-0.3559836908295943,0.4279209175880288,0.8048216186472608,1.389218355444487,0.10036274789500774,0,True,0.03566315829617787,1.0,0.0,0.0,0.0,0.0,0.0,1.0,0.0,0.0,4267.0,1158680.0,0,1.0336877831884452,-0.16062887340809,1.9087604721206926
2021_10pct,0.18,180.0,3.0,20,20,0.019061637024389965,1.0068247453331047,0.06070108786428165,1.0859824381811838,0.04146669585306176,-0.37022297331060144,0.40834624735938135,0.7993438661796045,1.3797630996482524,0.09956334222156135,20,0.019065809085755503,1.0068207673366993,0.06070108786428165,1.0858960503917712,0.041472273221120265,-0.37021726317343095,0.40834888134494196,0.7993407079467134,1.3797576481606166,0.09956378403882463,0,True,0.0162977826025525,1.0,0.0,0.0,0.0,0.0,0.0,1.0,0.0,0.0,4267.0,1158680.0,0,1.0202527099889827,0.6124703556443363,1.2960236600802002
2021_10pct,0.18,180.0,5.0,20,20,-0.024321892931276456,1.044877429814561,-0.021934633441191002,1.0738813562211607,-0.004906937769695863,-0.4283194158354391,0.3796756299728862,0.8295548637468689,1.4319108941213619,0.1017502636491503,20,-0.0243356753914863,1.0448808602464694,-0.02189110218275845,1.0737919888179601,-0.004923943240073808,-0.428334524657913,0.3796631738749404,0.8295575872543285,1.4319155952209175,0.10174943019873922,0,True,-0.03203078723862949,1.0,0.0,0.0,0.0,0.0,0.0,1.0,0.0,0.0,4267.0,1158680.0,0,0.9956150158274073,0.7600099944144867,1.172468789574536
2021_10pct,0.21,210.0,0.0,20,20,0.07727963967004477,0.970576857850749,-0.0258592039045117,1.1473475846429644,0.006391247894148591,-0.2979898753671379,0.4525491547072274,0.7705657430203418,1.3300886177484168,0.11025041971111844,20,0.1356725846974354,0.9268667870462898,0.030300613541031852,1.144568981844567,0.07124339424347298,-0.2226966128220255,0.4940417822168963,0.735863202037143,1.2701878822345591,0.10717740422982408,0,True,0.1356725846974354,0.95,0.0,0.0,0.0,0.0,0.0,0.95,0.0,0.0,4267.0,1158680.0,0,,,
2021_10pct,0.21,210.0,1.0,20,20,0.12370564204025569,0.9278337694507829,0.050974141410572146,1.1302246915113723,0.06089585179872691,-0.23503743521376552,0.4824487192942769,0.7366309140518884,1.2715130449760523,0.10723179931494534,20,0.12370777832038582,0.9278331320794386,0.050975514689153345,1.1302392708239188,0.06090053800146076,-0.2350350524966497,0.4824506091374213,0.7366304080265083,1.271512171515735,0.1072305921961249,0,True,0.12332204740730082,0.95,0.0,0.0,0.0,0.0,0.0,0.95,0.0,0.0,4267.0,1158680.0,0,1.050996309325924,0.22318161619466861,1.923128638059741
2021_10pct,0.21,210.0,3.0,20,20,0.052784464766098216,0.9172253316231362,-0.0463990302885693,1.0743530468270936,-0.0159877268579492,-0.30185690401766474,0.40742583354986117,0.7282086044626743,1.2569751314738797,0.10774156893522059,20,0.05278465086454527,0.917224502104267,-0.04639672467635635,1.0743395285626411,-0.01598706837626386,-0.3018563971891887,0.40742569891827923,0.7282079458864692,1.2569739946925962,0.10774155914056546,0,True,0.04939076199425643,0.95,0.0,0.0,0.0,0.0,0.0,0.95,0.0,0.0,4267.0,1158680.0,0,0.9845161280705961,0.716264272259837,1.2896809557972555
2021_10pct,0.21,210.0,5.0,20,20,0.025872784405955345,0.9077828207345823,-0.0424306610602702,1.1307464953698838,-0.036888099488892954,-0.3251176767209656,0.3768632455328763,0.7207119540326111,1.2440350163719778,0.10359201867662558,20,0.02588046218412544,0.9077806741006184,-0.0424309812967579,1.1307478598655458,-0.03687831592939988,-0.32510916895568004,0.3768700933239309,0.7207102497651108,1.2440320746024736,0.10359161458303773,0,True,0.016386277279472106,0.95,0.0,0.0,0.0,0.0,0.0,0.95,0.0,0.0,4267.0,1158680.0,0,0.9914967842037108,0.819756723123262,1.1714563217909255
2021_10pct_x10,0.065,65.0,0.0,20,20,-0.3590536067530199,1.1634438171584132,-0.1858154123486149,1.273184230561634,-0.3689757145755023,-0.8088943313761754,0.09078711787013555,0.9236877452614438,1.5943955041529956,0.09801191321969971,20,-0.44121753512907225,1.2093395142438654,-0.18586427493115124,1.2567504144653805,-0.39269035284013304,-0.9088036406030451,0.026368570344900533,0.9601255107408331,1.6572914446477736,0.1401542524188117,0,True,-0.44121753512907225,0.0,0.0,0.0,0.0,0.0,0.0,0.0,0.0,0.0,43742.0,11571613.0,0,,,
2021_10pct_x10,0.065,65.0,1.0,20,20,-0.5521126376756705,1.194972693735289,-0.37705473582632976,1.3707736755404458,-0.516475422455569,-1.0141438716098268,-0.09008140374151435,0.9487193252023216,1.637603004441186,0.13524406926448734,20,-0.46784111088610836,1.2087252785587241,-0.20760734764609867,1.2483741748462491,-0.420297478971374,-0.9351897246809657,-0.0004924970912509319,0.959637853351022,1.6564496896782286,0.1396799117332314,0,True,-0.4677329856342922,0.0,0.0,0.0,0.0,0.0,0.0,0.0,0.0,0.0,43742.0,11571613.0,0,0.7924243644168797,-0.8829505205757638,1.6270273979033976
2021_10pct_x10,0.065,65.0,3.0,20,20,-0.5207652960644955,1.1290521439286834,-0.4059771781676258,1.2333093403591948,-0.47370765192275577,-0.9573086229289434,-0.0842219692000476,0.8963833179802664,1.5472647975652842,0.14048980918066217,20,-0.5184378600246733,1.2020550214255035,-0.2651673583112834,1.2355461584175402,-0.47013564716577216,-0.9832074465747435,-0.05366827347460312,0.9543421659436603,1.6473086999476487,0.140633295216824,0,True,-0.517394742275393,0.0,0.0,0.0,0.0,0.0,0.0,0.0,0.0,0.0,43742.0,11571613.0,0,0.911651361133831,0.35561162897186666,1.1847503649359328
2021_10pct_x10,0.065,65.0,5.0,20,20,-0.583071241769169,1.0889259411278251,-0.45598151378602597,1.3699457655297413,-0.5885793488334674,-1.0040999388095488,-0.16204254472878932,0.8645261012892592,1.4922754320274823,0.10262841705519343,19,-0.4299971363954771,1.0588442373671547,-0.2497130197614236,1.142003695628506,-0.4354233993881196,-0.851228112584074,-0.008766160206880147,0.8360845677619267,1.4659697544220063,0.09982587881527683,1,True,-0.4268140252004121,0.0,0.0,0.0,0.0,0.0,0.0,0.0,0.0,0.0,43742.0,11571613.0,0,0.9500955031460662,0.6566681654531084,1.1045497845293264
2021_10pct_x10,0.09,90.0,0.0,20,20,0.21541573898765698,0.8467587891636854,0.3113614518794329,0.8987979105907206,0.18924741571203954,-0.11198003352909547,0.5428115115044094,0.6722634176295765,1.160407048998732,0.07823240033136156,20,0.21542603017981826,0.8467249549716157,0.31133563925358254,0.8988361804470718,0.1892151901406567,-0.11195666048695296,0.5428087208465895,0.6722365558008189,1.1603606822701225,0.078227775376392,0,True,0.21542603017981826,0.45,0.0,0.0,0.0,0.0,0.0,0.45,0.0,0.0,43742.0,11571613.0,0,,,
2021_10pct_x10,0.09,90.0,1.0,20,20,0.19631814329831165,0.84072342715473,0.28927012210635905,0.8878801078671674,0.17056861656422115,-0.12874408153918754,0.5213803681358109,0.6674717896681125,1.152136126147883,0.07765489729869683,20,0.1963265634189735,0.8406871681312718,0.28926635585641086,0.8878801078671675,0.1706011873320306,-0.12872164201754902,0.521374768855496,0.6674430027038177,1.152086436405126,0.07763532989653898,0,True,0.1963302298144855,0.45,0.0,0.0,0.0,0.0,0.0,0.45,0.0,0.0,43742.0,11571613.0,0,1.2892734355830233,0.14356385951055126,1.9963726734134999
2021_10pct_x10,0.09,90.0,3.0,20,20,0.14587321087760602,0.8057552594170863,0.25212805620505174,0.8413338191139319,0.1410400790317046,-0.1656687169916521,0.4574151387468641,0.6397096686811304,1.1042153854923198,0.07708323285714702,20,0.15492391121713792,0.838006259162385,0.25212805620505174,0.9164574786605064,0.1312024544085904,-0.16908773189000784,0.4789355543242837,0.6653145606388022,1.1484124908789242,0.07663120490333318,0,True,0.15494155707232798,0.45,0.0,0.0,0.0,0.0,0.0,0.45,0.0,0.0,43742.0,11571613.0,0,1.0840507687473706,0.7040101515785798,1.3248242930755558
2021_10pct_x10,0.09,90.0,5.0,20,20,0.12703120955227407,0.8462767997656057,0.2283425556534487,0.9149684807255304,0.10265688514239728,-0.20017820376354814,0.4542406228680963,0.6718807539428678,1.1597465257160309,0.07683884190517037,20,0.1270572405798399,0.846272783129521,0.22830911837600154,0.9149684807255304,0.10268880112477505,-0.20015061972030576,0.4542651008799855,0.6718775650329489,1.1597410212761767,0.07683747185108797,0,True,0.12709867895024604,0.45,0.0,0.0,0.0,0.0,0.0,0.45,0.0,0.0,43742.0,11571613.0,0,1.045666822287353,0.813508059844754,1.1848819564188477
2021_10pct_x10,0.12,120.0,0.0,20,20,0.17297031455346182,0.9657267563520718,0.26618176694366125,0.7935869848981375,0.28180613404441307,-0.2004239288629652,0.5463645579698888,0.7667151236337142,1.3234419882248154,0.1276398175248359,20,0.14120328242960423,0.9463054644113468,0.26620273011683904,0.9163436160742353,0.19457000760264753,-0.22468179903943147,0.5070883638986399,0.751296064201513,1.2968268478128235,0.09302869659480906,0,True,0.14120328242960423,1.0,0.0,0.0,0.0,0.0,0.0,1.0,0.0,0.0,43742.0,11571613.0,0,,,
2021_10pct_x10,0.12,120.0,1.0,20,20,0.12795284766399298,0.949082767249228,0.2412706651380055,0.9279833589774636,0.18033515715328738,-0.23900606642391545,0.49491176175190144,0.7535010358197355,1.3006328924993684,0.09308671773051763,20,0.1279527366348786,0.9490803938067119,0.24129247050788225,0.927932420677429,0.18034486084477483,-0.2390052597713287,0.4949107330410859,0.753499151483136,1.3006296399090662,0.09308962423816403,0,True,0.12789568443294663,1.0,0.0,0.0,0.0,0.0,0.0,1.0,0.0,0.0,43742.0,11571613.0,0,1.2413046417609381,0.21980090542163433,2.1280259464695344
2021_10pct_x10,0.12,120.0,3.0,20,20,-0.01725304225826025,0.8977259836220985,0.046843588932400204,1.03549545189028,0.03469826326945086,-0.3643550690427769,0.32984898452625644,0.7127275743316814,1.2302530222252335,0.08790343770073145,20,0.09687243197034925,0.9421808199723182,0.22096020479773795,0.9031949989907053,0.15264683683681401,-0.2674178728400274,0.46116273678072583,0.7480214036930265,1.2911743921868366,0.09391004160750036,0,True,0.09637991279034408,1.0,0.0,0.0,0.0,0.0,0.0,1.0,0.0,0.0,43742.0,11571613.0,0,1.0736658879531558,0.7361200384719299,1.3577735608278132
2021_10pct_x10,0.12,120.0,5.0,20,20,0.03291183492860712,0.9674433748880037,0.1754379104251763,1.1108269580837709,0.07345407410820631,-0.34114613192226223,0.40696980177947645,0.7680779909089054,1.3257944601153104,0.09241465988356455,20,0.058683232910802796,0.948017582992666,0.1754379104251763,0.9457358442141391,0.10567245128734172,-0.30786383210389523,0.4252302979255008,0.7526553588478685,1.2991731529187283,0.09376960344774066,0,True,0.057311481070750195,1.0,0.0,0.0,0.0,0.0,0.0,1.0,0.0,0.0,43742.0,11571613.0,0,1.0350966436851152,0.8279078694119676,1.2109609165348674
2021_10pct_x10,0.18,180.0,0.0,20,20,-0.20429349432732366,1.099628815040803,-0.5627489762352705,0.8577789346164801,-0.29964465139618407,-0.6294604131585271,0.22087342450387978,0.8730233860972543,1.506942761722909,0.11570606617949133,20,-0.20427785925678177,1.0996195849166799,-0.5627551111647813,0.8577698389563772,-0.29964038536894433,-0.6294412092987901,0.22088549078522657,0.8730160580660988,1.506930112664839,0.11570524328104165,0,True,-0.20427785925678177,1.0,0.0,0.0,0.0,0.0,0.0,1.0,0.0,0.0,43742.0,11571613.0,0,,,
2021_10pct_x10,0.18,180.0,1.0,20,20,-0.16882599503126844,1.1351682605459652,-0.5839020655198218,1.0767896719936902,-0.2498394332652235,-0.6077340930092175,0.27008210294668067,0.901239059086675,1.5556463873710444,0.11248555009663336,20,-0.2303085966347885,1.0998115951136613,-0.5838996834511745,0.8638594890308904,-0.32669019393753196,-0.6555461866227842,0.19492899335320715,0.8731684998628589,1.5071932454352432,0.11572167642689021,0,True,-0.23040325722513383,1.0,0.0,0.0,0.0,0.0,0.0,1.0,0.0,0.0,43742.0,11571613.0,0,0.41604301416644285,-0.19748117858263367,1.9062724751956497
2021_10pct_x10,0.18,180.0,3.0,20,20,-0.253450469277565,1.099615897916546,-0.6267791572387013,0.8417138619022111,-0.3476938923009118,-0.6786123937562694,0.1717114552011394,0.8730131308625758,1.5069250599615192,0.11507466699174917,20,-0.2590245578248661,1.0936278153079804,-0.6267798348825114,0.84171949352764,-0.3546637595118721,-0.6818712150083095,0.16382209935857728,0.8682590392239659,1.4987189292925605,0.11537004328929856,0,True,-0.2598774299342238,1.0,0.0,0.0,0.0,0.0,0.0,1.0,0.0,0.0,43742.0,11571613.0,0,0.7910135181045552,0.5999258831726675,1.2950417442308186
2021_10pct_x10,0.18,180.0,5.0,20,20,-0.2725065014881185,1.1028022937641795,-0.6301589050223306,0.9776297225715989,-0.3616407866545954,-0.6989004327005357,0.15388742972429864,0.8755428918640134,1.5112917299622475,0.11457669555149935,20,-0.2986267374705359,1.1012898268865732,-0.6301545715075614,0.8618242978527836,-0.39428311872259497,-0.7244358796401502,0.12718240469907838,0.8743421058016739,1.5092190296270258,0.11595144481373193,0,True,-0.3010011701963521,1.0,0.0,0.0,0.0,0.0,0.0,1.0,0.0,0.0,43742.0,11571613.0,0,0.8739092859233359,0.7445518718167687,1.1651683221756497
2021_10pct_x10,0.21,210.0,0.0,20,20,0.19578320783993414,1.2502276189567638,0.2994102197836883,1.586867222839076,0.1854357290531872,-0.2876121136711662,0.6791785293510344,0.99258762080861,1.7133249284878493,0.10497760527188388,20,0.23743820592806544,1.2446214328794694,0.4425947312428893,1.5556346036514328,0.2375044862918575,-0.24378950699705107,0.718665918853182,0.9881367265747142,1.7056421527961838,0.10278523695145592,0,True,0.23743820592806544,1.0,0.0,0.0,0.0,0.0,0.0,1.0,0.0,0.0,43742.0,11571613.0,0,,,
2021_10pct_x10,0.21,210.0,1.0,20,20,0.22245391593047956,1.24319148963282,0.4207100078214518,1.5532638435869524,0.22530923220083673,-0.2582209153713423,0.7031287472323013,0.987001458129543,1.70368254370288,0.10228751364116498,20,0.22246701658552745,1.243177058082933,0.4207350499305394,1.5532105426333276,0.2253157525499442,-0.258202234817409,0.7031362679884638,0.9869900005536987,1.7036627665568604,0.10227871612608028,0,True,0.22234666441397183,1.0,0.0,0.0,0.0,0.0,0.0,1.0,0.0,0.0,43742.0,11571613.0,0,1.4207884256881986,-0.2582257497268292,2.418057726208319
2021_10pct_x10,0.21,210.0,3.0,20,20,0.3346483937892391,1.3437977933390708,0.4607851833741402,1.6523930947104037,0.3187313824416217,-0.18492544741184197,0.8542222349903201,1.066875370783515,1.8415544683743028,0.1278022678779166,20,0.162327665457329,1.232356185410625,0.3437099782549858,1.5330283552956285,0.1585327079389134,-0.31415774042408084,0.6388130713387389,0.9783990335185587,1.688833730134734,0.10408994258997671,0,True,0.16125477653144393,1.0,0.0,0.0,0.0,0.0,0.0,1.0,0.0,0.0,43742.0,11571613.0,0,1.1146120753512547,0.5638669849175881,1.459635309670526
2021_10pct_x10,0.21,210.0,5.0,20,20,0.17417289683426546,1.2190101955025772,0.31049659769930993,1.412168411254383,0.18678655062537497,-0.29715233742346203,0.6454981310919929,0.967803311452189,1.6705442467973828,0.10278647464391649,20,0.12425405149902666,1.2389649007571226,0.31053991017658017,1.5420445730190326,0.12439995989026437,-0.35478658675067887,0.6032946897487322,0.9836458613304856,1.6978903823608964,0.10106932774266758,0,True,0.1212390533857403,1.0,0.0,0.0,0.0,0.0,0.0,1.0,0.0,0.0,43742.0,11571613.0,0,1.0621463962707423,0.7171249546874525,1.2661587219536548
2021_1pct_x10,0.065,65.0,0.0,20,20,-1.3050260924009147,1.183868849425635,-1.3213492970551064,1.1293390087295871,-1.3429935547759149,-1.762764071004051,-0.8472881137977784,0.9399036997609758,1.6223861807449917,0.11833652137235884,20,-1.3050262416172456,1.1838717663929406,-1.3213372989770222,1.1293445997781428,-1.3429937412963282,-1.7627653480536878,-0.8472871351808033,0.9399060156157799,1.6223901781873167,0.11833652922584958,0,True,-1.3050262416172456,0.0,0.0,0.0,0.0,0.0,0.0,0.0,0.0,0.0,3785.0,1025947.0,0,,,
2021_1pct_x10,0.065,65.0,1.0,20,20,-1.323982989581885,1.1821335075354014,-1.3203786271537017,1.0969561051590182,-1.3619203801527926,-1.781050005443324,-0.8669159737204463,0.9385259675368597,1.620008050175082,0.11850593345603966,20,-1.323982989581885,1.1821335075354014,-1.3203786271537017,1.0969561051590182,-1.3619203801527926,-1.781050005443324,-0.8669159737204463,0.9385259675368597,1.620008050175082,0.11850593345603966,0,True,-1.3241594417278217,0.0,0.0,0.0,0.0,0.0,0.0,0.0,0.0,0.0,3785.0,1025947.0,0,-0.3206437271492807,-1.5380236946882628,0.3708130338418246
2021_1pct_x10,0.065,65.0,3.0,20,20,-1.377431192825658,1.1823321274219731,-1.4008468454736231,1.1146328951582507,-1.4176412830208607,-1.8345750042421398,-0.9202873814091761,0.9386836569349087,1.6202802409328263,0.11870284970323142,20,-1.377431192825658,1.1823321274219731,-1.4008468454736231,1.1146328951582507,-1.4176412830208607,-1.8345750042421398,-0.9202873814091761,0.9386836569349087,1.6202802409328263,0.11870284970323142,0,True,-1.378960962313011,0.0,0.0,0.0,0.0,0.0,0.0,0.0,0.0,0.0,3785.0,1025947.0,0,0.5327682149393412,0.13009785441934826,0.7746316220957399
2021_1pct_x10,0.065,65.0,5.0,20,20,-1.4024867314004885,1.188757666281513,-1.4271782796476389,1.0794963507819524,-1.4375298491432722,-1.862114950756607,-0.94285851204437,0.9437850562579583,1.629085866196651,0.11607424839690328,20,-1.4024867314004885,1.188757666281513,-1.4271782796476389,1.0794963507819524,-1.4375298491432722,-1.862114950756607,-0.94285851204437,0.9437850562579583,1.629085866196651,0.11607424839690328,0,True,-1.406886138192094,0.0,0.0,0.0,0.0,0.0,0.0,0.0,0.0,0.0,3785.0,1025947.0,0,0.7142720099898974,0.4623729587265894,0.8628432728747881
2021_1pct_x10,0.09,90.0,0.0,20,20,0.15227527514422684,1.3982586222172702,-0.08955405209241996,0.906279598166989,0.05885859637342519,-0.38835561957748094,0.6929061698659347,1.1101132130322602,1.9161881545353798,0.19309506929273773,20,0.15227361013784835,1.3982627739114155,-0.08955405209241996,0.9062507321410669,0.05886638453846829,-0.38835888981917477,0.6929061100948715,1.1101165091682208,1.9161938440602047,0.19309209334687574,0,True,0.15227361013784835,0.75,0.0,0.0,0.0,0.0,0.0,0.75,0.0,0.0,3785.0,1025947.0,0,,,
2021_1pct_x10,0.09,90.0,1.0,20,20,0.13275310627360087,1.3919881081009442,-0.10049977017367295,0.8835739691512372,0.037129277250920634,-0.40545332018221564,0.6709595327294173,1.1051348918101098,1.9075949767915534,0.19360600992516858,20,0.13275302024054933,1.3919907882107734,-0.10049977017367295,0.8835739691512372,0.03712888515359866,-0.4054544424686126,0.6709604829497113,1.1051370196177175,1.9075986496419304,0.19360601445322392,0,True,0.1326659686801307,0.75,0.0,0.0,0.0,0.0,0.0,0.75,0.0,0.0,3785.0,1025947.0,0,0.8994858861212776,0.30565495101441964,2.103708055959225
2021_1pct_x10,0.09,90.0,3.0,20,20,0.11146779848388717,1.400664962388103,-0.1418306505456598,0.8820773350806919,0.01770543487651735,-0.4300934976806517,0.6530290946484261,1.1120236679196798,1.9194858281258496,0.19498353781436295,20,0.11147141641366802,1.4006623661216124,-0.14185536757206216,0.8819935371813744,0.017708684648993778,-0.43008887591520456,0.6530317087425406,1.112021606677439,1.9194822701752559,0.19498334739700604,0,True,0.1106430559340249,0.75,0.0,0.0,0.0,0.0,0.0,0.75,0.0,0.0,3785.0,1025947.0,0,0.9526954392565532,0.7662484161413893,1.35406437753106
2021_1pct_x10,0.09,90.0,5.0,20,20,0.06817939378120148,1.3941578131138113,-0.1837028158496652,0.8900060180290778,-0.02613456075601453,-0.4708659401154493,0.6072247276778523,1.1068574760051184,1.9105683631010897,0.19225140466257185,20,0.06817395717821953,1.394159871470345,-0.18370507554396118,0.8900060180290778,-0.026142590908024566,-0.4708721725734445,0.6072200869298835,1.1068591101869136,1.9105711838942858,0.19225169079957088,0,True,0.06590376533242996,0.75,0.0,0.0,0.0,0.0,0.0,0.75,0.0,0.0,3785.0,1025947.0,0,0.9632331718240809,0.8446472499646481,1.2127386619565228
2021_1pct_x10,0.12,120.0,0.0,20,20,-0.7341172136937021,0.8158148398249357,-0.7698319840511826,0.8467028210019243,-0.7782811758943948,-1.0495486365891353,-0.4186857907982688,0.647696226354278,1.118001139079557,0.08502522420143455,20,-0.7139443048554799,0.7897140173289149,-0.7698523195489202,0.8466526621600151,-0.7660349430512673,-1.019283953028566,-0.40860465668239376,0.6269741171082104,1.0822323005429517,0.08396282531073263,0,True,-0.7139443048554799,0.85,0.0,0.0,0.0,0.0,0.0,0.85,0.0,0.0,3785.0,1025947.0,0,,,
2021_1pct_x10,0.12,120.0,1.0,20,20,-0.7248805156605121,0.7898797303492483,-0.7877273709634862,0.8596385921946985,-0.7783916943820711,-1.030284236085345,-0.41947679523567916,0.6271056809051507,1.082459395389048,0.08534550339643132,20,-0.7248783335475423,0.7898785750115676,-0.7877293152919171,0.8596357095290533,-0.7783898627265037,-1.0302816072658547,-0.4194750598292299,0.6271047636530742,1.0824578121022774,0.08534527009795068,0,True,-0.7250240198853628,0.85,0.0,0.0,0.0,0.0,0.0,0.85,0.0,0.0,3785.0,1025947.0,0,0.2121932723879411,-0.49566680117087797,1.0853408302515757
2021_1pct_x10,0.12,120.0,3.0,20,20,-0.7633388450578064,0.7952607457065177,-0.8240199143857337,0.8483381134936254,-0.8214384397381506,-1.0708231127439884,-0.4558545773716243,0.6313778063565654,1.0898335947847377,0.08518717348875637,20,-0.7633353860246566,0.795257911203117,-0.8240209808270167,0.8483365323854134,-0.821433476282106,-1.0708185577618594,-0.4558522142874537,0.6313755559719602,1.089829710351805,0.08518665832997507,0,True,-0.7646308118531655,0.85,0.0,0.0,0.0,0.0,0.0,0.85,0.0,0.0,3785.0,1025947.0,0,0.7252508603629693,0.47908048702979417,1.040869037879334
2021_1pct_x10,0.12,120.0,5.0,20,20,-0.6941840216607098,0.8207108512507217,-0.7595017390973845,1.1151607571990911,-0.7344980216341239,-1.0115084670597292,-0.37685957626169053,0.6515832948039639,1.1247106840446253,0.0813395101425679,20,-0.7848851032424135,0.7785563434954773,-0.8819579585656944,0.8041083529476302,-0.8434538291847004,-1.0859106831224545,-0.48385952336237237,0.6181157550338454,1.066941708307662,0.0861129154217325,0,True,-0.7884621523081605,0.85,0.0,0.0,0.0,0.0,0.0,0.85,0.0,0.0,3785.0,1025947.0,0,0.8235375059807211,0.6867370092409079,0.9992493961969868
2021_1pct_x10,0.18,180.0,0.0,20,20,0.27943013360697144,1.2080824039016194,0.010104997433079493,1.4175058229758792,0.2660952740506503,-0.18766991536908773,0.7465301825830306,0.9591274587503122,1.6555686875637257,0.118289758457126,20,0.259241544729474,1.2225240812779627,0.010088613587234146,1.4175066486761112,0.24085757166713756,-0.21344231888373283,0.7319254083426809,0.9705930750669887,1.6753597124002388,0.11935222801607134,0,True,0.259241544729474,1.0,0.0,0.0,0.0,0.0,0.0,1.0,0.0,0.0,3785.0,1025947.0,0,,,
2021_1pct_x10,0.18,180.0,1.0,20,20,0.24251513782815137,1.226176575014093,0.017756986239253147,1.4528345729642238,0.22481120350670677,-0.2315809473334542,0.716611222989757,0.97349288308002,1.680365127793701,0.11796888223492198,20,0.24251368103764506,1.2261775982528769,0.017756972500093157,1.4528362451844858,0.22481211983492894,-0.23158279975499083,0.7166101618302809,0.9734936954554103,1.6803665300507697,0.1179689589081065,0,True,0.24218831914748334,1.0,0.0,0.0,0.0,0.0,0.0,1.0,0.0,0.0,3785.0,1025947.0,0,1.0177615006348417,-0.1279378781513219,2.6432616889413754
2021_1pct_x10,0.18,180.0,3.0,20,20,0.20868694715209704,1.2257812571601654,-0.016980161877734892,1.4521431268555656,0.1920053317333983,-0.2652562900015132,0.6826301843057072,0.9731790301446477,1.6798233800962894,0.11756591649462267,20,0.20868763421540293,1.2257998250939492,-0.017041009367309998,1.452098281628863,0.1920032116356747,-0.265262782152764,0.6826380505835699,0.9731937717012558,1.6798488257858102,0.117568394309817,0,True,0.20575821483338355,1.0,0.0,0.0,0.0,0.0,0.0,1.0,0.0,0.0,3785.0,1025947.0,0,0.9943136346707173,0.6345112693657184,1.523156441241398
2021_1pct_x10,0.18,180.0,5.0,20,20,0.1749439400268647,1.2179470974926125,-0.0812938165374735,1.4204944856095247,0.1448935985217789,-0.2959702517962432,0.6458581318499725,0.9669592908047507,1.6690873662307721,0.11909749495210342,20,0.17494367596937221,1.2179421791007372,-0.08130637169146002,1.4204707454025502,0.14489231631075655,-0.2959686141779241,0.6458559661166685,0.9669553859678909,1.6690806260154063,0.11909857425409312,0,True,0.16684536331427077,1.0,0.0,0.0,0.0,0.0,0.0,1.0,0.0,0.0,3785.0,1025947.0,0,0.9837106098768202,0.7724771732723629,1.2980861875833656
2021_1pct_x10,0.21,210.0,0.0,20,20,-0.3601500862634053,0.9332333884336284,-0.3750365389543441,1.1700746784445974,-0.33034801687810394,-0.7209809037934156,0.0006807312666050613,0.740917809396536,1.278912738973666,0.08351013575731492,20,-0.36013075098345854,0.9332527920726572,-0.37503557756042355,1.170117235380852,-0.3303252122092176,-0.7209690708499912,0.0007075688830741056,0.7409332144408709,1.2789393299223442,0.08351116660151597,0,True,-0.36013075098345854,0.9,0.0,0.0,0.0,0.0,0.0,0.9,0.0,0.0,3785.0,1025947.0,0,,,
2021_1pct_x10,0.21,210.0,1.0,20,20,-0.38095383193172555,0.9315200301358233,-0.4015446627288711,1.2083356762215594,-0.3524106135828549,-0.7411221865848381,-0.020785477278613018,0.7395575305076164,1.276564734947399,0.08222242699525395,20,-0.3809521329975717,0.9315230407572883,-0.4015442777978594,1.2083447377788328,-0.35240852986123783,-0.7411216516949822,-0.02078261430016115,0.7395599207168486,1.2765688607343582,0.08222254185792899,0,True,-0.3813633230844163,0.9,0.0,0.0,0.0,0.0,0.0,0.9,0.0,0.0,3785.0,1025947.0,0,0.5982841861736059,-0.41295940334704917,1.613491049641922
2021_1pct_x10,0.21,210.0,3.0,20,20,-0.4222529034560626,0.9227810473155323,-0.46523163371368426,1.2053114788085928,-0.3936143690883809,-0.7790423666608968,-0.06546344025122847,0.7326194289696597,1.2645887420253057,0.08338363411195943,20,-0.42225671594560915,0.9227847679046226,-0.4652083722398338,1.2053236485282828,-0.3936215074290935,-0.7790476177007778,-0.06546581419044051,0.7326223828403127,1.2645938407592805,0.08338362588244358,0,True,-0.4259434575183495,0.9,0.0,0.0,0.0,0.0,0.0,0.9,0.0,0.0,3785.0,1025947.0,0,0.8447345272165666,0.5177642589630609,1.2031696747436067
2021_1pct_x10,0.21,210.0,5.0,20,20,-0.485525435466527,0.9300914276160555,-0.5829416625352565,1.1514251435399425,-0.4542981094222768,-0.8451414268828308,-0.12590944405022325,0.7384233264997409,1.2746069632001542,0.08454162062016152,20,-0.48541650436815525,0.9302103559864713,-0.5829534181817243,1.1514251435399425,-0.4541622527981341,-0.8450784789454309,-0.12575452979087964,0.7385177467688565,1.2747699438755513,0.08454735383586509,0,True,-0.49567944384287443,0.9,0.0,0.0,0.0,0.0,0.0,0.9,0.0,0.0,3785.0,1025947.0,0,0.8831609610042741,0.7059985386475459,1.0995081214500366
2021_1pct_x100,0.065,65.0,0.0,20,20,-0.4560487232795607,1.1733161926720825,-0.5967066653806377,0.9088935742985377,-0.47286859810264953,-0.9097065609332944,-0.002390885625827066,0.9315256761903887,1.6079247102067515,0.11264853441836076,20,-0.5005954471795382,1.2040909682563585,-0.5970862542462265,1.0069238883114302,-0.5284899846306097,-0.9661522241243478,-0.03503867023472862,0.9559585561035718,1.6500987826537807,0.11380116392540773,0,True,-0.5005954471795382,0.0,0.0,0.0,0.0,0.0,0.0,0.0,0.0,0.0,38793.0,10245372.0,0,,,
2021_1pct_x100,0.065,65.0,1.0,20,20,-0.4801857556729211,1.1738459058782647,-0.6242640112092803,0.9112629050913689,-0.4982931602486482,-0.9340484047399754,-0.026323106605866786,0.9319462290265786,1.608650634692293,0.11280240958452609,20,-0.5240806847259818,1.2032535905060138,-0.6242640112092803,1.0095213149523503,-0.553161821564974,-0.9893136930380109,-0.05884767641395272,0.955293740532127,1.6489512314779207,0.11398231348775467,0,True,-0.5239932610526934,0.0,0.0,0.0,0.0,0.0,0.0,0.0,0.0,0.0,38793.0,10245372.0,0,0.3757803209081866,-0.6870970227935924,1.7691825221827298
2021_1pct_x100,0.065,65.0,3.0,20,20,-0.5612608957996639,1.1863124475196098,-0.6701744274426892,0.9128937106837919,-0.587885271335236,-1.0199436814670262,-0.1025781101323015,0.9418437346646477,1.625734912980731,0.11284206387618267,20,-0.5786339409951416,1.1969108129778296,-0.6701744274426892,1.0431887538499622,-0.6096015778295834,-1.041414540692915,-0.11585334129736835,0.9502580475426601,1.6402590232031118,0.11375643467594476,0,True,-0.57796400538285,0.0,0.0,0.0,0.0,0.0,0.0,0.0,0.0,0.0,38793.0,10245372.0,0,0.7767049221292149,0.41593063900305294,1.235416935098642
2021_1pct_x100,0.065,65.0,5.0,20,20,-0.5977095149013585,1.161883266840033,-0.72967836056535,0.9956868462795972,-0.6381558372418237,-1.0469468592188405,-0.14847217058387652,0.9224487845280651,1.5922569097705812,0.11191606163429502,20,-0.631981503191353,1.2005450017253112,-0.72967836056535,0.9956868462795972,-0.6625786348259619,-1.096167246889614,-0.16779575949309222,0.9531433227579381,1.6452393532498004,0.11355987782070642,0,True,-0.6299448332994622,0.0,0.0,0.0,0.0,0.0,0.0,0.0,0.0,0.0,38793.0,10245372.0,0,0.8541571764240187,0.6396045540987455,1.130665602641827
2021_1pct_x100,0.09,90.0,0.0,20,20,0.47221614493042086,1.0282444680182403,0.3316817457899554,1.102287646256627,0.48202719823842866,0.07464968769246338,0.8697826021683783,0.8163495307930291,1.4091169103314325,0.09896025398616903,20,0.46200792165114135,1.0238043636936698,0.3316817457899554,1.1021718786208319,0.46923756289884366,0.0661582123277033,0.8578576309745793,0.8128244186287776,1.403032145198247,0.0990982384343228,0,True,0.46200792165114135,0.2,0.0,0.0,0.0,0.0,0.0,0.2,0.0,0.0,38793.0,10245372.0,0,,,
2021_1pct_x100,0.09,90.0,1.0,20,20,0.3745854926005553,0.9722933747083082,0.2413136617492798,1.1071795942799603,0.39656464818568293,-0.0013477065575488445,0.7505186917586595,0.7719285295704775,1.3324409502978127,0.10205745859225152,20,0.44729375282804407,1.022807366780675,0.3209507990332628,1.1047524860638884,0.45645661886231836,0.05182952822434439,0.8427579774317437,0.8120328773295631,1.4016658502622221,0.09868900975330419,0,True,0.4473369098292485,0.2,0.0,0.0,0.0,0.0,0.0,0.2,0.0,0.0,38793.0,10245372.0,0,1.320940742879249,0.5314276837237282,2.450697442854858
2021_1pct_x100,0.09,90.0,3.0,20,20,0.36881188871105064,1.0512380385536666,0.28816408334575055,1.1967422160266035,0.3655003813764942,-0.03764493717108641,0.7752687145931877,0.8346047133898574,1.4406275384730205,0.10059237148612638,20,0.4089016900007224,1.022106556212316,0.28816408334575055,1.093561794165732,0.4156010561608895,0.013708430895523704,0.804094949105921,0.811476485929999,1.400705452172537,0.09846852717286236,0,True,0.4092247640703387,0.25,0.0,0.0,0.0,0.0,0.0,0.25,0.0,0.0,38793.0,10245372.0,0,1.096046871958447,0.8219318016691342,1.4746453544009064
2021_1pct_x100,0.09,90.0,5.0,20,20,0.3709228787515837,1.0200730918144345,0.25114341394569034,1.071589087041361,0.3813524716935926,-0.023484149781284935,0.7653299072844524,0.8098620666369934,1.3979187714183636,0.10023915662770178,20,0.3708773373546991,1.0201160002422651,0.2511434011088747,1.0715629287754944,0.38133058716406126,-0.023546281543757486,0.7653009562531556,0.8098961327331564,1.397977573574011,0.10023675971207635,0,True,0.37179819311952167,0.25,0.0,0.0,0.0,0.0,0.0,0.25,0.0,0.0,38793.0,10245372.0,0,1.0502234699457116,0.8880430006258481,1.2816144789972626
2021_1pct_x100,0.12,120.0,0.0,20,20,-0.0491144673363612,0.8286051853125094,-0.2906633674285426,0.6330647485132037,-0.10827847907024815,-0.3694912242457422,0.2712622895730198,0.6578508081314943,1.135529161525676,0.1125702047076687,20,-0.04910888658243702,0.8286099015707252,-0.29067065082526294,0.6330647485132036,-0.10827514585207842,-0.3694874670134888,0.27126969384861477,0.6578545524892822,1.135535624734973,0.11256990330314658,0,True,-0.04910888658243702,0.95,0.0,0.0,0.0,0.0,0.0,0.95,0.0,0.0,38793.0,10245372.0,0,,,
2021_1pct_x100,0.12,120.0,1.0,20,20,-0.06458158563223723,0.8304221883722734,-0.3140839012905277,0.6183775118063096,-0.12502183207878761,-0.3856608792356918,0.2564977079712173,0.6592933732426364,1.1380192014113972,0.11304044503716604,20,-0.06458082449308096,0.8304225506466522,-0.3140830141275207,0.6183872423836274,-0.1250210210075977,-0.38566025816842087,0.256498609182259,0.6592936608615133,1.1380196978759725,0.1130404049772105,0,True,-0.06463936922246663,0.95,0.0,0.0,0.0,0.0,0.0,0.95,0.0,0.0,38793.0,10245372.0,0,0.6858995157871517,0.34748363148481676,1.7399088299258016
2021_1pct_x100,0.12,120.0,3.0,20,20,-0.09435690901419802,0.8268007846152392,-0.3500108379873259,0.650246898822885,-0.15576518999277988,-0.4140360018806749,0.22532218385227887,0.6564182483576323,1.133056392048552,0.11256777956519912,20,-0.09434922273054946,0.8267992679727766,-0.3500112776495115,0.6502837564053906,-0.1557558937908652,-0.4140277291935109,0.22532928373241196,0.6564170442564665,1.1330543136259514,0.11256737502395447,0,True,-0.09488739414648062,0.95,0.0,0.0,0.0,0.0,0.0,0.95,0.0,0.0,38793.0,10245372.0,0,0.8833094525411751,0.7700995636932173,1.2359773873563114
2021_1pct_x100,0.12,120.0,5.0,20,20,-0.12247113203337825,0.8372606158863736,-0.375569394010629,0.6632722564172394,-0.18140267285443193,-0.44619447526162603,0.2012522111948695,0.6647225754082042,1.147390653580516,0.1131997726125327,20,-0.12248728147482113,0.8372660923080324,-0.3755760775788985,0.6632385750196421,-0.18142283411964372,-0.44621274213878087,0.2012381791891386,0.6647269232791538,1.1473981585256996,0.11320065965834186,0,True,-0.12400368797303898,0.95,0.0,0.0,0.0,0.0,0.0,0.95,0.0,0.0,38793.0,10245372.0,0,0.9248631121339077,0.863098092087504,1.1348752227673726
2021_1pct_x100,0.18,180.0,0.0,20,20,-0.5239576769533215,1.123259952224633,-0.7779736523477736,1.1026308909511202,-0.5350931301498981,-0.9582614769279623,-0.08965387697868082,0.891784749131189,1.539327117828685,0.11113554882617405,20,-0.523958357508657,1.1232606269955914,-0.7779736523477736,1.1026364738354115,-0.5350941045543506,-0.9582624183806892,-0.089654296636625,0.8917852848490775,1.5393280425418223,0.11113558464487594,0,True,-0.523958357508657,1.0,0.0,0.0,0.0,0.0,0.0,1.0,0.0,0.0,38793.0,10245372.0,0,,,
2021_1pct_x100,0.18,180.0,1.0,20,20,-0.54095894367246,1.1296338364160723,-0.7903902680000763,1.1220858800641553,-0.5473516516258233,-0.9777271795236384,-0.10419070782128165,0.8968451384946632,1.548061954998256,0.11097195582695568,20,-0.5455379303310529,1.1252548890112026,-0.7903915025970449,1.1220539164278431,-0.5530750332305433,-0.9806130643369662,-0.11046279632513972,0.8933685803700934,1.5420609999437187,0.110730956529135,0,True,-0.5456402116392547,1.0,0.0,0.0,0.0,0.0,0.0,1.0,0.0,0.0,38793.0,10245372.0,0,0.20952611599974946,-0.45743023311425435,1.4553608723317273
2021_1pct_x100,0.18,180.0,3.0,20,20,-0.5751154495420348,1.127107699330956,-0.8427252774886302,1.1233140593403714,-0.584954276310253,-1.0109069649705273,-0.1393239341135422,0.8948395737789802,1.5446001104708416,0.11083378851426712,20,-0.575112994361587,1.1271052588689312,-0.8426760670447905,1.1233126849511934,-0.5849484810661089,-1.0109035661955634,-0.13932242252761057,0.8948376362338819,1.5445967660363078,0.11083391773429063,0,True,-0.5760253875230613,1.0,0.0,0.0,0.0,0.0,0.0,1.0,0.0,0.0,38793.0,10245372.0,0,0.719023739689374,0.5032954533916998,1.137917774778303
2021_1pct_x100,0.18,180.0,5.0,20,20,-0.626216367796592,1.1150583035181671,-0.7843789572346147,1.1155576004257837,-0.637756090787498,-1.057349034328595,-0.19508370126458902,0.8852732508625362,1.5280874931632071,0.11205704101497183,20,-0.6143905270092956,1.1304037163485536,-0.8533508899221554,1.1286393310656466,-0.6229752589136286,-1.0514564337420351,-0.17732462027655627,0.8974563658255131,1.5491170064626951,0.11143669217110552,0,True,-0.616915987521145,1.0,0.0,0.0,0.0,0.0,0.0,1.0,0.0,0.0,38793.0,10245372.0,0,0.8292455097551835,0.6989019388152796,1.074786601903281
2021_1pct_x100,0.21,210.0,0.0,20,20,-0.15960208594220954,1.0705050447807283,-0.07989865758797521,1.554007252083486,-0.1766058492141597,-0.5735084198407017,0.25430424795628254,0.8499012814555844,1.467031244138794,0.09523283265265503,20,-0.09218374162920746,1.0674131400602047,0.1176355211907561,1.5317169302222635,-0.09233353487319512,-0.5048946033962277,0.3205271201378128,0.847446539372001,1.4627940657611458,0.091684443208025,0,True,-0.09218374162920746,0.9,0.0,0.0,0.0,0.0,0.0,0.9,0.0,0.0,38793.0,10245372.0,0,,,
2021_1pct_x100,0.21,210.0,1.0,20,20,-0.11829115760425306,1.0685240566200285,0.08531489979375359,1.5691843004994475,-0.12009525089559468,-0.5314315506497905,0.2948492354412844,0.8483285243868198,1.4643164773656856,0.09289912323655976,20,-0.11829501112829202,1.068520144974182,0.08528306693898924,1.5692314959605422,-0.12009432658590288,-0.5314338917521928,0.2948438694956088,0.848325418831331,1.4643111168055454,0.09290064810035614,0,True,-0.11842153469942289,0.9,0.0,0.0,0.0,0.0,0.0,0.9,0.0,0.0,38793.0,10245372.0,0,1.0852939738994318,-0.28046930946138504,2.133795229997809
2021_1pct_x100,0.21,210.0,3.0,20,20,-0.10624545663411541,1.0521608942863463,0.0832654098647064,1.42389190220972,-0.08534656213602906,-0.5130591008562435,0.3005681875880126,0.8353373921134442,1.4418922295646452,0.08860806428579943,20,-0.16376214353373333,1.0684463748903705,0.05788530268306275,1.5459310855188948,-0.15723556892087698,-0.5768725012608102,0.24934821419334355,0.8482668508786902,1.4642100215156526,0.09163518772048426,0,True,-0.16490850228974313,0.9,0.0,0.0,0.0,0.0,0.0,0.9,0.0,0.0,38793.0,10245372.0,0,1.0193025001886031,0.5618836194692313,1.3613898603591228
2021_1pct_x100,0.21,210.0,5.0,20,20,-0.10159867205505566,1.0234997556060317,0.041483150425875304,1.2760982738258118,-0.07315894764252409,-0.49733060592526734,0.294133261815156,0.8125825824923787,1.4026147071077297,0.08790964228609686,20,-0.1794409330040793,1.031150542481705,-0.005499787307148601,1.4183315769086196,-0.17048392498955137,-0.5781310118756509,0.21924914586749225,0.81865673749191,1.4130994249926032,0.09102286135660445,0,True,-0.1684285065410147,0.95,0.0,0.0,0.0,0.0,0.0,0.95,0.0,0.0,38793.0,10245372.0,0,0.9988987609735023,0.7484601367423769,1.1988449286529206
