mass_GeV,mass_MeV,dataset_set,n_active_datasets,hps_v4p2_eps2_obs_ee_channel,N_eff_BR,BR_ee_minimal,dimuon_correction_applied,hps_v4p2_eps2_obs_minimal_visible,density_2015_counts_per_GeV,density_2016_counts_per_GeV,density_2021_10pct_counts_per_GeV,density_current_counts_per_GeV,density_2021_100pct_equivalent_counts_per_GeV,full2021_projection_scale_eps2,hps_v4p2_projected_full2021_eps2_minimal_visible,gp_state_sha256_by_dataset,babar_visible2014_eps2_90_log_interp,hps_v4p2_observed_over_babar,hps_v4p2_projected_full2021_over_babar,hps_v4p2_observed_below_babar_on_grid,hps_v4p2_projected_full2021_below_babar_on_grid
0.019,19,2015,1,9.0910923610199042e-06,1,1,False,9.0910923610199042e-06,282453695.05657667,,,282453695.05657667,282453695.05657667,1,9.0910923610199042e-06,"{""2015"": ""e909a220efc26c8fe70dd4d638bab27f5914adeec07510ade7665d69253917c9""}",,,,False,False
0.02,20,2015,1,1.3250739100729953e-05,1,1,False,1.3250739100729953e-05,379153831.15514982,,,379153831.15514982,379153831.15514982,1,1.3250739100729953e-05,"{""2015"": ""e1092c305c354145dc00de9883b29055e0eccc96cfab187dd8faad042f80ae5e""}",,,,False,False
0.021000000000000001,21,2015,1,2.62940119494728e-05,1,1,False,2.62940119494728e-05,472707141.1161992,,,472707141.1161992,472707141.1161992,1,2.62940119494728e-05,"{""2015"": ""10b61e71bf72b2ea9aa39a77a33752d65d305e476bafa628d60acf1cebcc5ba9""}",3.5698334113537242e-06,7.3656131588229465,7.3656131588229465,False,False
0.021999999999999902,22,2015,1,1.6849498786461963e-05,1,1,False,1.6849498786461963e-05,557319166.63764083,,,557319166.63764083,557319166.63764083,1,1.6849498786461963e-05,"{""2015"": ""3cf40bdb1595310c0228000bd55b8c6425bb46ef11536672b0e3f8620e3c09ff""}",3.1084728006613603e-06,5.4205070679328626,5.4205070679328626,False,False
0.023,23,2015,1,6.6946280075886937e-06,1,1,False,6.6946280075886937e-06,630016895.05618072,,,630016895.05618072,630016895.05618072,1,6.6946280075886937e-06,"{""2015"": ""1f9790410d346ff75881ec048c7061459dd27584dec811a380f4aef92bcb905f""}",2.9031426911024984e-06,2.3059934422466641,2.3059934422466641,False,False
0.024,24,2015,1,6.0227291849163151e-06,1,1,False,6.0227291849163151e-06,691123382.26357746,,,691123382.26357746,691123382.26357746,1,6.0227291849163151e-06,"{""2015"": ""d1042ab0a6b2181ce628bb596c4a9a11734396eb10cd73d26e2067ca3719d160""}",2.4689122565692652e-06,2.4394261759975784,2.4394261759975784,False,False
0.025000000000000001,25,2015,1,7.0867398434493366e-06,1,1,False,7.0867398434493366e-06,738967301.35860705,,,738967301.35860705,738967301.35860705,1,7.0867398434493366e-06,"{""2015"": ""508b43006dc6809282276b8fb42c5b7ed9bd5074000698589894cdac20aba907""}",1.9211849055878185e-06,3.6887338760768738,3.6887338760768738,False,False
0.025999999999999902,26,2015,1,8.504925358416046e-06,1,1,False,8.504925358416046e-06,775313630.78009462,,,775313630.78009462,775313630.78009462,1,8.504925358416046e-06,"{""2015"": ""5aaecaedb9e5a87742e9d072eae446b6e837aacb18f091d5eb0884f60394e72b""}",1.7786138294063034e-06,4.7817717470773111,4.7817717470773111,False,False
0.027,27,2015,1,7.7211668935564625e-06,1,1,False,7.7211668935564625e-06,800922607.86220169,,,800922607.86220169,800922607.86220169,1,7.7211668935564625e-06,"{""2015"": ""504196692d0311568f7937c10e261523e600133d46b878ba55b1ce7dd24ed850""}",1.8577642695975956e-06,4.1561607249712686,4.1561607249712686,False,False
0.028000000000000001,28,2015,1,7.5277366317360178e-06,1,1,False,7.5277366317360178e-06,816392166.02914715,,,816392166.02914715,816392166.02914715,1,7.5277366317360178e-06,"{""2015"": ""bc028c41cb84f3730368cf1626644037b73bd19525e0114d8382c5d8286a34b7""}",2.5011030264802794e-06,3.0097667117414013,3.0097667117414013,False,False
0.029000000000000001,29,2015,1,8.3979586448133704e-06,1,1,False,8.3979586448133704e-06,823046135.58372259,,,823046135.58372259,823046135.58372259,1,8.3979586448133704e-06,"{""2015"": ""b83cee0e17b8702ec00f63536f3b8488acae5acda7041c99df641f307e4b375c""}",2.992726302616344e-06,2.8061231785451235,2.8061231785451235,False,False
0.029999999999999898,30,2015,1,1.023124658847981e-05,1,1,False,1.023124658847981e-05,822008895.93766797,,,822008895.93766797,822008895.93766797,1,1.023124658847981e-05,"{""2015"": ""3c3b9333983c07f1110b5b3185d5aed4cdf9462354ea74dedfcbbc0e94f04e8f""}",3.1523413082465796e-06,3.2456024230988856,3.2456024230988856,False,False
0.031,31,2015,1,8.5877736955787795e-06,1,1,False,8.5877736955787795e-06,814302946.66268063,,,814302946.66268063,814302946.66268063,1,8.5877736955787795e-06,"{""2015"": ""8840b2e03f9f83ed671cf5a48feb834ceb9da2492e533d54b84422925bc71c9a""}",3.4492969177893363e-06,2.4897171511354572,2.4897171511354572,False,False
0.032000000000000001,32,2015,1,6.4990281535513353e-06,1,1,False,6.4990281535513353e-06,800432354.02830935,,,800432354.02830935,800432354.02830935,1,6.4990281535513353e-06,"{""2015"": ""61cdc0216f77701b078869d568f13f3c2924442606cf97542537872a0bb0c19d""}",2.68072101940688e-06,2.4243582627592,2.4243582627592,False,False
0.033000000000000002,33,2015,1,5.0392149996478564e-06,1,1,False,5.0392149996478564e-06,781756301.06386173,,,781756301.06386173,781756301.06386173,1,5.0392149996478564e-06,"{""2015"": ""735ed2b16c84f58b8120b5749d2658a4157dfd506541c3733583c7847ce7447b""}",1.637339527014816e-06,3.0776848152168608,3.0776848152168608,False,False
0.034000000000000002,34,2015,1,4.5030849404918069e-06,1,1,False,4.5030849404918069e-06,759251610.42053795,,,759251610.42053795,759251610.42053795,1,4.5030849404918069e-06,"{""2015"": ""d401bbdfb00e49a060f87a5ce3b1fedb6846ee94e6283168bd9f46ec3006e3c2""}",1.0341889092424669e-06,4.3542189441871617,4.3542189441871617,False,False
0.035000000000000003,35,2015,1,4.3090932589142466e-06,1,1,False,4.3090932589142466e-06,733146781.92594957,,,733146781.92594957,733146781.92594957,1,4.3090932589142466e-06,"{""2015"": ""0bd154b413a27ac09c500a047caada1f06d07a768056f8ed1193064514e7cdad""}",8.7863640777702237e-07,4.9042962717836689,4.9042962717836689,False,False
0.0359999999999999,36,2015,1,5.3977858635976168e-06,1,1,False,5.3977858635976168e-06,704234099.84490526,,,704234099.84490526,704234099.84490526,1,5.3977858635976168e-06,"{""2015"": ""0431a6d5a1e596a177680faff7b91684ef92402c0dfffaba481ffe50eaffffdc""}",1.0623719282305442e-06,5.0808814880754731,5.0808814880754731,False,False
0.036999999999999901,37,2015,1,7.5823118482130796e-06,1,1,False,7.5823118482130796e-06,673803749.13072252,,,673803749.13072252,673803749.13072252,1,7.5823118482130796e-06,"{""2015"": ""7da189cbe5ee1bf47f16d71fbc528e79a048cee5a4212d876344306868d67606""}",1.0523243727540393e-06,7.2052990926831839,7.2052990926831839,False,False
0.037999999999999902,38,2015,1,1.2192184480002685e-05,1,1,False,1.2192184480002685e-05,641013054.83998084,,,641013054.83998084,641013054.83998084,1,1.2192184480002685e-05,"{""2015"": ""14e97fbe4d54bc66aef4a61a4a6894c2acfe36a018b5ce8b9712dc626d932bb6""}",1.2209253475001884e-06,9.9860196243495576,9.9860196243495576,False,False
0.039,39,2015+2016,2,1.1292680637828364e-05,1,1,False,1.1292680637828364e-05,607069903.44101572,423346821.00178927,,1030416724.4428051,1030416724.4428051,1,1.1292680637828364e-05,"{""2015"": ""73c897099b1369d3cd1c013055c35a1aa4ac0a2f2a071996d8eb85433e08e128"", ""2016"": ""f4d09804e8a009030c988d43d1ce5ac60069b4d4bfdba08e8fc46a7f8214fd14""}",1.5144477407712428e-06,7.4566327604526581,7.4566327604526581,False,False
0.040000000000000001,40,2015+2016,2,9.7200892700444884e-06,1,1,False,9.7200892700444884e-06,572175251.61615455,513587375.67197108,,1085762627.2881255,1085762627.2881255,1,9.7200892700444884e-06,"{""2015"": ""36d6c571efc0f7878e56add1c44f97c11d78f4cefdf81516361664484416ebf6"", ""2016"": ""d2f2c51ae91fe3b7c3df977f2126a486f181414d33fc419dac110377c2d42c6b""}",1.682535663463001e-06,5.7770479884144423,5.7770479884144423,False,False
0.041000000000000002,41,2015+2016,2,6.5514894532564812e-06,1,1,False,6.5514894532564812e-06,536941035.2362417,604568032.66780794,,1141509067.9040496,1141509067.9040496,1,6.5514894532564812e-06,"{""2015"": ""09fe335adbfe7cf037828f69e3842991b4664c9cd57bf779a3be74e49aa7738e"", ""2016"": ""d3503e1d1ed4059b5b6e78a18c372807d10e6be2ddc38b5da004606e28993842""}",2.0498181494068578e-06,3.1961320350062477,3.1961320350062477,False,False
0.042000000000000003,42,2015+2016,2,5.0770115567668662e-06,1,1,False,5.0770115567668662e-06,501846452.67817795,694489179.9053719,,1196335632.58355,1196335632.58355,1,5.0770115567668662e-06,"{""2015"": ""7c9cd0053c09557c9728900c3f90345739cf3b040312051649d4b259cd370944"", ""2016"": ""ae52a86ef8581d2c6a5a8da352abd1e41d463b5ef419e194c33bc5d5571faaad""}",2.2816641598102821e-06,2.2251353403337912,2.2251353403337912,False,False
0.042999999999999899,43,2015+2016,2,4.2592766837872852e-06,1,1,False,4.2592766837872852e-06,467028006.50587726,781032039.55401242,,1248060046.0598898,1248060046.0598898,1,4.2592766837872852e-06,"{""2015"": ""fcdfd928f90208f8351034a5ae8569b5852f3ff6fdb536577468d5fd3f9b3e16"", ""2016"": ""4fb0070335f2e649d0158fef3a32aaf018731fca6d9eb018f48ffe2e81dd5ccb""}",2.1207588797534177e-06,2.0083738535530804,2.0083738535530804,False,False
0.0439999999999999,44,2015+2016,2,4.0116806535298649e-06,1,1,False,4.0116806535298649e-06,432783094.09741855,862860675.25917149,,1295643769.35659,1295643769.35659,1,4.0116806535298649e-06,"{""2015"": ""b341e5101610134fde1aa09e0410e69d91977f1189aafc2e34dfb7f9b5ef76f7"", ""2016"": ""2e833ac7cbcdfec8c09ad3fa1f0778a9621925341c0bd14db1020008fb8a08a3""}",1.9677889334739467e-06,2.0386742629188483,2.0386742629188483,False,False
0.044999999999999901,45,2015+2016,2,4.7206215100686364e-06,1,1,False,4.7206215100686364e-06,399895844.01198941,939252500.9158895,,1339148344.9278789,1339148344.9278789,1,4.7206215100686364e-06,"{""2015"": ""36f1e3ecc68c320aee096bba134eeee43f0d9cdfebe5cf1b1ae51335e77b500b"", ""2016"": ""cd8f52407632c6766fc241cc09824c916f4a169cf689d94c95e7526b753f2402""}",1.9860947590050162e-06,2.3768359936831764,2.3768359936831764,False,False
0.045999999999999902,46,2015+2016,2,4.215577280403488e-06,1,1,False,4.215577280403488e-06,368264100.33612728,1009345361.5240134,,1377609461.8601408,1377609461.8601408,1,4.215577280403488e-06,"{""2015"": ""132dc71fa396103819bc1e041aaa1c5ab42b370ebc498fe14a6f48c438d2665b"", ""2016"": ""46f48edf54df6400a2c743d385adec0415c3b6766e19ba37d4b77d9a1ec7ed27""}",1.9579068491048573e-06,2.1531041082627724,2.1531041082627724,False,False
0.047,47,2015+2016,2,4.9789484675808296e-06,1,1,False,4.9789484675808296e-06,338097650.37860322,1073163196.033531,,1411260846.4121342,1411260846.4121342,1,4.9789484675808296e-06,"{""2015"": ""6a0341d49be07f905c9952418dae124f95e13df622de947886d3f9b364fb1bc6"", ""2016"": ""83f4d90a9ed3eed097164928f8361a852a1a5ee327398fcc62da3413446a1f09""}",1.6076523049395438e-06,3.097030652886144,3.097030652886144,False,False
0.048000000000000001,48,2015+2016,2,5.9151536029339561e-06,1,1,False,5.9151536029339561e-06,309695977.16334909,1131056332.9028077,,1440752310.0661569,1440752310.0661569,1,5.9151536029339561e-06,"{""2015"": ""af84d12311a3d411fe8bff296d17d61caded4b558649b5d5e7da8ded237a4f8f"", ""2016"": ""17fad25caac0afc446e5a987f7e5a8958b2fc8d29b4c6e6d77aaea1e39e9fcb0""}",9.8113817918525004e-07,6.0288690506835403,6.0288690506835403,False,False
0.049000000000000002,49,2015+2016,2,6.5098513034046651e-06,1,1,False,6.5098513034046651e-06,282792287.34600091,1182668546.1841764,,1465460833.5301774,1465460833.5301774,1,6.5098513034046651e-06,"{""2015"": ""689dcdfca223b39c0a01cf1eb7d48ed3ca6c1a80b50613465e80876339ac5874"", ""2016"": ""67aa76c74e5e83845631a436bef6db272c230d545d85ceb5466830ef5cd39da8""}",5.5538770351210456e-07,11.721273737676089,11.721273737676089,False,False
0.050000000000000003,50,2015+2016+2021,3,8.8084759846554863e-06,1,1,False,8.8084759846554863e-06,257618672.70439032,1228412134.0044506,432274745.50351012,1918305552.2123508,5808778261.7439423,0.57466730959531864,5.0619431957369439e-06,"{""2015"": ""5481710629bd0c58e549286106e27286ad76a030bb4a86cb0922510d626d8113"", ""2016"": ""ce64e3c3e73a3dff92f30884683d78afc1210a60abdab0061a52b5ac6a96cb50"", ""2021"": ""d71c4301421145c19b759eb343d0aab57512175a086482ce8495d45dc1f04052""}",4.5607290603111934e-07,19.313745386257292,11.098978099329477,False,False
0.0509999999999999,51,2015+2016+2021,3,9.7998719933794203e-06,1,1,False,9.7998719933794203e-06,234115558.1361174,1268115691.0640624,505722115.71658146,2007953364.9167614,6559452406.3659945,0.55327751164503336,5.4220487909368185e-06,"{""2015"": ""139c6b48ab3f1458c5b09bfea36fb7779dae668837fa9f5ccf56cd25f1a46dcc"", ""2016"": ""19e8aeddf94ddd187bfe0364fe342b227b10904e459c3dc7fc3b82f560716084"", ""2021"": ""3be0af678fa034a176d212a08ba84d3088549d6081f3a5c2cbdebdd8a37f123f""}",5.1729074552418983e-07,18.944611088003995,10.481627281853759,False,False
0.0519999999999999,52,2015+2016+2021,3,8.1688789870086897e-06,1,1,False,8.1688789870086897e-06,212381663.76433375,1302717925.8798501,582496150.29128814,2097595739.935472,7340061092.557066,0.53457797168033616,4.3669027597772247e-06,"{""2015"": ""1cf46d16185948cf0e078e88da741971e0ff2b9a633adbc2d8ad70d6635aa099"", ""2016"": ""c49b482eb7c22f2e37552899d4389c127203fad91cf5457a25fd92e9f2b046f0"", ""2021"": ""5d166fe4c8c8779d4a1b6b6916a26b96ba9bca3d57043be7fe4831e843338c0d""}",6.0680559305018524e-07,13.462102328270879,7.1965433572001771,False,False
0.052999999999999901,53,2015+2016+2021,3,6.4091330800327293e-06,1,1,False,6.4091330800327293e-06,192211269.0725427,1331961002.9627495,661992830.05194449,2186165102.0872364,8144100572.5547371,0.51810754235802314,3.3206201887412648e-06,"{""2015"": ""a55ac95fc6aaaf58ea58fdd4ee5242757e1baca601187fadd0cdb705a5994950"", ""2016"": ""d87adb9d883fe82433f4053072425e3269809f7cf9962b986df8a057be3bd76f"", ""2021"": ""04a6b97c523de07d5c4fa0db96f3a1541c7331f509fb9b1a18afb05cac4ee6a0""}",8.0541379620100888e-07,7.9575655523452049,4.1228747314784391,False,False
0.053999999999999902,54,2015+2016+2021,3,4.5334450482882263e-06,1,1,False,4.5334450482882263e-06,173609269.79326248,1356437535.8597162,743432117.46763396,2273478923.1206126,8964367980.329319,0.50359989202463218,2.2830424368175543e-06,"{""2015"": ""eb55a79c8e7cc6725a57d90759bb780c82b65e9c67b6aa6b9f4d07cde1e14f6f"", ""2016"": ""8ea1a57b906bf8c52963996a56b529f725cadc79f65b1341b818e8ab72fde502"", ""2021"": ""88955434ab686fe95a835f5a57037e04b72999a939c8365dfbf68c447ad032a4""}",7.5894427740621333e-07,5.9733569159804984,3.0081818979123689,False,False
0.055,55,2015+2016+2021,3,3.0339045073039063e-06,1,1,False,3.0339045073039063e-06,156600051.37024823,1375839606.4196298,825863093.24217498,2358302751.032053,9791070590.211628,0.49077754966691806,1.4889722200180294e-06,"{""2015"": ""a1a31cb448f2fc35b2de7da438eef9ce4b74de7ee8345b94e53157e4cc625f85"", ""2016"": ""24ff4c687280c76e307e89e2a56bed76e17cd5e910d367e878c65f722bf1d38b"", ""2021"": ""3ac594c5fab374c0fa25df83c4ac2db978beea5b627b1a5fe57f17f6c08c42c9""}",9.017771134520262e-07,3.364361838470308,1.6511532592773452,False,False
0.056000000000000001,56,2015+2016+2021,3,2.5575514240834826e-06,1,1,False,2.5575514240834826e-06,141035715.38668299,1391082376.7044239,908527012.00900602,2440645104.1001129,10617388212.181168,0.47945016002624774,1.2262184395521836e-06,"{""2015"": ""fda6af1aabde683857b8b7478fa748df11a76065b404fb7074370cb59c977483"", ""2016"": ""6d1d3a72e8b4670997ab444b804c93ac6753e38abe363fe0239bcd1fa3a1abeb"", ""2021"": ""d3101ffa5b4cc46e588c202d2ad32f10b88abad5d23b10117ea8df86aeef4dff""}",1.2492873601200171e-06,2.047208277075486,0.98153433605090079,False,True
0.057000000000000002,57,2015+2016+2021,3,2.1524290091894478e-06,1,1,False,2.1524290091894478e-06,126862017.54150768,1402509719.4788651,990836705.9222877,2520208442.9426603,11437738796.24325,0.46940546758959634,1.0103619455119842e-06,"{""2015"": ""36c3c4cad84a81d6a617c2126655d6569a318a45b8a4599b39c4bc222c02def9"", ""2016"": ""9106b0a7b3841e321cf81ea07b0cc140ab582460d4326ef50e0d97993ad8cac0"", ""2021"": ""962655a2d0d4c813f6d9a20279c0099354f246060ebc2df63d37f7b611b2ab80""}",1.6572531742937878e-06,1.2987931129512975,0.60966058848705118,False,True
0.058000000000000003,58,2015+2016+2021,3,2.0488407757413198e-06,1,1,False,2.0488407757413198e-06,113943238.38032207,1409422221.9140892,1072404600.9264188,2595770061.22083,12247411469.558598,0.46037417662883767,9.432333851754992e-07,"{""2015"": ""9e91507c29685d60168d21a6e0a0a2550eb12823de4e20bb67bd3313bd740c5b"", ""2016"": ""df8190bc2cb10d94ada0ba9eb9fe0c5fcfb21846c3fd7adb3fcc763d4a246e50"", ""2021"": ""5f877536cf2aef1c2ba0c9f70fb88ae900587f5af52b0a94c7cdceaf41ad142d""}",1.766776721957833e-06,1.1596489529649909,0.53387243189975142,False,True
0.0589999999999999,59,2015+2016+2021,3,1.997579847592649e-06,1,1,False,1.997579847592649e-06,102278331.26874143,1413278098.1817381,1152048029.9981143,2667604459.4485941,13036036729.431623,0.45236388961856183,9.0363298968066471e-07,"{""2015"": ""7f2810d00906e06fc6e9a7bcfb9ab80e8c7aad1b1a37f2d590e6c01f3727b8d3"", ""2016"": ""ff95117598ab10d290c3f38174b6af47a9d3da3e2abc4d9d42072f4e29a5b42c"", ""2021"": ""e37ad2480aafa817403ad3950f1889d98367d65f2a31ecbda9113af00659fc54""}",1.7154261576312408e-06,1.1644802305865631,0.52676880649205748,False,True
0.059999999999999901,60,2015+2016+2021,3,2.0616705652776222e-06,1,1,False,2.0616705652776222e-06,91732194.018182248,1413684184.887007,1229048236.8518496,2734464615.7570391,13795898747.423685,0.44520614985134954,9.1786841462910557e-07,"{""2015"": ""2fc68b31b25316e135cce370bea882f9c3c2e32bdf4e07652211cc4d2600dbba"", ""2016"": ""22994e1d90ec0ec60d9780f2767cf1d1ff3697c5e5855fc2869aa98d33e29ab8"", ""2021"": ""34501b85e44609ca5b59c1a0dca6ed374191033ceabc7207964400d067ae4459""}",1.8572619141354697e-06,1.1100591411401994,0.49420515633432399,False,True
0.060999999999999902,61,2015+2016+2021,3,2.3283196999228549e-06,1,1,False,2.3283196999228549e-06,82218394.661297798,1410663005.976922,1303030703.663672,2795912104.3018918,14523188437.274939,0.43876378166490071,1.0215823564630387e-06,"{""2015"": ""516c8e03a53a960095557fe1fe8e3c2e1b0149a0b63279831d7815dd564fa6ce"", ""2016"": ""ef433aaf68006ec46e99ea0d1947283f99dcd8ebe786da80a868e6148bc9bcaf"", ""2021"": ""76d6b6909bfc4209a4a18498e7f99964c3fef5d817794f5720a04fe8d4bfb138""}",1.8215365648743596e-06,1.2782173824127712,0.56083549249723808,False,True
0.062,62,2015+2016+2021,3,3.0381449391717667e-06,1,1,False,3.0381449391717667e-06,73678076.679561928,1405313761.3065102,1373583173.6839688,2852575011.6700411,15214823574.82576,0.43299718840572976,1.3155082166304719e-06,"{""2015"": ""59b3f2d09cee13d468e081d4f4c94896ab2e1fa1b7aafe79f0ebf39b3a5a6a7e"", ""2016"": ""81de1595546eab07023d709994777ccb10e476711b9f4ac719b181c77ffd04f6"", ""2021"": ""acf0181153b59e093ffec171e37d973554940081f24f05e4960cd7db4ac22e0b""}",1.409804552307913e-06,2.1550114405562018,0.93311389474301687,False,True
0.063,63,2015+2016+2021,3,4.6094029289380804e-06,1,1,False,4.6094029289380804e-06,66010914.499727249,1397200537.1588354,1439911588.8123605,2903123040.4709234,15862327339.782169,0.42780836026453872,1.9719411088275624e-06,"{""2015"": ""d3b2f910eda4e5045cb19e793ffab21bd5a648e374391d311fa0f01526904b4b"", ""2016"": ""7afbf801261e9b33dc1b50fde81ac9c9f4ea0429a2f6747bb5e7cc1983ee2fc3"", ""2021"": ""f34eb4ed3d9706d2fe58cb26f7f312f0721a13f5b4931f38980b0590e31934b2""}",9.223241939099904e-07,4.9975951616291567,2.1380129913625621,False,False
0.064000000000000001,64,2015+2016+2021,3,6.7341164199213838e-06,1,1,False,6.7341164199213838e-06,59126397.218958229,1386360877.900275,1501175724.9416599,2946663000.0608931,16457244524.535831,0.42314252564933702,2.8494910299422055e-06,"{""2015"": ""fefb7d9381514ca6223c6c7b8013bea8a04f7141ca6fb1e9c2fb524e27cbda02"", ""2016"": ""a391a2921ac166788fd728e2293c02d9641a253103c00e060d6858b58b1dfc7d"", ""2021"": ""809e121ef77a01244075e645d23acb3f88e1cba3d665053a9211b761a9f47a14""}",7.8124395726517174e-07,8.6197356885740017,3.6473767296929305,False,False
0.065000000000000002,65,2015+2016+2021,3,8.4782887691013899e-06,1,1,False,8.4782887691013899e-06,52929794.734104469,1373486827.9119611,1556935082.4369991,2983351705.0830646,16995767447.016056,0.4189689491644929,3.5521397363035313e-06,"{""2015"": ""2c1561bcc11251efc8c218267db6364814d4aa7117a6d87bb2334cf5017907b0"", ""2016"": ""9739e8f136c598fb4680fb3bb9852b57d99fca14530b7a8f6807365413ade411"", ""2021"": ""c02fb8a3fc4bbe27ec9021f61d0eb0bd2f405538aa2a6379fa7dde71dc0102b4""}",7.9652097703900892e-07,10.644150014251505,4.4595683462201752,False,False
0.066000000000000003,66,2015+2016+2021,3,8.1026231676845568e-06,1,1,False,8.1026231676845568e-06,47337423.573393308,1358842351.8140266,1607531440.5617692,3013711215.9491892,17481494181.005112,0.41520401284865421,3.3642416538231019e-06,"{""2015"": ""7bb584113d1fdd81809c4bd1cd22a2f5e837412fc36f5221c52a2b8cc3eb32ba"", ""2016"": ""29c946f2a933137950daa0616b59fa6a2f4ddd1eb68d0e14dbf3e0b8067c5ea1"", ""2021"": ""3e1332a932784c52a38d73acbf3c753834f35dcb778a5a6b0f7d518f5e6c1a10""}",8.0986158923693679e-07,10.004948098994255,4.1540945990449289,False,False
0.067000000000000004,67,2015+2016+2021,3,6.5925794879799443e-06,1,1,False,6.5925794879799443e-06,42337863.641424,1342062244.3715439,1652683428.7291,3037083536.7420678,17911234395.303967,0.41178034216114667,2.7146946372849384e-06,"{""2015"": ""b913a5a250e55fee36a822e73b359a794dcafc1a971000115afb165a12f88177"", ""2016"": ""63adfd24029cfa79f390face76d3c7388edb87ee40092292526402aa658b9ee1"", ""2021"": ""c06007e5f88070042f711ce09fe76cc2f073a0334ab125b7d1c7c7e1f13b65ac""}",8.0074465215864408e-07,8.2330609017590017,3.3902126351598803,False,False
0.068000000000000005,68,2015+2016+2021,3,4.45319175224651e-06,1,1,False,4.45319175224651e-06,37899955.476686701,1323365139.4716449,1692047220.3328238,3053312315.2811556,18281737298.276569,0.40867388152616674,1.8199031585708932e-06,"{""2015"": ""3e4e93bc1df447f369f1a5b26a144c4ef6b4b5580d1708fdc4402c9ee7fb1a79"", ""2016"": ""b57659171f93690b4e17e6be699f1f2f83ae0ea9fed26d5cb944bdafc4764e53"", ""2021"": ""ce98206e958c861e64ed912c6215f0bab9c93d83c91af1183d234c8665a23a6c""}",8.878871201183417e-07,5.0154931312135353,2.0497010457008633,False,False
0.069000000000000006,69,2015+2016+2021,3,2.27011275334688e-06,1,1,False,2.27011275334688e-06,33961895.389469631,1303173663.8065791,1726294256.5435472,3063429815.7395959,18600078124.631519,0.40583227563565344,9.2128502464028318e-07,"{""2015"": ""b7c5edc9ba64f18410bb8dcedf549da3692750782ce5a743110fc07ef0826d37"", ""2016"": ""2e856875708bfb69546d16504a244b8f49197053b8462c6927a86783566e315a"", ""2021"": ""3c5f124c769d7d05d4be17e2e8e82ee3520470271c0ec012cd3b9a3eec20cd84""}",1.0832550588264453e-06,2.0956401125015085,0.85047839576984396,False,True
0.070000000000000007,70,2015+2016+2021,3,1.5676550290582404e-06,1,1,False,1.5676550290582404e-06,30474118.940353226,1281324349.4902616,1755269415.8265586,3067067884.2571735,18864492626.696201,0.40321727446630362,6.3210558812025771e-07,"{""2015"": ""87bb480a3a3547288571074b68e3d7cff8492e7355ea0c1d6079b07d1dc39590"", ""2016"": ""e0eb0e69c703783f29501f066fd7a9a6ea4a4a8f8186924a641496fba5d34c77"", ""2021"": ""46966dc761fb985a7b8a6250f35b860bf31f788af9091471f6da86fa8d6164f9""}",1.1526951604941201e-06,1.3599909870240467,0.54837185908657426,False,True
0.070999999999999897,71,2015+2016+2021,3,1.2926410285515583e-06,1,1,False,1.2926410285515583e-06,27331018.393590622,1258042084.3628342,1780011874.6826298,3065384977.4390545,19085491849.582722,0.40076596689510724,5.1804653165575118e-07,"{""2015"": ""8e1ef54b5007c437ad6cd891fdf5fa8037ecf210638b2e7971cb7476df050767"", ""2016"": ""fda6ead06a750c4d0167bcecb669a733fe772270ee1873ad5dfc2d433a8f0242"", ""2021"": ""a9ad79e06a4aa7736d46d4506fbe5ade5b18911a4fb8408a19504c9b841eb4d0""}",8.8939367556449086e-07,1.4533957954346028,0.58247157123863214,False,True
0.071999999999999897,72,2015+2016+2021,3,1.1339702931939487e-06,1,1,False,1.1339702931939487e-06,24533534.784259193,1234067778.3365581,1800267819.0181777,3058869132.1389952,19261279503.302597,0.39850876852011874,4.5189710507911849e-07,"{""2015"": ""f51f9fd0ef720f6525508ebbb80f71034fd21c6eddb66c0940d43306294ea2b9"", ""2016"": ""3be1bf6f126ce1cee30a1bff5b03729d2acb9f43f01f32c9aca78fb32ca95f60"", ""2021"": ""623bd93aad7372d8b9df6af805219ec07ad69083b59e4669734e1e35df7aea8e""}",7.5427693454894596e-07,1.5033872060161266,0.59911298407838864,False,True
0.072999999999999898,73,2015+2016+2021,3,1.1384917259747678e-06,1,1,False,1.1384917259747678e-06,22008961.537844464,1208915214.8327818,1816703818.5063844,3047627994.8770103,19397962361.434467,0.39637195705289857,4.5126619351315103e-07,"{""2015"": ""dde06438e77e8a97417088f6f82fb9a987a1c8e619863ae4abe6ed4c02a900bc"", ""2016"": ""15583128e81c255149b9b83e03d8f5b34cc3aaa00472eb2195f147b9509dd906"", ""2021"": ""baaf89e9cbb7140a36e1421205f948cecba663d2a66bc3501870567f0e9a6ed0""}",7.2871421872740428e-07,1.5623295068442353,0.61926360418933946,False,True
0.073999999999999899,74,2015+2016+2021,3,1.2912182897063789e-06,1,1,False,1.2912182897063789e-06,19779010.383887347,1182719185.7997746,1829474701.9884825,3031972898.1721444,19497245216.068489,0.39434472024087547,5.0918511522416371e-07,"{""2015"": ""807587e64df8fbd5856fdcba7206fe6f7e5a708f69c04946e5b6c86c524c3f91"", ""2016"": ""a711bd662fcb9f6039f6da67283b4f4351cb6d7fbb47f1d346656f945a723381"", ""2021"": ""a8cb5c47f00cc2603cf9d62107779019ffba406540df27ffb720a884ebe75e30""}",6.4509937127876979e-07,2.0015804497636052,0.78931268250163455,False,True
0.0749999999999999,75,2015+2016+2021,3,1.5345605161825208e-06,1,1,False,1.5345605161825208e-06,17780421.159552719,1155628378.9572015,1838368958.6354597,3011777758.752214,19557098386.471348,0.39242733458832751,6.0220349312999467e-07,"{""2015"": ""c61c4140b8d31f96fe89ce10733162cfb6cdfb80ab51e559014b6c22f2defbbb"", ""2016"": ""0ad86ee26839efd9b7654b017287166a8e79a070aaa01357af2ad9282badf79b"", ""2021"": ""a941daa940b45ffb6c6641857e657996456549e96cef5c26628ee095f3ccd67b""}",7.1837259410463491e-07,2.136162388120006,0.83828851221777045,False,True
0.075999999999999901,76,2015+2016+2021,3,2.0789736447310619e-06,1,1,False,2.0789736447310619e-06,16003052.17205417,1127898291.2724929,1844398591.748667,2988299935.1932139,19587887260.931217,0.39058745899678399,8.1202103321678821e-07,"{""2015"": ""4c5949c9beb50b50e3981220a461539707b5434963aec451dfc337a3b61f6144"", ""2016"": ""fcfcb6709191498313a1729d1665f61114fcd9e98d30dfb1fade2f9fc60a93d4"", ""2021"": ""102801f6a1018e132656e7c6ca42d24853ec312450f53931e8beb15761f47c41""}",1.2081029249624269e-06,1.720858050894728,0.67214557339313019,False,True
0.076999999999999902,77,2015+2016+2021,3,2.8238831689959415e-06,1,1,False,2.8238831689959415e-06,14413574.080228267,1099488311.8040116,1847461207.5520144,2961363093.4362545,19588513961.404381,0.38881685632017826,1.0979733763844645e-06,"{""2015"": ""9836da65d7797d52fb934a2aa65709a6b4c67fcb7ca5027140e194f3d48be1d0"", ""2016"": ""de0cfecf9bc3d2edf1b4678a3d78730e9d68681abb52d7d18852929d557aa312"", ""2021"": ""07fb71d4aa2e3e9809f58e3a2d6c410cdfcf858d60ac2ec333367aa4fd3111d2""}",2.1444989113381918e-06,1.3168032653529333,0.51199530602667298,False,True
0.078,78,2015+2016+2021,3,3.6951381631611032e-06,1,1,False,3.6951381631611032e-06,13018068.842261037,1070693988.918664,1847769944.3645077,2931482002.125433,19561411501.406002,0.38711813917080901,1.4304550097019674e-06,"{""2015"": ""78e31ec888b0b596a9d4ee2afb334e9dc7583a97f0130d76385d7b748ea3190e"", ""2016"": ""c2a20879369c57c81ec22396308abf77e61b5d08de83bc5dc93b3a210936023f"", ""2021"": ""1bea3a8090227a00703f46cdbc8066728bd7f64d9578388b8fb4c7786a7a0ba2""}",2.3600208001430536e-06,1.5657227101291313,0.60611966200266532,False,True
0.079000000000000001,79,2015+2016+2021,3,4.3778293441685295e-06,1,1,False,4.3778293441685295e-06,11752408.010855107,1041422418.9978549,1845689661.7151535,2898864488.7238636,19510071444.160244,0.38546462430868128,1.6874983434374427e-06,"{""2015"": ""4f88b374e563705f5471a09a9f707f947a4b1570ae67ea7a4c90351541759a1b"", ""2016"": ""895cb34232890eeae72c5718b4725753b0f95a9051f98b3e92668c712285e491"", ""2021"": ""e650abd6edcd66f6d0690f719b5f696f589ec5767919517108cd60cb00eed5f6""}",1.8789687838719627e-06,2.3299106306317672,0.89809812590927685,False,True
0.080000000000000002,80,2015+2016+2021,3,4.3239536998578363e-06,1,1,False,4.3239536998578363e-06,10629752.650853964,1012059928.3610625,1840971776.2432175,2863661457.2551341,19432407443.444092,0.38388180945673761,1.6598871703085815e-06,"{""2015"": ""ec37f0db4fab6399c6e30d854e194b9b2dfad72aed0748103cb8a799e067830d"", ""2016"": ""ed456d9622933fd7834d90a7c12a26ca388a22459aec014e0f226fe451a5834d"", ""2021"": ""b1921eed8ad414f649427e474ce16658755b70b28776dff8099974540fd5b632""}",1.7238886698870728e-06,2.5082557681297866,0.96287376284996185,False,True
0.081000000000000003,81,2015+2016+2021,3,4.0698291964690428e-06,1,1,False,4.0698291964690428e-06,9607107.9908582401,982203778.11923134,1834117166.8439004,2825928052.95399,19332982554.549091,0.38232361225486988,1.5559917996543789e-06,"{""2015"": ""b36ae82091d931babcbdd19f53f7aafadc08e19497e4f6fd0115881cfe76a811"", ""2016"": ""c891c39f123b4f51d60f1575f5bc89c128b849677a392b56757e6beb2cb2030c"", ""2021"": ""c0a5f710de4c69c923ddf92fab72de00484ea935a4c97cc0dc84ce4dff8d2db7""}",1.1572898918585858e-06,3.5166894873098506,1.3445134279670286,False,False
0.082000000000000003,82,2015+2016+2021,3,3.273910151697193e-06,1,1,False,3.273910151697193e-06,8679181.0448943581,952011335.40213084,1825600864.2651041,2786291380.7121291,19216699159.098064,0.38077977255626255,1.2466387629328961e-06,"{""2015"": ""cd384a23cf950d9061b3a75cda258e5fd3a64cb396f0d26c3b3572c5c9c069db"", ""2016"": ""0810bdbc32bf35433eeed1b51d2cfbd8e91dc3adea0c7039e6bcc564f0a38f06"", ""2021"": ""54cf64aa5a5753f5780ed261b37bb79f81c6912dcf22940f12e36461e58848a0""}",5.9756434299257718e-07,5.4787575431652904,2.086200051177387,False,False
0.083000000000000004,83,2015+2016+2021,3,2.3191684817982414e-06,1,1,False,2.3191684817982414e-06,7833089.0709739579,921924483.7297647,1815668681.2943528,2745426254.0950913,19086444385.744267,0.37926465889821009,8.7957864317668974e-07,"{""2015"": ""0e0622b42c18e55f60abba6ec2bb8f89d34d7bffaa8a1d7c0f19a6b22fcc0eea"", ""2016"": ""41db5c976dc6253f483e5e9415df42f64dfbcdcc915f0d7f73b8292d268cd1d3"", ""2021"": ""94a33b58736814c804867fd779d7ac1769bce6a2aaeb70d86f2024901ee3f1e7""}",3.7929754853338926e-07,6.1143777247326101,2.318967382145527,False,False
0.084000000000000005,84,2015+2016+2021,3,1.7947630630210993e-06,1,1,False,1.7947630630210993e-06,7089301.850271943,891996324.73505414,1803665927.1918254,2702751553.7771516,18935744898.503582,0.37779992360124165,6.7806134809170179e-07,"{""2015"": ""8aac4c5309fd97ace26f551db1d76141285b61f798c1d6f1a6571e9fb45ed935"", ""2016"": ""6c8d6169944147373d59252270a1802b8440a7cb2c8cda8e77b7e7edb7e6bbf4"", ""2021"": ""cfc9067e95df885666c66bbed90f50cc45eca04535702e9116863cf6f8ed93bb""}",3.8161226441068101e-07,4.7031063474669219,1.7768332187615179,False,False
0.085000000000000006,85,2015+2016+2021,3,1.7716423407635917e-06,1,1,False,1.7716423407635917e-06,6409382.2416356532,862026739.40652561,1790440672.4133158,2658876794.0614772,18772842845.781319,0.3763432097158721,6.6674556499151095e-07,"{""2015"": ""47247648eba9d0efb6f89ae510d0b656ca8fb743453786dffd25a16f1bebd64f"", ""2016"": ""ebfcb95497decefed76b23f482049e7284f4345fa0050c8baa3e607c78e9f55b"", ""2021"": ""e6defb2b20879d3da1f6e670dab154cbcb19e55fb2bc37937c00bd82577e1b02""}",4.6697330177225816e-07,3.7938835775832378,1.4278023228760115,False,False
0.085999999999999896,86,2015+2016+2021,3,1.6630978593261058e-06,1,1,False,1.6630978593261058e-06,5820719.1718359934,832060227.98769736,1775696555.8627672,2613577503.0223007,18594846505.787205,0.37490513829130939,6.2350393294263429e-07,"{""2015"": ""72386ca45d012b9cc9fa1679109007a0da009fbd84feb5fa5160aac7f26e3c0b"", ""2016"": ""e8d5db788b709254e863de192689485bef858f30a79306b84d3ac066938092b1"", ""2021"": ""b24a9621af2e37d6c53b134e22af75f18a0d7cbbc8ae85fdcf44dfbcc15575fa""}",7.2855793072984611e-07,2.2827256271303882,0.85580556692043408,False,True
0.086999999999999897,87,2015+2016+2021,3,1.5830101731435571e-06,1,1,False,1.5830101731435571e-06,5279726.5419957405,802582257.90527916,1760136602.0647149,2567998586.5119896,18409228005.094421,0.37349053624834083,5.9123931845396599e-07,"{""2015"": ""2c23f44cfc6ae74deae492ae5ac0ce76a754eeb5a9c33265e00cb9aae6121793"", ""2016"": ""d8f1b0417dbcc06c23e62ddbfe2808ffc73ed9c49c2865d8ed1f24014bf07fc3"", ""2021"": ""215f0bbc68ef71956ce10e17be54a77997b857d057c9212a167a5fc511c0beb6""}",7.6519522060328569e-07,2.0687664147921625,0.77266467763328217,False,True
0.087999999999999898,88,2015+2016+2021,3,1.6658488135095563e-06,1,1,False,1.6658488135095563e-06,4781778.0477786362,773514054.16427958,1743632625.119082,2521928457.33114,18214622083.402878,0.37209711144889096,6.1985753161746816e-07,"{""2015"": ""268768db5b636e5bbe64b003db3ffd3a7679fe4ed52f8ce5327a1fa640a75725"", ""2016"": ""84169f5291060c657567ee8029e0857777eae135053d448ec1fcba06b154446d"", ""2021"": ""d7571e8b29b2bb22a393295874875bfa9dc3ac6c20b8ded2438bc4c1da1fd286""}",7.0457144795968343e-07,2.3643433442180566,0.8797653288569498,False,True
0.088999999999999899,89,2015+2016+2021,3,1.8546972242568097e-06,1,1,False,1.8546972242568097e-06,4333975.3463038672,744668914.18819463,1725874782.2256141,2474877671.7601128,18007750711.790642,0.37072095377623476,6.8757512394261962e-07,"{""2015"": ""4de8e80ec2b6a097725b4314eecac65a3627649e7e61e973e868d6bf48e9d26d"", ""2016"": ""d57eb1ba9959cfdb770849c4c805cb74e0a11cb7b6be6585ca5a493ff4465e9b"", ""2021"": ""cb3d95dee73d5ae1c6365e99b705093576d099295e75791dc0e14574d1cd7fff""}",7.6260690701386749e-07,2.4320488146628905,0.90161145620218797,False,True
0.0899999999999999,90,2015+2016+2021,3,2.3474448183774331e-06,1,1,False,2.3474448183774331e-06,3924486.9669355415,716200419.37244081,1707421799.1830809,2427546705.5224571,17794342898.170185,0.36935401099885423,8.6703815926618186e-07,"{""2015"": ""1e1d9ace71ca0fba1560ab5792934893701f2850b86b6614269aa59ad850370c"", ""2016"": ""df03e14f2a60e5b88b06defd412e760f2e38645e442dc7ed4c1728ff37394d3b"", ""2021"": ""590dffa16a8702a93f89b03f00fa1371023d8d38228193f72a2d38242d97190b""}",8.7926811934970609e-07,2.6697713322229504,0.98609075000630142,False,True
0.0909999999999999,91,2016+2021,2,2.861226337427733e-06,1,1,False,2.861226337427733e-06,,688197411.84553909,1688209960.037576,2376407371.8831148,17570297012.221298,0.36776542229711101,1.0522601122717265e-06,"{""2016"": ""0ebce7a1af857593cf5f6ba95a2308036a64529d9349437b0c5d4de2846dc0ab"", ""2021"": ""996807c689107e9be87e078b2810d77e711a7dfda0f95b1a915c5d83904b454e""}",1.2162846918229666e-06,2.3524314304567371,0.86514293844691892,False,True
0.091999999999999901,92,2016+2021,2,3.0266657482209935e-06,1,1,False,3.0266657482209935e-06,,660744989.51005173,1668257878.7890339,2329002868.2990856,17343323777.400391,0.3664534761670899,1.109132184631449e-06,"{""2016"": ""149b81d158cf2ef6d379f6993d08929e9ad14bf3042c1a3474d9e9d784235d8d"", ""2021"": ""6c781d25f96e412a727bda5c6450be65c1ca206ffff72f600df70ea68c173f59""}",1.5794429173735149e-06,1.9162868850329156,0.70222999035371636,False,True
0.092999999999999902,93,2016+2021,2,2.9208736232192511e-06,1,1,False,2.9208736232192511e-06,,634006142.14310479,1647188801.3305027,2281194943.4736075,17105894155.448132,0.36518111465269243,1.0666478854868545e-06,"{""2016"": ""59f6bc6ca1b0f2392522858ea93e6dad1fdd66824b50e748f736098aa6a53c18"", ""2021"": ""a08626640d007b67a3d9fd694ae48bcff05c60985aaf80b4fa3a1c8100aafbc4""}",1.5346333837435606e-06,1.9033038471339114,0.69505062041911947,False,True
0.094,94,2016+2021,2,2.515446441863511e-06,1,1,False,2.515446441863511e-06,,607815863.25491834,1625450307.8031468,2233266171.0580654,16862318941.286386,0.36392475135951907,9.1543322091336523e-07,"{""2016"": ""bcf35f81803e6c170310848615bb2c6939963c67f949f723e37c37efb452ebc1"", ""2021"": ""5d2270175bdbd3cdd1a28102903ffe396268ca68f725f41f6514c83e70a91b77""}",1.0852948531289505e-06,2.3177539583933102,0.84348803302082653,False,True
0.095000000000000001,95,2016+2021,2,2.1723584044773607e-06,1,1,False,2.1723584044773607e-06,,582330235.3586539,1603496027.5520115,2185826262.9106655,16617290510.878769,0.36268342943103549,7.8787839608918165e-07,"{""2016"": ""ac90fd887f4c28074fb10c59b210487dfeeb9afc393d13a7b296d4ea3f1dd8e1"", ""2021"": ""79472a4513dc19e9a50bb8dea14be8ed158052b203cf410c07a9a2103539f100""}",7.4662689276947746e-07,2.9095635658386079,1.0552504922059387,False,False
0.096000000000000002,96,2016+2021,2,1.7172073200005812e-06,1,1,False,1.7172073200005812e-06,,557363768.45939922,1581239228.7143855,2138602997.1737847,16369756055.603256,0.36144646513069184,6.2067851571075883e-07,"{""2016"": ""27da7b4afb42ddbad19c921a659dcf1d89146360c19cf9ebb3402a85e1b4bd0c"", ""2021"": ""b47ea07fb55d5a85d72596cd74e2223bd3e72b645b7a998c2ad5b6dd37cedc35""}",8.3743037416478198e-07,2.0505672745787993,0.74117029290918379,False,True
0.097000000000000003,97,2016+2021,2,1.4963664112757086e-06,1,1,False,1.4963664112757086e-06,,533213138.87746245,1558363770.3660083,2091576909.2434707,16116850842.537546,0.360244057885105,5.3905710808093315e-07,"{""2016"": ""0c16d75167f13227aa29b0b9720e2c53c0b159492331cd7935ec5d4682428094"", ""2021"": ""99300f1a883458ed6d352ed62be003ae25728c9eef6fc432182a9b23596f84be""}",1.1369140279818762e-06,1.3161649644977047,0.47414060765685828,False,True
0.098000000000000004,98,2016+2021,2,1.3942226325713348e-06,1,1,False,1.3942226325713348e-06,,509862917.06127018,1534811175.2125387,2044674092.273809,15857974669.186657,0.35907749531868638,5.0063397082034009e-07,"{""2016"": ""7f783dbc56766cac250f4b1bdd1e8ea242dc53cb9485c6c41cc578c22fc0449c"", ""2021"": ""3e3498e1be6f487c5df595b5061341bbead904ec77a4095eb0b88b45251ad80d""}",1.3362314991447342e-06,1.0433990169096585,0.37466110560989985,False,True
0.099000000000000005,99,2016+2021,2,1.4363136980542271e-06,1,1,False,1.4363136980542271e-06,,487165141.69714516,1511028905.8514876,1998194047.5486329,15597454200.212023,0.35792494832154975,5.1409250614959322e-07,"{""2016"": ""bc08c32787728d8a661be4c3b16575ea2474d3927cf288900f8d893e2096cdd9"", ""2021"": ""f3720c5a2cd0baa36cbd40bc78503059438d3132118bc3ebb1e7b38ff1779935""}",1.3192116355797891e-06,1.0887666992286436,0.38969676455563651,False,True
0.10000000000000001,100,2016+2021,2,1.4685446486129382e-06,1,1,False,1.4685446486129382e-06,,465036351.08111089,1487397833.4401219,1952434184.5212328,15339014685.482328,0.35677093772635682,5.2393405137866114e-07,"{""2016"": ""fbf37adc3ceafeee6aef17c6083c7d2613be5c0d58bb516716aeaf2ba30132c3"", ""2021"": ""61582de66912f54fc68e30c13ff6598325218abe1d29fd086249fc490d26ad33""}",1.0101023603343933e-06,1.4538572587106697,0.51869401751047617,False,True
0.10100000000000001,101,2016+2021,2,1.5784097171009358e-06,1,1,False,1.5784097171009358e-06,,443888432.31630123,1463545807.7925766,1907434240.1088777,15079346510.242067,0.35565877364256576,5.6137526428962797e-07,"{""2016"": ""323e6f6890ce75b4ef88874df8cdb66c9b75a1316f90decd4abe51d1b6a79972"", ""2021"": ""de37588a09646d89ea671436f83278df609d18b8a8f54cbe91485846b2854d8a""}",6.612978373344245e-07,2.3868363511715511,0.84889928954317029,False,True
0.1019999999999999,102,2016+2021,2,1.6299528408600426e-06,1,1,False,1.6299528408600426e-06,,423389126.57940996,1439773239.9828668,1863162366.5622768,14821121526.408077,0.35455598237556235,5.779095307169711e-07,"{""2016"": ""fc1348127cfb90abca794765141a034bec7a330e9080ce5edb3cb91dfc024202"", ""2021"": ""225f72080a10c6fd1e90f2937fbc0c6a057a98c7772795c8325187ee1bce20a3""}",3.8000799781136361e-07,4.2892593057190158,1.5207825468027281,False,False
0.1029999999999999,103,2016+2021,2,1.760280788075115e-06,1,1,False,1.760280788075115e-06,,403721617.26873195,1415306075.6792226,1819027692.9479547,14556782374.060957,0.35349799980148888,6.2225573767354166e-07,"{""2016"": ""0e2e9b8116cf401445b172855eb03dd4481077cdb2a0915de5ada84c9f1a119f"", ""2021"": ""d02fc377c754df9a05d460ff5163caf7794fe0342f47fa64fe828aadbb276808""}",3.2085042142338758e-07,5.4862972604679392,1.9393951078918044,False,False
0.104,104,2016+2021,2,1.9064783120587701e-06,1,1,False,1.9064783120587701e-06,,384760386.61464036,1390650623.4117515,1775411010.026392,14291266620.732157,0.35246345463335194,6.7196393205179565e-07,"{""2016"": ""a5966f5bc11ac889326a97c437157be67ee044950db27d420c4d86ed93c32961"", ""2021"": ""e2194ce82781d9def715b59f2f4b6b20c2b91c2a627c28fe674cfcc84065aa31""}",3.5618858134347192e-07,5.3524408471150764,1.8865397916948443,False,False
0.105,105,2016+2021,2,1.9692010351980644e-06,1,1,False,1.9692010351980644e-06,,366586071.14817476,1366191403.4118524,1732777474.5600271,14028500105.266697,0.35145180405166487,6.9207925636076577e-07,"{""2016"": ""4572f9a5d08a663bb1428b773133bc42a28ff91d24c086d75b0592a3565f6f95"", ""2021"": ""f67245d5e3556756cb6fe6167150f9f8f6e2c8fd62bbb5a9627dbd0e1d44d866""}",4.0459277733103944e-07,4.8671186079697515,1.7105576153043971,False,False
0.106,106,2016+2021,2,1.9737766543846426e-06,1,1,False,1.9737766543846426e-06,,349110974.859568,1341676381.151068,1690787356.0106359,13765874786.370247,0.35046333409996822,6.9173634706432253e-07,"{""2016"": ""10c76efeee3c3a0887fc0db82ca6b01122b9bf2a439cfb5e16cf0347061c6bc0"", ""2021"": ""cd8bc9c0aa6a891a5055b1d904cc434784bcbaa6bd895b15538e259e62885c1e""}",4.8847888446787921e-07,4.040659109625099,1.4161028635206214,False,False
0.107,107,2016+2021,2,1.934727097750637e-06,1,1,False,1.934727097750637e-06,,332388468.78295684,1317225676.2626097,1649614145.0455666,13504645231.409054,0.34950194431233783,6.7619088237761411e-07,"{""2016"": ""c007102e7e60e74338e1a2d19c29ce00934ffb9e129e6e97cdb363e4d91909d1"", ""2021"": ""8a52a6a99667b521670be199c0fa1d9176a449ae0717da7f86f98bfa73df338c""}",6.4913823080376432e-07,2.9804547104783121,1.0416747162470359,False,False
0.108,108,2016+2021,2,1.8443197650917344e-06,1,1,False,1.8443197650917344e-06,,316293701.78284681,1292640439.8447058,1608934141.6275525,13242698100.229904,0.34856268680161939,6.4286105264170642e-07,"{""2016"": ""123dde2a7af2208a771e3ee55b56614d9577e9e901949462793bb398ca02b94a"", ""2021"": ""52606fb23e5792e5e8d68c42ccf86b5a3d2e2ff92a3a010271d5ad11e354fb34""}",7.2704471631620321e-07,2.5367349816343494,0.88421116090212537,False,True
0.109,109,2016+2021,2,1.827759289090679e-06,1,1,False,1.827759289090679e-06,,300852817.17746574,1268214292.8765628,1569067110.0540285,12982995745.943094,0.34764285038999937,6.3540744908628249e-07,"{""2016"": ""c9d99b3be89873eea96df78ace6d4451cedf2a323c03538f4b2f151f72d31589"", ""2021"": ""bd94a75a2a42ef51b5f8a76ff407c5650a00ddf108789317bd2d09c0e5d9e437""}",7.1684861026546595e-07,2.5497144905028368,0.88639001315909105,False,True
0.11,110,2016+2021,2,1.8113677330640559e-06,1,1,False,1.8113677330640559e-06,,286149462.00271201,1243647528.4440663,1529796990.4467783,12722624746.443375,0.34675963901707896,6.2810922124447664e-07,"{""2016"": ""2c7976c88c6c42481ae40ce7384af39660e1f1bdeda3e91b9ba0273cfd72671c"", ""2021"": ""14731c4ed2ac28044f6923515a0f45edb16e2653446f8a055b13983f8993c0bc""}",6.0189667239999967e-07,3.009433040793227,1.0435499148715297,False,False
0.111,111,2016+2021,2,1.7419032918027803e-06,1,1,False,1.7419032918027803e-06,,272023115.00212264,1219296431.1209323,1491319546.123055,12464987426.211447,0.34589113595897381,6.0250890833233949e-07,"{""2016"": ""609f007bd5ad052093651fc645930763896c44c7c5f10830a3e3cc8a15998ed4"", ""2021"": ""205aa5492f4387064f8a3209b3a925f3da6033f4860755cd2d02e9b549736e9b""}",5.0666989154965281e-07,3.4379451411157649,1.1891547502251663,False,False
0.112,112,2016+2021,2,1.6604348352655809e-06,1,1,False,1.6604348352655809e-06,,258470345.15770537,1195083180.8359652,1453553525.9936705,12209302153.517357,0.34504051521543944,5.7291729104169932e-07,"{""2016"": ""227eb40a83261bebdea3d4e5e540a034fbbe5ecb8bcb9baba7c948bef26c0410"", ""2021"": ""85ea59b60a2d07d8d7135256e7630879210003589a1112d5c9bd88eb1dba4100""}",5.117857706239816e-07,3.2443942965454835,1.1194474796420868,False,False
0.113,113,2016+2021,2,1.6683091766721107e-06,1,1,False,1.6683091766721107e-06,,245528079.75584075,1171074447.6569049,1416602527.4127457,11956272556.32489,0.34421207614334454,5.7425216535130105e-07,"{""2016"": ""58e6abf3fb471f646c4cd2dcd955e0a6248b40db738a0413a744e4d2fe841f75"", ""2021"": ""0b464163539c2b69868a03367f0fa0d8cd696d96d5e0a837ed931fdbbd819207""}",5.826462505877263e-07,2.8633311807795137,0.9855931704220906,False,True
0.114,114,2016+2021,2,1.6884109727026221e-06,1,1,False,1.6884109727026221e-06,,233135718.50080818,1146935681.7505817,1380071400.25139,11702492536.006626,0.34340893569345227,5.7981541514895398e-07,"{""2016"": ""d362090f0f8c7e930b6818c8c90d495c250f49ca436e9304f9cb59430fbb2045"", ""2021"": ""04250006ed4d13f55b25508b687e91f382cdf7c368b5daa4eedbff2bd841893f""}",6.0133375329944161e-07,2.8077768185113947,0.96421564890974565,False,True
0.115,115,2016+2021,2,1.6758270479492894e-06,1,1,False,1.6758270479492894e-06,,221366675.55630147,1123372222.1676126,1344738897.7239141,11455088897.232426,0.34262555477948081,5.7418117201808483e-07,"{""2016"": ""af7fa6a5a7aedb963e3516670a2035ddd16d447cceac5cad5097b1be6eed95ff"", ""2021"": ""c21bb8fa759321d96a636b02f38a44c3ff44452743422b2713086622f994d25d""}",5.60695417854119e-07,2.9888367098896178,1.0240518358712083,False,False
0.11600000000000001,116,2016+2021,2,1.7478729254660415e-06,1,1,False,1.7478729254660415e-06,,210054174.72109327,1099793946.7025201,1309848121.4236133,11207993641.746296,0.34185861817333718,5.9752542304240935e-07,"{""2016"": ""e8393504e747838e2592ff0f93f57ed5bafdea1610e56b40625519711d4fcd61"", ""2021"": ""203402f56bc42c2e39dabb86da03a3992eb3a93525ddf1fdb19b135dab0f6780""}",5.9620561744263109e-07,2.9316612831717035,1.0022136752173512,False,False
0.11700000000000001,117,2016+2021,2,1.9332594284223065e-06,1,1,False,1.9332594284223065e-06,,199318180.86158848,1076409135.4855719,1275727316.3471603,10963409535.717308,0.34111915622114519,6.5947182497999061e-07,"{""2016"": ""588bfe3f4613df4d91c2ae7f84d84648e18f868f3caabdf30f4c84d187b09eb2"", ""2021"": ""85478dd8c16e316033327bd9585ea35aff3d3dfbadaf5e006386ad5cc31b2bcd""}",5.3078602427071415e-07,3.6422575953814031,1.2424438376765616,False,False
0.1179999999999999,118,2016+2021,2,2.0749553290852146e-06,1,1,False,2.0749553290852146e-06,,189047789.26938635,1053178929.4199272,1242226718.6893137,10720837083.468658,0.34039728292233279,7.063091562058219e-07,"{""2016"": ""36b20bd3e64f600f33cdc2d6db68444f435b763fca2a1e3c471a7e2a904a35c6"", ""2021"": ""aeedc2e2f006f42b95a34402ac1751a16381b34459467172ab8fedd2fa4fcd38""}",4.2724931127175989e-07,4.8565445849610756,1.6531545811119186,False,False
0.1189999999999999,119,2016+2021,2,2.4537668861897075e-06,1,1,False,2.4537668861897075e-06,,179331145.11552632,1030627124.2421679,1209958269.3576941,10485602387.537207,0.33969449070362923,8.3353109270964279e-07,"{""2016"": ""53493be66f0a45b90cbe364a823655826482ba576f9e712b1f27457f0ee0c8ff"", ""2021"": ""c6c2642caf07ad8aab4e0a90de3ff91b19819ad4470f7d96fc2e94d85c81ff8c""}",3.8709557201985006e-07,6.3389174755630622,2.1532953434737294,False,False
0.12,120,2016+2021,2,2.6493241014019716e-06,1,1,False,2.6493241014019716e-06,,170002759.75588045,1008026180.837055,1178028940.5929353,10250264568.126431,0.33900838678090461,8.981430896760521e-07,"{""2016"": ""82769348a2e420b5b8f49e390dd0bea7b9f7a73759039c5bc91b2c47b89d1628"", ""2021"": ""016ab662983c41861df328613bf77de4913678ee3f59b45a2cdb288b733d4c8e""}",4.2818506628445168e-07,6.1873341926455092,2.097558183123085,False,False
0.121,121,2016+2021,2,2.9176731762387288e-06,1,1,False,2.9176731762387288e-06,,161162617.73958611,985440224.16998625,1146602841.9095724,10015564859.439449,0.33835202736227088,9.8720063436089006e-07,"{""2016"": ""d6e970fe6b94b5dc21726e9e7efd72cb1f0902de5bd345b4237c2e2bf263fedc"", ""2021"": ""18dc056748fa47e2dc310d870a491564b09975b6b626535bbde39fc00a3e9a3c""}",5.4509061321325581e-07,5.3526388191484919,1.8110761961968835,False,False
0.122,122,2016+2021,2,3.1387142100467238e-06,1,1,False,3.1387142100467238e-06,,152787288.92293981,963312661.48753583,1116099950.4104757,9785913903.7982979,0.33771538756606029,1.0599920859050301e-06,"{""2016"": ""8688c4062743ce47371be448bbe68075a301df76dd751402d466da7313509e5f"", ""2021"": ""560151a1d34ac3fee25915229c0e7d950106fd50ff77e7647006c4fac1b911c7""}",7.7983226038853841e-07,4.0248581258781364,1.359256521879342,False,False
0.123,123,2016+2021,2,3.0919332392463769e-06,1,1,False,3.0919332392463769e-06,,144730605.34559995,941612336.13428891,1086342941.4798889,9560853966.6884899,0.33708166547199003,1.0422340058133737e-06,"{""2016"": ""786154638e98a73cd6e9f47af89c3b1900b2d4db0e404f6a129f7fec0f890090"", ""2021"": ""d0f450693b36f7fc5d9d1d27b89760837bad17a691343868d0d13c4dc4d36895""}",1.0210224706103821e-06,3.028271490830142,1.0207747976303705,False,False
0.124,124,2016+2021,2,3.0334837665001167e-06,1,1,False,3.0334837665001167e-06,,137112311.82620376,920037116.66870213,1057149428.4949059,9337483478.5132256,0.33647536001432171,1.0206925424307273e-06,"{""2016"": ""35308bd0fb0808b0a5a67ff6e0531215db3249cfbf046b9c6721a9cd386aa9c4"", ""2021"": ""1f3e4bb5fa68fa31035e762a64876d66a4bde983ffdf2bacd8542834708ede70""}",1.1779499958088578e-06,2.5752228679428177,0.86649904160817359,False,True
0.125,125,2016+2021,2,3.1533390204607347e-06,1,1,False,3.1533390204607347e-06,,129885888.30832364,898531012.94332087,1028416901.2516445,9115196017.7415314,0.33589349748418179,1.0591860723359001e-06,"{""2016"": ""f1236e5e055e477be97e00a1b1d1e941fea769745305714544454afb4beb4684"", ""2021"": ""db4b71b5c68811b61be8ca7507c09ad2c545e27e4ab1702e41623ca873aa04f4""}",1.1112325197227783e-06,2.8376950498599567,0.95316331509101049,False,True
0.126,126,2016+2021,2,2.9659396401109195e-06,1,1,False,2.9659396401109195e-06,,123046125.73113462,877660484.04004693,1000706609.7711816,8899650966.1316032,0.33532574407820021,9.9455591671122343e-07,"{""2016"": ""5f1e74dd69b9da885b0797362fe1149450420834a4ba4534e24e5de9b7af84e9"", ""2021"": ""73e7d6e4eb525f0e001bb4e50ed3f15df569e7def7c009973abcdd78af7590a1""}",9.7072396623865237e-07,3.0553893210273779,1.0245506975220924,False,False
0.127,127,2016+2021,2,2.8073101470807644e-06,1,1,False,2.8073101470807644e-06,,116515661.42976207,857126402.64378405,973642064.07354617,8687779687.8676033,0.33476902280915799,9.3980047466046114e-07,"{""2016"": ""91e018d188eaf071c1588a31fdc58d6d4cd7cc70669923f28b85740dfabd7511"", ""2021"": ""da771adb51e894705cf52bd827dd65f1c1faed8f06d78e82a0742312561ed6b0""}",8.257888200438962e-07,3.3995497140922022,1.1380639357777991,False,False
0.128,128,2016+2021,2,2.8671634912207919e-06,1,1,False,2.8671634912207919e-06,,110341516.9350232,836870911.28478515,947212428.21980834,8479050629.7828751,0.33423357913027052,9.5830231562236723e-07,"{""2016"": ""7157cddcdc7c82f3a4393eaf6f749664a09d1b000ee740b5fb66d0370dfd4b72"", ""2021"": ""fee26f9072a983b91dbca70f0fd9735b51c4f7a0ca24627f5f4ca71fb4bdf3ba""}",7.4386970561737965e-07,3.8543893770229163,1.2882663568440629,False,False
0.129,129,2016+2021,2,3.0418626727359439e-06,1,1,False,3.0418626727359439e-06,,104476552.76109548,816661383.882061,921137936.64315653,8271090391.5817051,0.33371901334341475,1.0151274098716018e-06,"{""2016"": ""b6ff8d78ab9cae606f8bc5c6de56cd04fc741d7f1f3d75ce62fca05fcf184027"", ""2021"": ""5470ccc2038ccb58c8a6d2093843be78e3530f3d23194b0cc2738a944ec310d4""}",6.7691359049680408e-07,4.4937237417606637,1.4996410533382467,False,False
0.13,130,2016+2021,2,3.0490000883662319e-06,1,1,False,3.0490000883662319e-06,,98901422.651386663,796778619.46469724,895680042.11608386,8066687617.2983589,0.33321828819524751,1.0159825901525543e-06,"{""2016"": ""8125445497e26ca4b6feb2822fd961b6b180750707991a553ce0718077498082"", ""2021"": ""aa4d14d8fe9ba5427441bfce618dfb18ba68feffbf989fa7879f706e9b0d570c""}",6.9572278339818333e-07,4.3824927990337157,1.4603267485220137,False,False
0.13100000000000001,131,2016+2021,2,2.8651951909687277e-06,1,1,False,2.8651951909687277e-06,,93651566.275890842,777717056.78160858,871368623.05749941,7870822134.0919771,0.33272919523688177,9.5333409008760855e-07,"{""2016"": ""8aa7cbdaba455e5184260f708c7ba6a8a585238cf7032eb47bfed51a42401950"", ""2021"": ""da4ae679b4328568aa457f0b697bc6f7005574058d4fe010a0c2e78f09dad83b""}",8.8869552706272844e-07,3.2240459231730649,1.0727342054241233,False,False
0.13200000000000001,132,2016+2021,2,2.5939632844714978e-06,1,1,False,2.5939632844714978e-06,,88682834.668356195,758729637.44514716,847412472.11350334,7675979209.1198273,0.33226188984363109,8.6187514308349225e-07,"{""2016"": ""61a0832d1508188339c9ab46bc042b475656d36df2b566b51ce442e8c67a4f58"", ""2021"": ""d313d7af1ed3a85079a7a921416804cc3b7a06acce9a97b1f052c3ef6067c6b6""}",1.0787256497984915e-06,2.4046552382953501,0.79897529389839994,False,True
0.13300000000000001,133,2016+2021,2,2.4117575089918658e-06,1,1,False,2.4117575089918658e-06,,83962435.832517385,740120080.29325938,824082516.12577677,7485163238.7651119,0.33180636446191175,8.0023649102230746e-07,"{""2016"": ""628674a5a2258602737808728578c8e3cdc67fc98c981d53e6d2156625744843"", ""2021"": ""62acf611e55304cd54eab4da13036c34ac93389a7f5d80a2c472996a91305871""}",1.0584941608893836e-06,2.2784797480275407,0.75601408169311102,False,True
0.13400000000000001,134,2016+2021,2,2.2175460561093322e-06,1,1,False,2.2175460561093322e-06,,79501335.139411822,721731213.31488729,801232548.45429909,7296813468.2882843,0.33136960454629888,7.3482735967615408e-07,"{""2016"": ""99d4e00c4f079fc162e24148c9ead3ad7cc7d531f2cf219aece47853ca390ccf"", ""2021"": ""75a4badfee80748556f0a700ba6cd8db496675870342bf64c2a35647fb9459be""}",9.3139166608655664e-07,2.3808953170333069,0.78895633967146173,False,True
0.13500000000000001,135,2016+2021,2,2.0340622657847052e-06,1,1,False,2.0340622657847052e-06,,75305196.174746484,703839749.13368249,779144945.308429,7113702687.5115709,0.33094915280497772,6.7317118361402164e-07,"{""2016"": ""c052393a2eaf13651d7533ea674459583de1f9ddeb1457f202155eeb6a3f65d3"", ""2021"": ""e097b2cba2229b81e5199ac43f58e701ef866d55fa8bf11fc8a96c3264d734ab""}",9.6857344981826481e-07,2.1000599037340533,0.69501304598048808,False,True
0.13600000000000001,136,2016+2021,2,1.9203622734208035e-06,1,1,False,1.9203622734208035e-06,,71346997.506362766,686424779.27219319,757771776.77855599,6935594790.2282944,0.33054253777938525,6.3476141931230207e-07,"{""2016"": ""4aa194a6aba18a8aba99d9b0ad45506b297dc568815c754d986c8c1ae248ab3f"", ""2021"": ""c7f99bab7aa9e2783b052ff7c8f8c367b9f6a18740c8852f4eafe7141652c343""}",9.0368864044040928e-07,2.1250264609776681,0.70241163925990424,False,True
0.13700000000000001,137,2016+2021,2,1.9182208346324351e-06,1,1,False,1.9182208346324351e-06,,67566701.312240809,669116428.58808219,736683129.90032303,6758730987.1930628,0.33014732429884008,6.3329547596818622e-07,"{""2016"": ""c5005d382fa63419fcb307eebf9e6cf73a94adb004107885ffee91b0681fe28c"", ""2021"": ""eb2420db2ac3d4f66663722f1861d6e9a6adc542ad628964b4d852b0eeb0834b""}",7.604626599108369e-07,2.522439214645126,0.83277655742155587,False,True
0.13800000000000001,138,2016+2021,2,1.9388664945374119e-06,1,1,False,1.9388664945374119e-06,,63994955.082066223,652262296.79822314,716257251.88028932,6586617923.0642977,0.32976402873303701,6.3936842641415781e-07,"{""2016"": ""d22ce0b2fa09d7742b3e5f854976ada3ed084f28bf4e86ece8ac1d14d934bc1f"", ""2021"": ""314d9e2b21c191503f0b2d2695b72a891af75b9f4332e2015e75ce4c55fc58d2""}",7.2633377847569366e-07,2.6693877553187413,0.88026806044454653,False,True
0.13900000000000001,139,2016+2021,2,1.9765154042777447e-06,1,1,False,1.9765154042777447e-06,,60635664.96750772,635785521.24486268,696421186.2123704,6418490877.4161339,0.32939691175045699,6.5105807019629506e-07,"{""2016"": ""81b019cef6f50ad2eec99394de00171bdbeb6bc6ecae4da84a5f2eff5eaac3b8"", ""2021"": ""5031ae37bab55dd01fdd9603e74a8e7ebf4adaf8f09783b96f43d0afbdbf98bf""}",7.6433248892867648e-07,2.5859366609525121,0.85179955010004604,False,True
0.14000000000000001,140,2016+2021,2,2.0452527986418996e-06,1,1,False,2.0452527986418996e-06,,57466465.951726526,619834689.86792099,677301155.81964755,6255813364.6309366,0.32904024251724184,6.7297047687419825e-07,"{""2016"": ""2f62bb8ea0268ba34adf8770cc9c09dfa527c38ca0e5e73c73325da71cd88829"", ""2021"": ""fef4f9e6708784dfa50e0b79ba7666e779203f8d827d0884db25635b9e387f9b""}",6.790796544852875e-07,3.0118010238314552,0.99100373929517926,False,True
0.1409999999999999,141,2016+2021,2,1.9494410836795546e-06,1,1,False,1.9494410836795546e-06,,54436959.963065326,604132627.27865243,658569587.24171782,6095763232.749589,0.32869022637734424,6.4076223110392805e-07,"{""2016"": ""76acb927548281ba777152dac9cb2f690af066c805a522143c3c4c701aecacae"", ""2021"": ""4e2372c080fc8f22475a37d5dfdfc55716639e0c3666f76b791384e17e982760""}",4.9462534108865567e-07,3.9412478935852593,1.2954496623517699,False,False
0.1419999999999999,142,2016+2021,2,1.9924684978887395e-06,1,1,False,1.9924684978887395e-06,,51595375.114411794,588792286.69093752,640387661.80534935,5939518242.0237865,0.32835668892020092,6.5424035874455286e-07,"{""2016"": ""e3a6effcdb3d98601da6c8e9a47016925666161628476f3b4d024f13a8dcd7d7"", ""2021"": ""89342105af5dfe4fcaab2abc6a8926294681c7d12082afc741c1b63a69a30800""}",3.623084438275193e-07,5.4993708588179491,1.8057552063457036,False,False
0.1429999999999999,143,2016+2021,2,2.0579779217973514e-06,1,1,False,2.0579779217973514e-06,,48905520.180874147,573696429.08264983,622601949.26352394,5785869811.0073719,0.32803554817995678,6.7508991571904241e-07,"{""2016"": ""463a5e31cbbfbc15860da3decad5c2edb2e8a045097c873a4f4564be631b2717"", ""2021"": ""bf602bdb8b963f395c5ba6d0c98ce1409b63bd9b9d292343ce7a90767d30933e""}",2.7446503286047528e-07,7.4981424786578463,2.4596572783179464,False,False
0.14399999999999991,144,2016+2021,2,2.2191404869077374e-06,1,1,False,2.2191404869077374e-06,,46376415.528010346,559083772.41707778,605460187.94508815,5637214139.6987886,0.3277257223590897,7.2726941908814027e-07,"{""2016"": ""0729762a9de6c4b049c1bf13d7ce06d3c42209a3ec50beb553e71dc9a47d8c93"", ""2021"": ""1cd0484763f6cdc8f3101430dab5d1123d823b397bb5345b1f8e9fab89cca493""}",2.5405399325625151e-07,8.7349167728664749,2.862656909134194,False,False
0.14499999999999991,145,2016+2021,2,2.1385106080287935e-06,1,1,False,2.1385106080287935e-06,,43985088.413805768,544779001.75666463,588764090.17047036,5491775105.9804525,0.32742684607019001,7.0020578367451224e-07,"{""2016"": ""32418a887404c266f614009fcb7bd46cf2049983bf03b0b70e8c84909a4f49d0"", ""2021"": ""e0878c8f8ecc12900bd3de6799f9680afcbd874d25a0a39556d8e91856bbee14""}",2.8878731961409661e-07,7.4051402633829708,2.4246417211468625,False,False
0.14599999999999991,146,2016+2021,2,2.1476014025310272e-06,1,1,False,2.1476014025310272e-06,,41736711.083071113,530723198.11642635,572459909.19949746,5348968692.2473345,0.32714290864362522,7.0257256943112926e-07,"{""2016"": ""8406c4f33c143d45e49704fa041577a4c94b4b1b9c6117eebba9835952a87cf7"", ""2021"": ""7e9f40709ae1a385defdd7383795b6ec07ed65e163ac5b3cf7e3755411102305""}",3.5082573180429717e-07,6.1215618121450515,2.0026255366668737,False,False
0.14699999999999991,147,2016+2021,2,2.1528896568055854e-06,1,1,False,2.1528896568055854e-06,,39619903.641869649,517058895.81957662,556678799.46144629,5210208861.837636,0.32686978273786282,7.0371457437863375e-07,"{""2016"": ""2c846a16aac592164470836d4285b9a82adab38dd3dcb309da72b7b79d45e00b"", ""2021"": ""f53f3d984cdf0d19371e5cc4eeb42bb44422662976bddcf70bbd47cd8c00961c""}",4.5936850401429679e-07,4.6866287914649494,1.5319173348391606,False,False
0.14799999999999991,148,2016+2021,2,2.1537747869294089e-06,1,1,False,2.1537747869294089e-06,,37621281.23730319,503681799.08701915,541303080.32432234,5074439272.1074944,0.32660754972908668,7.0343910582729993e-07,"{""2016"": ""d7546c69114cfacf45870cd2abfdccbb0a760d9afba91f17565101a08db46967"", ""2021"": ""7e9cf5cea138d300ddc7121defae1c27e1ffbabe0a31da34f10cc01be47ca7db""}",6.1383212668536572e-07,3.5087358469808105,1.145979617629014,False,False
0.14899999999999991,149,2016+2021,2,2.2590587900080929e-06,1,1,False,2.2590587900080929e-06,,35705057.012098156,490644352.29175788,526349409.30385602,4942148579.929677,0.32634665907674171,7.3723628877708776e-07,"{""2016"": ""e6dff3cb39cf912f447ecde86725a9a3f92d7c2181918b271960e8d322985e77"", ""2021"": ""8cfd70227b24ef0768ecaf98c9da6a1d672400646e32dc4b2a9eed141d40f36e""}",6.4589864078635709e-07,3.4975438054146926,1.1414117358716385,False,False
0.14999999999999991,150,2016+2021,2,2.2742649271859465e-06,1,1,False,2.2742649271859465e-06,,33912684.271476708,477946931.25121796,511859615.52269465,4813381996.7836561,0.32609960175416747,7.4163688703880787e-07,"{""2016"": ""1ff2d98399203e6048587bbd4485d0e807804eb906359bb8c138fe57e08f49ab"", ""2021"": ""5fcb162a6b06771b18a25cb0b4b5b8a6d2e4d8977b686d1c9dae41e831f8c95a""}",4.3975108431461347e-07,5.171709651905843,1.6864924578746794,False,False
0.151,151,2016+2021,2,2.3458504078939726e-06,1,1,False,2.3458504078939726e-06,,32219683.137128618,465470649.96646106,497690333.10358965,4686926182.8017397,0.32586337095791207,7.6442672167932295e-07,"{""2016"": ""6530fe1baf78bddee5b718592de590d443116896e3cd0eba03d2b36bb73b24e5"", ""2021"": ""784a8197e81c8cf0f1521dc73c6ea4845480ee28b6c781f1a6ec0db9d964b572""}",3.2199561943237685e-07,7.2853488256433589,2.374028326928411,False,False
0.152,152,2016+2021,2,2.330442033959289e-06,1,1,False,2.330442033959289e-06,,30640428.207650982,453362715.59601021,484003143.80366117,4564267584.1677532,0.32564059724672917,7.5888653578738522e-07,"{""2016"": ""7e2a9032fda8267ac5dbbdc04548ec4b20c9805922831bca87425dc719d51452"", ""2021"": ""a794007c35afa7c186d13b4ff8928ac3bc7cd1929fc02957b6b632b38131b357""}",3.9148958160394305e-07,5.952756199568344,1.9384590840916054,False,False
0.153,153,2016+2021,2,2.4095784808065918e-06,1,1,False,2.4095784808065918e-06,,29139469.338878542,441644549.53137368,470784018.87025225,4445584964.6526155,0.32542161682727178,7.8412892509628238e-07,"{""2016"": ""671590eaa5e31bdf9e5c109667e3c63a53b3b5e2ad2ca0b56bd8b09304541f42"", ""2021"": ""3e2318606595f7325eb3b1c0eb67ebb0bbada309435ac28281df7c91a5a60ee4""}",5.5980139855655857e-07,4.3043452321120705,1.4007269848166684,False,False
0.154,154,2016+2021,2,2.597384570666346e-06,1,1,False,2.597384570666346e-06,,27725961.560568739,430164399.95173472,457890361.51230347,4329369961.0779161,0.32521337702667735,8.4470420766338885e-07,"{""2016"": ""c84e9aa548490a380000b884cc313d44d282a6d323f5bdce6d9d40df5e555782"", ""2021"": ""87196dc0128743bd1da0cb5b925dfa17caf4df23e3879e7b923f4875eeb70ba4""}",5.7512334449654595e-07,4.516221773157298,1.4687357342498935,False,False
0.155,155,2016+2021,2,2.8686696245518149e-06,1,1,False,2.8686696245518149e-06,,26392700.342239466,419006242.62423837,445398942.96647781,4216455126.5846233,0.32501308773426185,9.3235517236507107e-07,"{""2016"": ""c1cbef69ffa6b89ef64875d7be46cce9a1ed7e42b8985ebf653e78a4b6bf043b"", ""2021"": ""1d8298b873b1c62cb70441a6934be8fa9d55e36e223730c83e2a1a7052f52b53""}",5.9480844887654712e-07,4.8228461279762511,1.5674881117207904,False,False
0.156,156,2016+2021,2,3.3586904243847949e-06,1,1,False,3.3586904243847949e-06,,25130986.411466565,408018948.64312065,433149935.05458719,4105320472.8426733,0.32482211834144487,1.0909769385017954e-06,"{""2016"": ""4cac672ff8d72e36e2a114c9463aec59221234b1900b17cccbf06697d5037df6"", ""2021"": ""ebd29be058ecbc2b8235ac4f68cd6c4642fe173ff10990337d696b102076c57c""}",7.5579066239346738e-07,4.4439427364031765,1.4434908934265569,False,False
0.157,157,2016+2021,2,3.9000516109025506e-06,1,1,False,3.9000516109025506e-06,,23924618.685083944,397354285.67265946,421278904.35774338,3997467475.4116783,0.32463279183273441,1.2660846427390481e-06,"{""2016"": ""247e748b087448ce36aab5d78b2a00bfe9ebdfaafd33cb00dad20c43f3ca5ec6"", ""2021"": ""5b38e74fafb9b0ac4263c40ffe58859bf3b1c5d424bea12a3c2c66ba18d6c454""}",9.8849241923686839e-07,3.9454542442656781,1.2808238263642784,False,False
0.158,158,2016+2021,2,4.3893311602273284e-06,1,1,False,4.3893311602273284e-06,,22798418.039361373,387039666.85970527,409838084.89906663,3893195086.6364141,0.32445395574029784,1.4241358579899077e-06,"{""2016"": ""34ab2e01113273d01e71bc24191148d65d3ebc63fb3535b931480f84fd7ca60d"", ""2021"": ""da3a269d569aabb436179a818956ce133bebd169c78a777700572ddfa2ca9ba1""}",1.0993815443726502e-06,3.992545793309684,1.2953972761136126,False,False
0.159,159,2016+2021,2,4.8641467379005868e-06,1,1,False,4.8641467379005868e-06,,21728927.790009107,376812670.72105056,398541598.51105964,3789855635.0005145,0.32428398087226518,1.577364867713245e-06,"{""2016"": ""fc0982150e2e7928029d2fe214aecb4f114d0b89f87c886eb32448f59c010d42"", ""2021"": ""4c298d3007efbb1b2faeb5cbff86e1788f737ecf1f1deb6647f4c868347762da""}",9.6361774369023472e-07,5.0477969814804684,1.6369196997894904,False,False
0.16,160,2016+2021,2,5.1946896269194448e-06,1,1,False,5.1946896269194448e-06,,20729064.385255519,367005424.05651236,387734488.44176787,3690783304.9503789,0.32412157648233009,1.6837109912135377e-06,"{""2016"": ""b3882fe907d106d87bf8f8dbcde099f40c06c062e1e72d742018ef5e041e9d58"", ""2021"": ""a98f7a4572724909c7e6c40c92ae6d427544a894b7983fc70ad47961abf2d2f6""}",8.1108250288011933e-07,6.4046377630799869,2.0758812885677496,False,False
0.161,161,2016+2021,2,5.110338995433116e-06,1,1,False,5.110338995433116e-06,,19772931.0162406,357410945.39902496,377183876.41526556,3593882385.0064902,0.32396241645282037,1.6555577698535908e-06,"{""2016"": ""83d61745af7fda5515922dfc9adb8bea2c8dbb5722e1713deff73b846f00b67b"", ""2021"": ""5f149251b2b16974160adde77c6264005396e42842b796a37b6806a3399324ea""}",6.7286181686032938e-07,7.594930886818184,2.4604721628857806,False,False
0.16200000000000001,162,2016+2021,2,5.0686151119336907e-06,1,1,False,5.0686151119336907e-06,,18861048.748855088,348034765.95252949,366895814.7013846,3499208708.2741499,0.32380716593764741,1.6412538946239798e-06,"{""2016"": ""b34110dda8d22e6344ffa5023eef08f3c8b3699665459c5f1188b3e6c43d9cd3"", ""2021"": ""faa6ffbfd9d46bd3e058c0b8d2cbe0738a2d18e985924aabca5ee28027eef495""}",4.996846964935314e-07,10.143626866105766,3.2845790678426878,False,False
0.16300000000000001,163,2016+2021,2,4.8259140693366896e-06,1,1,False,4.8259140693366896e-06,,18014770.561928626,338899709.69228059,356914480.25420922,3407011867.4847345,0.32366464371937803,1.5619777578721934e-06,"{""2016"": ""a5c1e3885769345810c711a01b13d6ccca5bbbb612b9e0376116da4ff53879ce"", ""2021"": ""3167dbf4e2b17948dc89c06e7a5ca572b02eb41d2d4887f50f969f474209c275""}",4.2173727082280147e-07,11.442939486760139,3.7036749320846227,False,False
0.16400000000000001,164,2016+2021,2,4.3526818599075283e-06,1,1,False,4.3526818599075283e-06,,17208245.369178731,329984866.43408293,347193111.80326164,3317056909.7100081,0.3235259259427824,1.4082054290609354e-06,"{""2016"": ""119de7c084c5d949cf54d7443dc3551ac506e8973ccb6151db9b7d1135ddbf22"", ""2021"": ""ddd350ad0afd93ad5a7da8f73889c6497a409ab30e780ba6236160944332985b""}",3.5515798511545081e-07,12.255621560902275,3.9650113134952369,False,False
0.16500000000000001,165,2016+2021,2,3.9824660935322621e-06,1,1,False,3.9824660935322621e-06,,16425508.744197184,321257494.71634173,337683003.46053892,3229000455.9076147,0.32338550352565038,1.2878718029307604e-06,"{""2016"": ""2c014f1a75877a25b2357d3df87c6ef1e229d734b51e88c6dc596d47a7cb7d96"", ""2021"": ""cc1fbc21f301748d7a3dc09e8bb667f6770b659adbc9e53f1f7ce5943ecd7f93""}",3.1842226766444497e-07,12.506870586478598,4.0445406421385277,False,False
0.16600000000000001,166,2016+2021,2,3.5383027374189346e-06,1,1,False,3.5383027374189346e-06,,15701947.775119018,312800005.71092129,328501953.48604029,3143702004.8843317,0.32325726356678502,1.1437820605689096e-06,"{""2016"": ""8baf767c3f636cebd8fb48397d9b88b981b6a45ffbb83912c6abca86a43bde09"", ""2021"": ""e40f0ced93b401a698c9dc94bbd0972f51abb7ca4a23df216fed48e46773ebc0""}",3.1400332960000001e-07,11.268360567788497,3.6425794020271738,False,False
0.16700000000000001,167,2016+2021,2,3.0863979881363902e-06,1,1,False,3.0863979881363902e-06,,15012406.324323721,304614329.32244956,319626735.64677328,3061155699.5488195,0.32313116012352283,9.9731136250941863e-07,"{""2016"": ""b939aab42950cdc80db4434a9dac91a2e99f53c788421e4090b69072a50a25c5"", ""2021"": ""90912bbe064080ee8834a0333c96e2deb4f8d9fa2df975b4221b74169da444f4""}",3.3767681982221011e-07,9.1400943356473405,2.953449286316165,False,False
0.16800000000000001,168,2016+2021,2,2.8513550544429958e-06,1,1,False,2.8513550544429958e-06,,14349439.484388027,296547392.15129697,310896831.63568503,2979823360.9973578,0.32300770924262157,9.2100966437300256e-07,"{""2016"": ""944b4c92890bc21903d8d0578fcbb3914ca65f36c6cae9e0efa79e7c2b746d26"", ""2021"": ""7718341fae02a25a541c441732a9f147d880ad9ee67809cff23bf00aed881be0""}",3.9348999858468414e-07,7.2463215448901614,2.3406177226504257,False,False
0.16900000000000001,169,2016+2021,2,2.6582908600224099e-06,1,1,False,2.6582908600224099e-06,,13734139.19776326,288615660.96089327,302349800.15865654,2899890748.8066959,0.32289701088896067,8.5835417277468066e-07,"{""2016"": ""30bf64251f6736d3e92d6ca62b09af3ac25f7ee186927a8c10cbec21157df785"", ""2021"": ""a3a3ac011345fa1a38b317ccb1f4ed988b08f66b9e9773bcbdc1e714d0410327""}",4.8572391501110481e-07,5.472843271391393,1.7671647333960416,False,False
0.17000000000000001,170,2016+2021,2,2.5632115627402074e-06,1,1,False,2.5632115627402074e-06,,13149398.128836924,280901072.63455325,294050470.76339018,2822160124.4743695,0.32279003124286965,8.2737914041899622e-07,"{""2016"": ""2c2a2dc29e3176ad1a8d7f01a48c22ed41ae7d38d6b3c07655483e63f07cdcbc"", ""2021"": ""60b976f07b84be102f8dd9661b134eeee542d9b4a5309edf3b442c3bd8bb9ed7""}",6.6005165290452403e-07,3.8833499642958609,1.2535066563020576,False,False
0.17100000000000001,171,2016+2021,2,2.4945964135072654e-06,1,1,False,2.4945964135072654e-06,,12589909.020882718,273501986.67337126,286091895.69425398,2747609775.7545953,0.32268237983739856,8.0496230744436352e-07,"{""2016"": ""8962403ebf5e2c60ca8f14aeffa0aecce0a1e370e68d174b2959702eb3094707"", ""2021"": ""542c89b0f2076e30bc07e23e729cc74bfca578a79bd3ffd76a40af34e3c17776""}",8.9529443999999987e-07,2.7863419027903999,0.89910343623307165,False,True
0.1719999999999999,172,2016+2021,2,2.4126322732731263e-06,1,1,False,2.4126322732731263e-06,,12070913.534904854,266350991.61926582,278421905.15417069,2675580829.7275634,0.32258388102996421,7.7827628221059025e-07,"{""2016"": ""27d3cd30618b1db86925a7af7ca504756aa5539b17e7a780ad07b78018829267"", ""2021"": ""03a83f1204a0c891e7b2f7044b8b2b8078d18f6462c9c24fe50a5ec9630e440f""}",1.1166771462599978e-06,2.1605459387734163,0.69695729407305607,False,True
0.1729999999999999,173,2016+2021,2,2.419723416953561e-06,1,1,False,2.419723416953561e-06,,11565095.212438388,259386988.21142492,270952083.42386329,2605434977.3266878,0.32248248206553703,7.8031841341128675e-07,"{""2016"": ""ea3fec47ddd1e03af7d111a5c78a2344ab7692f951357d150d81b31c8e813ea8"", ""2021"": ""2731adf0713f86c0b17cf6e04a42aeb670f40c4fe1761d7a3bbaff97e8faf515""}",1.2105018576555672e-06,1.9989423408568301,0.64462388758540534,False,True
0.1739999999999999,174,2016+2021,2,2.5307299029661533e-06,1,1,False,2.5307299029661533e-06,,11090900.624498071,252502277.02987134,263593177.65436941,2536113670.9232116,0.32239086332770317,8.1588419826649261e-07,"{""2016"": ""1d21317dfdb641d1819fb3dc0d5c750bd2f3b93eeb6e818741f1b38969d6b498"", ""2021"": ""1e6fc1b3c4ee20755670c0e574a9a53733524dc7b579073f3d26bbcb25fdcbcf""}",1.1467129979561043e-06,2.2069427201722784,0.71149816887113049,False,True
0.17499999999999991,175,2016+2021,2,2.7056120907124348e-06,1,1,False,2.7056120907124348e-06,,10626234.737904442,245918579.94160274,256544814.67950717,2469812034.1539321,0.32229210674037057,8.7199742073792921e-07,"{""2016"": ""93bdb6d8984ddb5607d7066ef7801254ee220e87f4f588c1c89c56a7cc00eeed"", ""2021"": ""0e0e3ddeff02e57d9e8460d2c1ac9bd5477243fa281a868e428607a8eb6c9409""}",1.053147734444945e-06,2.5690717476958831,0.82799154593207203,False,True
0.17599999999999991,176,2016+2021,2,2.9049970910338448e-06,1,1,False,2.9049970910338448e-06,,10191961.086855039,239463041.25493088,249655002.34178591,2404822373.6361637,0.3222022985745539,9.3599674008349738e-07,"{""2016"": ""c747536f945162c35f95722e444ff068e52c1b9569a3ed91323a3cdc6e3510be"", ""2021"": ""cafb6a7e80db0b0b09434141d0c06c84219d4493d1dcb77fad37a5448cd5ef5a""}",1.0267028576069903e-06,2.8294428806838319,0.91165299984173787,False,True
0.17699999999999991,177,2016+2021,2,3.325870647150357e-06,1,1,False,3.325870647150357e-06,,9782447.1196929626,233151670.99112496,242934118.11081791,2341299157.0309424,0.32211859913618707,1.0713247937682369e-06,"{""2016"": ""301e34c7d9d4949b478e8bcd2944c8c6b47c3b812ab1387de9912a9e1693b6b1"", ""2021"": ""ca93fa983128238e032520cbbe3d127a5c10be60f5b065053dabf02d2980a294""}",1.0213523781071898e-06,3.2563400433002276,1.0489276930589402,False,False
0.17799999999999991,178,2016+2021,2,4.0286737890656812e-06,1,1,False,4.0286737890656812e-06,,9385447.6778295282,227019370.79188982,236404818.46971935,2279579155.5967278,0.32203333047411231,1.2973672376865828e-06,"{""2016"": ""8a640790dc7f3b433d9bafe87601f6573f88e5f285afd4f8e8e98206696f41a6"", ""2021"": ""ec790e017d8b8693b1d2185544e6147f24d680ff295a2751d00d45ee4f6c8ca4""}",8.7037177286461687e-07,4.628681575697569,1.49058974352605,False,False
0.17899999999999991,179,2016+2021,2,4.7831300554033057e-06,1,1,False,4.7831300554033057e-06,,9011370.7826360501,220993245.42708978,230004616.20972583,2218943825.053534,0.32195496161223774,1.5399524533737119e-06,"{""2016"": ""0deff94e7855b3ae25c96027e785ab3ad53c5f4c46b56e7d5d9035c9773b642e"", ""2021"": ""46adb8ca213df3d8bc459b5fb38aa306e1149f9bcd76a600e4516f5f5f221724""}",6.8015800124769157e-07,7.0323807800967764,2.2641098840986964,False,False
0.17999999999999991,180,2016+2021,2,5.5789606881272929e-06,1,1,False,5.5789606881272929e-06,,8648979.9874245021,215155115.99486038,223804095.98228487,2160200139.936028,0.32187483247236176,1.7957270368608644e-06,"{""2016"": ""d39e8463a8677f5e1de238d7d53ac13d2879de5c3097c394938a0b9bc9a248a5"", ""2021"": ""8dc1616b72dc98a9937159594c949ba8b60376a0a9f3f02e124b7207b00920ee""}",5.1221143344814143e-07,10.891909715037885,3.5058316148319086,False,False
0.18099999999999991,181,2021,1,6.5234198787415634e-06,1,1,False,6.5234198787415634e-06,,,209423665.46438509,209423665.46438509,2094236654.6438508,0.31622776601683794,2.0628864950442765e-06,"{""2021"": ""964fba2759aa0ce2bcfbda9ff74c6ab6d74d9877eded705b7b7663547dcd8ef5""}",4.3373863472897025e-07,15.039978817699385,4.75605890246164,False,False
0.182,182,2021,1,6.7462760066643386e-06,1,1,False,6.7462760066643386e-06,,,203890389.41582435,203890389.41582435,2038903894.1582437,0.31622776601683794,2.1333597905204584e-06,"{""2021"": ""64716b7c92be9f6560a7060baeacad0e8fdc3179135923ab86a669c2e69e7a8b""}",4.0663064737540331e-07,16.590672764603859,5.2464313850670745,False,False
0.183,183,2021,1,6.6172261063312055e-06,1,1,False,6.6172261063312055e-06,,,198621214.40460414,198621214.40460414,1986212144.0460415,0.31622776601683794,2.0925506288334162e-06,"{""2021"": ""55041b220f03a16fb3687ff3eda46fea0b17ae911076706e4f72b9de8942c806""}",3.7089164851180648e-07,17.841399591720819,5.6419459355035997,False,False
0.184,184,2021,1,6.1664323981626345e-06,1,1,False,6.1664323981626345e-06,,,193360941.65798712,193360941.65798712,1933609416.5798712,0.31622776601683794,1.9499971415648224e-06,"{""2021"": ""a9744b7341cb097c63a0238dbff05d86a5d0e1352816632a67097d074205e92a""}",3.3108951894334677e-07,18.624668089290324,5.8896371826813683,False,False
0.185,185,2021,1,5.6805890795357731e-06,1,1,False,5.6805890795357731e-06,,,188216407.43907794,188216407.43907794,1882164074.3907795,0.31622776601683794,1.7963599942812433e-06,"{""2021"": ""9988fe8cf8bba61369b1510558e48fc687673b4c0498347a7cb126de2631abdf""}",3.1214568999999982e-07,18.198518389075872,5.754876814993807,False,False
0.186,186,2021,1,4.982159576327874e-06,1,1,False,4.982159576327874e-06,,,183203373.06387761,183203373.06387761,1832033730.6387761,0.31622776601683794,1.5754971927615595e-06,"{""2021"": ""ae6f1f4c16e0ffb5c3c4d968dade5962cc0a6a0451f0b1c4dc180a8a3b52a63a""}",2.9077646924033233e-07,17.133984704278198,5.4182417060005665,False,False
0.187,187,2021,1,4.2926557409394268e-06,1,1,False,4.2926557409394268e-06,,,178278504.14348978,178278504.14348978,1782785041.4348979,0.31622776601683794,1.3574569352366291e-06,"{""2021"": ""8d83862f97c5951a25c80c81a64b662af1da2a842d99dd2fefe0f526750358ac""}",2.7032954697812914e-07,15.87934352320992,5.0214893281586175,False,False
0.188,188,2021,1,3.7601983849734777e-06,1,1,False,3.7601983849734777e-06,,,173567784.67781383,173567784.67781383,1735677846.7781382,0.31622776601683794,1.1890791350602848e-06,"{""2021"": ""adc198bed5d111049640aefda08b2f812bfa321b6a9fb190544609c6f9bdb02b""}",2.6811232532826942e-07,14.024712889903862,4.4350036262018495,False,False
0.189,189,2021,1,3.4743455028631495e-06,1,1,False,3.4743455028631495e-06,,,168874228.16818193,168874228.16818193,1688742281.6818192,0.31622776601683794,1.0986845167410612e-06,"{""2021"": ""9169296a93554d084146eb4bb80b5ce176829b4a57a9656c9f6f26ea460dd974""}",3.2560800942573463e-07,10.670331817054352,3.3742551931654847,False,False
0.19,190,2021,1,3.3630901000949864e-06,1,1,False,3.3630901000949864e-06,,,164378838.92039412,164378838.92039412,1643788389.2039413,0.31622776601683794,1.0635024692663815e-06,"{""2021"": ""c01843d8937ac9caa02b7731b9dfaa5bf17c83f4b2c9c1b8dd50d52d4e3a09c7""}",4.6373523114733069e-07,7.2521772645445566,2.2933398151250279,False,False
0.191,191,2021,1,3.2424667289284712e-06,1,1,False,3.2424667289284712e-06,,,160024504.07567304,160024504.07567304,1600245040.7567306,0.31622776601683794,1.0253580100729745e-06,"{""2021"": ""5f64d374f2bb61c8a0f035f480ce65a25671a45b069950d6ce829f002e222540""}",5.3949916009042914e-07,6.0101423112224666,1.9005738765211557,False,False
0.192,192,2021,1,3.2026858944578083e-06,1,1,False,3.2026858944578083e-06,,,155718995.15263289,155718995.15263289,1557189951.526329,0.31622776601683794,1.0127782056580312e-06,"{""2021"": ""66135439b0b541050eb4b2e7b828ea9ee60c0acbeb32aab76b42139e60c89634""}",4.2294250599965694e-07,7.5723906891032753,2.3946001910218331,False,False
0.193,193,2021,1,3.2559859188606225e-06,1,1,False,3.2559859188606225e-06,,,151601184.85939226,151601184.85939226,1516011848.5939226,0.31622776601683794,1.0296331533035761e-06,"{""2021"": ""7ebbfa9d641fe75f8eb5808d12218e143b25c716847ce4369bb11c81ca112ba3""}",3.5749055807508187e-07,9.107893468271083,2.8801688045907152,False,False
0.19400000000000001,194,2021,1,3.3333460600792405e-06,1,1,False,3.3333460600792405e-06,,,147523768.56605715,147523768.56605715,1475237685.6605716,0.31622776601683794,1.0540965779398868e-06,"{""2021"": ""dd98fa6c18ad636be0e5c3471029d889c13f223d07d7e60d4d2f5abfcdbc8e64""}",4.0034716712714187e-07,8.3261387460264942,2.632956255202195,False,False
0.19500000000000001,195,2021,1,3.4202678945488806e-06,1,1,False,3.4202678945488806e-06,,,143578408.52099311,143578408.52099311,1435784085.2099311,0.31622776601683794,1.0815836754723063e-06,"{""2021"": ""139d638178c32a510cac4c13a525a3909118be5d9e3b57ff0f6e22b6ed2b6634""}",4.6810400576191327e-07,7.3066409439967384,2.3105627428072486,False,False
0.19600000000000001,196,2021,1,3.62863736494689e-06,1,1,False,3.62863736494689e-06,,,139755894.53025791,139755894.53025791,1397558945.3025792,0.31622776601683794,1.1474758876023805e-06,"{""2021"": ""870d0c4d2cc70afbf63a0af27ad1e05506be6c9d934927484eb0e213c1e2ed9a""}",5.0621575053031407e-07,7.1681636953127432,2.2667723918117506,False,False
0.19700000000000001,197,2021,1,3.8445543902165384e-06,1,1,False,3.8445543902165384e-06,,,136004179.86803293,136004179.86803293,1360041798.6803293,0.31622776601683794,1.2157548461484027e-06,"{""2021"": ""0dcab5f062bcba2b6ad7bb053fe28e6a88a697a6400683a7ce83fa1945405a47""}",5.1002033207818754e-07,7.5380414238606424,2.3837379996098353,False,False
0.19800000000000001,198,2021,1,4.144559072543042e-06,1,1,False,4.144559072543042e-06,,,132354320.73115931,132354320.73115931,1323543207.3115931,0.31622776601683794,1.3106246566351039e-06,"{""2021"": ""b70ed0eafed78fe21ce5781a46b3b9c0111ebd937f4ea5920ea2ced0ba658d3f""}",5.5148343779421397e-07,7.5152920078981307,2.3765440026218219,False,False
0.19900000000000001,199,2021,1,4.5451455226381983e-06,1,1,False,4.5451455226381983e-06,,,128788002.15036236,128788002.15036236,1287880021.5036235,0.31622776601683794,1.4373012148453109e-06,"{""2021"": ""0a93d984bc84ce29c906a19fcdaef2c0ea52e255dafb34a1b1523a0168059048""}",6.3259740799502327e-07,7.1848943185583769,2.2720630794247869,False,False
0.20000000000000001,200,2021,1,4.8050894683165831e-06,1,1,False,4.8050894683165831e-06,,,125353032.55969113,125353032.55969113,1253530325.5969114,0.31622776601683794,1.5195027080767887e-06,"{""2021"": ""61e702cc97de240ac794a4f3af386fff1b990162362f8a3e1e22c60e41514e2a""}",6.9531443998518117e-07,6.9106711898849547,2.1853461120542428,False,False
0.20100000000000001,201,2021,1,5.1375904707102262e-06,1,1,False,5.1375904707102262e-06,,,122019355.53382406,122019355.53382406,1220193555.3382406,0.31622776601683794,1.6246487572620898e-06,"{""2021"": ""4199219f88926f41aa3ecab84b262f8920fac125c31282ad401d3f75f06965b5""}",8.4784092480000077e-07,6.0596160440381484,1.9162188445259729,False,False
0.20200000000000001,202,2021,1,5.306581504239197e-06,1,1,False,5.306581504239197e-06,,,118808713.66471365,118808713.66471365,1188087136.6471364,0.31622776601683794,1.6780884142718328e-06,"{""2021"": ""55959e681a5a57f65ca9f3775ef497be6ffdd954d48116b1497a5638becb5088""}",9.7904081880928081e-07,5.4201841254107404,1.7140127173785671,False,False
0.20300000000000001,203,2021,1,5.8727935895797342e-06,1,1,False,5.8727935895797342e-06,,,115574322.00533302,115574322.00533302,1155743220.0533302,0.31622776601683794,1.857140397110806e-06,"{""2021"": ""d089fc11851e765fb82f23f6e613a6d3ff64aefcd1a32be618e65cf46763d66f""}",9.1528585141391405e-07,6.4163491443766647,2.0290277559102821,False,False
0.2039999999999999,204,2021,1,6.6117268491020768e-06,1,1,False,6.6117268491020768e-06,,,112452833.18684237,112452833.18684237,1124528331.8684237,0.31622776601683794,2.0908116110050968e-06,"{""2021"": ""cd7e1c88df5dcc6f561241b8aee5bd8a92cebfe965a5950b232eacd603cc49c9""}",7.8879030387843039e-07,8.3821096894734222,2.6506558216102718,False,False
0.2049999999999999,205,2021,1,7.170832076454622e-06,1,1,False,7.170832076454622e-06,,,109447447.25856656,109447447.25856656,1094474472.5856657,0.31622776601683794,2.2676162080191282e-06,"{""2021"": ""1b9175274f6fedbd5abf12ce510d02358c7fe839af5238b921372ad8c4e6bddf""}",7.0778783461465278e-07,10.131329934992033,3.2038078321220462,False,False
0.20599999999999991,206,2021,1,7.7725584593139605e-06,1,1,False,7.7725584593139605e-06,,,106491864.68179588,106491864.68179588,1064918646.8179588,0.31622776601683794,2.4578987978241296e-06,"{""2021"": ""ec86c9c2f4e0c9cd1aa2c2b67f365de4ea0a2ff4db7ba537c701da5f913df154""}",6.9675856818340518e-07,11.155310912901495,3.5276190492100929,False,False
0.20699999999999991,207,2021,1,8.1905753323724208e-06,1,1,False,8.1905753323724208e-06,,,103594993.30477582,103594993.30477582,1035949933.0477582,0.31622776601683794,2.5900873397487503e-06,"{""2021"": ""e0bd3c655b947d53502065396012ba47c83d09022e6cf74dd29fd0c51a30586b""}",6.3871753454813301e-07,12.823470296876888,4.0551373645646551,False,False
0.20799999999999991,208,2021,1,8.5985616081182253e-06,1,1,False,8.5985616081182253e-06,,,100755569.91566654,100755569.91566654,1007555699.1566653,0.31622776601683794,2.719103928293376e-06,"{""2021"": ""2faa498de560e7de5d86846b0d3217c23616a6de16e63cb7f047f111772d85ff""}",5.4539618009717693e-07,15.765716596302822,4.985557338903428,False,False
0.20899999999999991,209,2021,1,8.9792858039121664e-06,1,1,False,8.9792858039121664e-06,,,97975291.247308254,97975291.247308254,979752912.47308254,0.31622776601683794,2.8394994901978509e-06,"{""2021"": ""b109a72909b319be483621020eeec290afdc334a772bb9399366d383d70630cf""}",5.5387630364370863e-07,16.211716848764596,5.1265950023823592,False,False
0.20999999999999991,210,2021,1,8.6938166690892975e-06,1,1,False,8.6938166690892975e-06,,,95309478.673968509,95309478.673968509,953094786.73968506,0.31622776601683794,2.7492262234260557e-06,"{""2021"": ""bef1067e3d06079e2444e5c1c0e5bc680ace082227046c376e6e638da10c3aee""}",6.8469806104247536e-07,12.69729996876678,4.0152388035687849,False,False
0.21099999999999991,211,2021,1,8.2376988166212596e-06,1,1,False,8.2376988166212596e-06,,,92716703.498118624,92716703.498118624,927167034.98118627,0.31622776601683794,2.6049890938996906e-06,"{""2021"": ""3830aa6b2f33f369e50037dc5bd8124f5d120a3c266778c0179641e4a29c0536""}",8.2883197606145379e-07,9.9389249625312175,3.1429640375102319,False,False
0.21199999999999991,212,2021,1,7.9498768405495988e-06,1.1200730784532984,0.89279888896257864,True,8.9044430261189707e-06,,,90185144.733728632,90185144.733728632,901851447.33728635,0.31622776601683794,2.8158321257738143e-06,"{""2021"": ""3902cb1c9a6a609f706216b191b9ce676a7feda8f53b58b381683df1868bbda6""}",7.8860233990366967e-07,11.291423542068969,3.5706616418584014,False,False
0.21299999999999991,213,2021,1,7.4366739770476001e-06,1.1872173917589186,0.84230572003199244,True,8.8289486823918744e-06,,,87692400.078589007,87692400.078589007,876924000.7858901,0.31622776601683794,2.7919587181100873e-06,"{""2021"": ""6ee5fd597676ab7809ec0f904282fa4f2c6547dff572b5f31f7c6a34097d48cd""}",2.1125054440000009e-07,41.793732212468896,13.216338571054996,False,False
0.214,214,2021,1,7.0810995398269184e-06,1.234823624561864,0.80983225467103992,True,8.7439089996524224e-06,,,85297275.729524121,85297275.729524121,852972757.29524124,0.31622776601683794,2.7650668092146096e-06,"{""2021"": ""8fc93ea329ab5ce111c276047320e8c555c8fceca89b0e059cb23a82839b7a97""}",4.7195768984028176e-07,18.526891685166746,5.8587175688362096,False,False
0.215,215,2021,1,6.2779374876564622e-06,1.2733310939424931,0.78534169530392584,True,7.9938930088601906e-06,,,82936171.061957076,82936171.061957076,829361710.61957073,0.31622776601683794,2.5278909279694768e-06,"{""2021"": ""5049dd7ac06f52449b06c327630dffad1de03b86d6569d002e56652ff5358fe5""}",2.9958172038785774e-07,26.683513929056762,8.4380679992647973,False,False
0.216,216,2021,1,5.6454602706138766e-06,1.3062188477028425,0.76556849700846952,True,7.3742066094334354e-06,,,80666190.611490846,80666190.611490846,806661906.11490846,0.31622776601683794,2.3319288822477364e-06,"{""2021"": ""778a9441872847da88b909d36c062263e92635954afdc8665b993c293596f490""}",1.2378960570000001e-07,59.570483060626103,18.837840778805681,False,False
0.217,217,2021,1,5.3542525285496197e-06,1.335168915296197,0.74896890464092147,True,7.1488315407655159e-06,,,78431109.941183269,78431109.941183269,784311099.41183269,0.31622776601683794,2.2606590277669887e-06,"{""2021"": ""8ae01e776113ae19416a460034358ddbb7128b65335c808e06396bdce0975054""}",1.6723150004319618e-07,42.748115868834283,13.518141182630405,False,False
0.218,218,2021,1,5.1570552378957656e-06,1.361150597663751,0.73467256431167716,True,7.0195288192467991e-06,,,76236851.525384739,76236851.525384739,762368515.25384736,0.31622776601683794,2.2197699170012273e-06,"{""2021"": ""439df5918767e7c9b5b0f243dbd811a13badaa911761574e1c08207ff2f8c549""}",1.7360566440381859e-07,40.433754528417332,12.786275866194616,False,False
0.219,219,2021,1,4.9406918326465707e-06,1.3847847495500856,0.72213389144045548,True,6.8417947020756349e-06,,,74103158.476423889,74103158.476423889,741031584.76423883,0.31622776601683794,2.1635654541832155e-06,"{""2021"": ""353fae6b18e240bcfb03dc3d269ed0ef8014b0a2c925c98c00d321098190f0ac""}",3.682325863762555e-07,18.580090288600296,5.8755404443552184,False,False
0.22,220,2021,1,4.9654682827324312e-06,1.4064984490575076,0.71098549782980436,True,6.9839234385074107e-06,,,72056230.155685082,72056230.155685082,720562301.55685079,0.31622776601683794,2.2085105069918319e-06,"{""2021"": ""83cfc7a6a1021e9adedf956f543694cd3a3142b5bac5fe0f81599ef412d2240e""}",2.4748487462943213e-07,28.219597052000395,8.9238201336494321,False,False
0.221,221,2021,1,4.9193206024347452e-06,1.4266010402773408,0.70096682377687958,True,7.0179078888911625e-06,,,70072537.025922567,70072537.025922567,700725370.25922561,0.31622776601683794,2.2192573338159957e-06,"{""2021"": ""5fe00289712e9f50b9ac59cb1db500a58470a6c1eb2ac4b17928fb400cd05330""}",2.6008176089944249e-07,26.983468062585722,8.5329218248181782,False,False
0.222,222,2021,1,4.9245217385093979e-06,1.4453255359465016,0.69188565145299885,True,7.1175370209912929e-06,,,68109664.16035153,68109664.16035153,681096641.60351527,0.31622776601683794,2.2507628316902163e-06,"{""2021"": ""74acd05f437d8dd97093cd44ceb7735086de86c2e594bff9773b1750d909da12""}",1.5529296970334509e-07,45.832963556482092,14.493655675397479,False,False
0.223,223,2021,1,5.0219510412758059e-06,1.4628529315000418,0.68359571797458674,True,7.3463758025799996e-06,,,66214738.059975564,66214738.059975564,662147380.59975564,0.31622776601683794,2.3231280083700282e-06,"{""2021"": ""afc3c671877b74dd52b40e4d524e3af4b86c688b4c45d546b398a1564daf0a3c""}",2.0127663448621044e-07,36.49890023912986,11.541965684691467,False,False
0.224,224,2021,1,5.2246164440223005e-06,1.4793273449050943,0.67598290766683167,True,7.7289179722830058e-06,,,64362913.746711552,64362913.746711552,643629137.46711552,0.31622776601683794,2.4440984641024439e-06,"{""2021"": ""0cafde313a4c8dbbb936d6c5e85f63d6c80ca8e423b1bfe56491acb80015686a""}",2.7734813079506353e-07,27.86720772239137,8.8123848431789966,False,False
0.22500000000000001,225,2021,1,5.5760334806217535e-06,1.4948658954779783,0.6689563278050793,True,8.3354222822248271e-06,,,62544678.250818081,62544678.250818081,625446782.50818086,0.31622776601683794,2.6358919671149299e-06,"{""2021"": ""c5f437b3b2703dce5c9b1aff2172cd0a33c30e43be9f48ed9858df0c077ae669""}",2.198768539783504e-07,37.909503121440665,11.988037482901525,False,False
0.22600000000000001,226,2021,1,5.8575914481005487e-06,1.5095654015240774,0.66244231551040234,True,8.8424173863159064e-06,,,60771554.152976394,60771554.152976394,607715541.52976394,0.31622776601683794,2.7962178962631263e-06,"{""2021"": ""39e1053c0b81d11ee6daf322526521dceddc843e8b786639c32fccb8250a26c2""}",2.1686462116559008e-07,40.773904654388751,12.893840780640906,False,False
0.22700000000000001,227,2021,1,6.114190920527776e-06,1.5235070686802987,0.65638028241393453,True,9.3150130866849676e-06,,,59077484.039820164,59077484.039820164,590774840.3982017,0.31622776601683794,2.9456657788199971e-06,"{""2021"": ""b3667c3187a5b81fcd8455c543f6dfbbb55e3abb42103d6905acf11c00e16742""}",4.0095466122756717e-07,23.232085787869437,7.3466305886094814,False,False
0.22800000000000001,228,2021,1,6.4598923987111328e-06,1.5367598618955465,0.65071975446217756,True,9.9273033505034081e-06,,,57436780.43420136,57436780.43420136,574367804.3420136,0.31622776601683794,3.1392889611011631e-06,"{""2021"": ""da85e295f99a1cdd82194e12c2dcecfcab63d8f565c5d319682d533d01956d6f""}",2.2320806780399126e-07,44.475557931987503,14.064406327184866,False,False
0.22900000000000001,229,2021,1,6.892217369833309e-06,1.549382987764826,0.64541821350615325,True,1.0678684340796963e-05,,,55831675.293223605,55831675.293223605,558316752.93223608,0.31622776601683794,3.3768964930892134e-06,"{""2021"": ""9f618ace0568a8250f8e2ba77a6d409670ec3c68b25686dc9324615105cdd214""}",3.0763090380000002e-07,34.712651456303277,10.97710422254792,False,False
0.23000000000000001,230,2021,1,7.0571485286283464e-06,1.5614277592656256,0.6404394913987711,True,1.1019227613860864e-05,,,54262302.354147367,54262302.354147367,542623023.54147363,0.31622776601683794,3.4845857315622728e-06,"{""2021"": ""dfaa13eb343299450e9def155929981bd566e1d30b9e7c38bbbb1b32adec560b""}",2.1101160959999997e-07,52.220954262892207,16.513715705821873,False,False
0.23100000000000001,231,2021,1,7.6168135081563394e-06,1.5729390216185293,0.63575255382183604,True,1.1980783187370228e-05,,,52721717.822498925,52721717.822498925,527217178.22498924,0.31622776601683794,3.7886563024741783e-06,"{""2021"": ""2ddf958e7c877fbf71771f3bd377df43d75bdfda26c8d67f11f2101fd17271fd""}",3.4221900075110432e-07,35.009111595424955,11.070853150055411,False,False
0.23200000000000001,232,2021,1,7.7846388236744626e-06,1.5839562598000565,0.6313305647254619,True,1.2330527395041712e-05,,,51251552.386992052,51251552.386992052,512515523.86992049,0.31622776601683794,3.8992551319434609e-06,"{""2021"": ""f1bfa85ba71e4ec467ee9174d9e9ac44764762cc61302130918e97e217343467""}",3.3937331461914006e-07,36.333226166823344,11.489574942919068,False,False
0.23300000000000001,233,2021,1,7.9498488549952646e-06,1.5945144708897403,0.62715015652507644,True,1.2676149040676182e-05,,,49805482.399550624,49805482.399550624,498054823.99550623,0.31622776601683794,4.0085502928295126e-06,"{""2021"": ""fa0865ebf7b5c4ff7972c54f1d911704b0f6a05ec52d54f65f9defb9e96a6e19""}",2.4994517909123521e-07,50.71571728954661,16.03771798041485,False,False
0.23400000000000001,234,2021,1,8.3354506167973999e-06,1.6046448598496124,0.62319085364079885,True,1.3375437986774227e-05,,,48395595.204147421,48395595.204147421,483955952.04147422,0.31622776601683794,4.2296848740543663e-06,"{""2021"": ""992c396e570e8cf1a2df5792d6ddcb0188bc654aa82a8cf6a908e5cd7024e052""}",3.2729374922395028e-07,40.866768823079795,12.923207009249085,False,False
0.2349999999999999,235,2021,1,8.2255450287366202e-06,1.6143754007809901,0.61943461199683025,True,1.3279117552408762e-05,,,47012739.219878465,47012739.219878465,470127392.19878465,0.31622776601683794,4.1992256782732034e-06,"{""2021"": ""4a9b518cf4b9f5beef14dc438ce2b26bed61a7ea8d0f81b79a1d488673e71c5c""}",1.9433728345528955e-07,68.330262296086062,21.607926197235866,False,False
0.2359999999999999,236,2021,1,8.3514226145498907e-06,1.6237312943290323,0.61586544737577753,True,1.3560466251411847e-05,,,45679826.441246986,45679826.441246986,456798264.41246986,0.31622776601683794,4.2881959488306928e-06,"{""2021"": ""c0278ff7f703622370383e74ff13b188e2229c8efee2f711c6a1fb386905dd85""}",2.9341722240000011e-07,46.215645218417286,14.614670242446856,False,False
0.23699999999999991,237,2021,1,8.7800729644017822e-06,1.6327353439454393,0.61246913267862524,True,1.4335535451398595e-05,,,44384391.872122183,44384391.872122183,443843918.7212218,0.31622776601683794,4.5332943504509607e-06,"{""2021"": ""b007a513be7df7dd62403da0fae12689a2e8582d8599dc60ab83b60e7b436fce""}",3.4044907853757841e-07,42.107722872911971,13.315631136157064,False,False
0.23799999999999991,238,2021,1,8.9913389139634617e-06,1.6414082680558688,0.60923294920673743,True,1.4758458034272105e-05,,,43150069.974407554,43150069.974407554,431500699.74407554,0.31622776601683794,4.667034214031121e-06,"{""2021"": ""64bca7759f60a6b60efb8f9a3097f150cc02a88e9ad359bbd0d5538326bd74d3""}",2.8246157893574849e-07,52.24943544491483,16.522722246386405,False,False
0.23899999999999991,239,2021,1,9.0007192256807466e-06,1.649768961087394,0.60614548072287711,True,1.484910720599066e-05,,,41910564.95451811,41910564.95451811,419105649.5451811,0.31622776601683794,4.6956999990949569e-06,"{""2021"": ""a24bb51c856ac764c2ba4bc770f88fc25a789997f6f032b8bbd6b1d509761d34""}",4.8911377133959243e-07,30.359208994099049,9.6004248382422368,False,False
0.23999999999999991,240,2021,1,9.0691912255993463e-06,1.6578347133148656,0.60319644170104547,True,1.5035220035489187e-05,,,40722504.224758573,40722504.224758573,407225042.24758571,0.31622776601683794,4.7545540433943485e-06,"{""2021"": ""973dfa5f140a0c46147b31d5ea0c061ff49d6dbbdbfb15026c924d97ce369b2f""}",5.3705446559999961e-07,27.995708067880553,8.8530202203654333,False,False
0.24099999999999991,241,2021,1,9.4645524386792082e-06,1.6656213972624625,0.60037653313265138,True,1.5764361057376708e-05,,,39555789.667357668,39555789.667357668,395557896.67357671,0.31622776601683794,4.985128679857074e-06,"{""2021"": ""c68446a577aa1c133c797339e3bab746a9e9d9e3d27ab089a1bed5b6fa52e8b1""}",2.5120230040805024e-07,62.755639704609607,19.845075748746275,False,False
0.24199999999999991,242,2021,1,1.0082184528549988e-05,1.6731436267286659,0.59767732071824697,True,1.686894278744577e-05,,,38433549.776148953,38433549.776148953,384335497.76148951,0.31622776601683794,5.3344280927398273e-06,"{""2021"": ""a969d5b2d99c3427a40d70dafa54be004bcf996d8ed75ab7d095f50b7ddc1f2c""}",2.2980564521563293e-07,73.40525848099675,23.212780903334153,False,False
0.24299999999999991,243,2021,1,1.0421458201472619e-05,1.6804148932374967,0.59509113137731973,True,1.7512373571006649e-05,,,37332878.581611663,37332878.581611663,373328785.81611663,0.31622776601683794,5.5378987720117477e-06,"{""2021"": ""69a92f04f7f84c324c09eefe598e0acd76439677b9e85404f5514a667066e6d6""}",3.8385445065082262e-07,45.622431995550755,14.427079750208126,False,False
0.24399999999999991,244,2021,1,1.1114837123960772e-05,1.687447683749181,0.59261096484970366,True,1.8755706160077013e-05,,,36240747.787831157,36240747.787831157,362407477.87831157,0.31622776601683794,5.9310750590694001e-06,"{""2021"": ""b3fe3f0d6dca2df8a324291241524ed5adf6f40faf415e66d750fc61b7fb7ccb""}",3.2444073967256808e-07,57.809343484439218,18.280919544984261,False,False
0.245,245,2021,1,1.2021718339821959e-05,1.6942535827134084,0.59023041780939534,True,2.0367839367614839e-05,,,35231160.942734629,35231160.942734629,352311609.42734629,0.31622776601683794,6.4408763418106453e-06,"{""2021"": ""9bd7ae6fbf543325aac035fbc57294842fcddb9c39d08c6110a394e0b50c499b""}",3.2247888198906886e-07,63.160226933263964,19.973017464222583,False,False
0.246,246,2021,1,1.2836896842127042e-05,1.7008433609631814,0.58794361841392817,True,2.1833550769301008e-05,,,34231611.465346351,34231611.465346351,342316114.65346348,0.31622776601683794,6.9043749839912715e-06,"{""2021"": ""aa1a98df1b36f812335573ef993980798d274d5df28bb4d1c864a41ac6849d4c""}",2.5354075121957884e-07,86.114562113890997,27.231815598793983,False,False
0.247,247,2021,1,1.4025533299781155e-05,1.7072270534869669,0.58574516960560463,True,2.3944769888968718e-05,,,33240766.184267055,33240766.184267055,332407661.84267056,0.31622776601683794,7.5720010897758268e-06,"{""2021"": ""ea0b6b19a2dd8a7de11f966ee9c0a9de43d8aa92d0bd9e1c59fe85ae341a88d4""}",1.9176596477143385e-07,124.86454474603211,39.485636039747234,False,False
0.248,248,2021,1,1.4922163479179294e-05,1.7134140277520251,0.58363009979087521,True,2.5567844229634769e-05,,,32306957.309929177,32306957.309929177,323069573.0992918,0.31622776601683794,8.0852622626039032e-06,"{""2021"": ""1543ba2bafed095c1d6e7f5078adbf8f48b9d3a14a566079a9cc62ce58866152""}",4.0679198979100746e-07,62.852378786441804,19.875667332480585,False,False
0.249,249,2021,1,1.5596990318755313e-05,1.7194130439605608,0.5815938197703574,True,2.6817668600594469e-05,,,31367919.805807769,31367919.805807769,313679198.05807769,0.31622776601683794,8.4804914313458905e-06,"{""2021"": ""aa41435ff815e7da1d567f3dd261b971c93ef6fbe22965a4bd8d8bfd887ab29e""}",3.4226308935218717e-07,78.353960549334047,24.777697903087361,False,False
0.25,250,2021,1,1.6031513909106492e-05,1.7252323083862526,0.57963208498882091,True,2.7658085748334111e-05,,,30463229.356406078,30463229.356406078,304632293.56406081,0.31622776601683794,8.7462546684978401e-06,"{""2021"": ""ca86d5e7f6e35298501ab6462f1a8c2c9c5aa592d22d94a4e1a720f4c68a7205""}",3.7967806997928899e-07,72.846150292122033,23.035975369804579,False,False
