method,mass_MeV,asimov_r,response_sd,toy_r_mean,toy_r_sd,z_mean,z_sd,z_skew,z_excess_kurtosis,normality_KS,normality_p,normality_holm_p
profiled,19,2.434945801467021,0.9766574822652863,2.438953007097134,0.9622489727857984,0.004102979501901396,0.9852471211851381,-0.046927797204907355,-0.16578448598675521,0.01490533690117779,0.9770339984565537,1.0
profiled,20,2.8420797246653087,0.9507856960373088,2.822202197731216,0.9429573761915728,-0.02090642193812753,0.9917664728462335,-0.11119759623018692,-0.024281968592668512,0.025291050455200526,0.5360579431392355,1.0
profiled,21,0.20417730885967306,0.9558118731006457,0.18139499438715637,0.9411843971646835,-0.02383556337149384,0.9846962814047173,0.04998713785940748,-0.2500077159456424,0.022391474322946414,0.6890450378937795,1.0
profiled,22,-1.80278238565564,0.9690223146850048,-1.7596054715720577,0.9545559649646382,0.04455719278004193,0.9850711903109589,0.07585650847220654,0.033189452043909995,0.023730521666354476,0.617707705269806,1.0
profiled,23,-1.7577564146466857,0.9485359142613653,-1.7171616902201394,0.9174394521407311,0.04279724554041558,0.9672163577012798,0.013506931700833025,-0.13011720863940157,0.03336139253560577,0.21091700457471607,1.0
profiled,24,-0.1865734731215008,0.9562347257160657,-0.20587711892650407,0.9243947966317151,-0.02018714159386751,0.9667028102744254,-0.019411859667229834,0.10493533445557768,0.030394564133092827,0.307763683572046,1.0
profiled,25,0.9777830084629738,0.970907960189615,0.9259910229029035,0.9481166955628305,-0.053343867476331554,0.9765258237018332,0.09975262420550406,0.09866587622681866,0.03324175907013166,0.21431073837065262,1.0
profiled,26,1.601691425236315,0.9696130020479402,1.584790267801266,0.9438146300425105,-0.017430827968840754,0.9733931249365052,-0.05490451254113361,0.04558415600828303,0.022918960486730366,0.6609628024129608,1.0
profiled,27,1.1424075152769877,0.9588260932637386,1.1742556766033225,0.9314728082847475,0.033215784958383086,0.971472110353314,0.04053957154903475,0.13834584055972377,0.028210121436496205,0.39645392228944765,1.0
profiled,28,0.15550100106152265,0.9615085940854797,0.19259403736797373,0.9353753242577174,0.03857795607300983,0.9728205551271037,-0.16502855859817364,-0.07145761199807188,0.03633591903714639,0.1391497724178301,1.0
profiled,29,-0.6566619317039409,0.9687514047008587,-0.6524738946100531,0.9630634188717676,0.0043231287960619515,0.9941285392707663,0.05753917902203404,0.10700981392693798,0.01767389711364148,0.9080122267095954,1.0
profiled,30,-1.1228528248997707,0.9690933589050094,-1.1494041862525153,0.9556749242431781,-0.027398146018403412,0.9861536202487313,0.06385216865712305,0.0303466845229865,0.026047688012760972,0.49789382288557527,1.0
profiled,31,-1.1301280954129336,0.9621349598649039,-1.160482453638853,0.9383301240370527,-0.031548960896485546,0.975258319444921,-0.06393896291469335,-0.10075128625438357,0.03198387134475278,0.25255053298035324,1.0
profiled,32,-0.6775103491568718,0.960477124345755,-0.685637295201769,0.9602014883592083,-0.008461363460824774,0.9997130218101399,-0.09836811858415889,0.08439058520329601,0.02816678045677401,0.39836036598533486,1.0
profiled,33,0.03405670844619521,0.9647945601327514,0.05351912838574617,0.9703442065590143,0.02017260538541286,1.005752153521159,-0.14117711373854056,-0.1723834260537589,0.029047413349877038,0.36072599670798466,1.0
profiled,34,0.4973832173817114,0.9705889866245629,0.531283361218513,0.9691211798717521,0.03492739388553843,0.9984877154253361,0.03277598250022383,-0.0339498616034728,0.029787718956686415,0.3309221715307119,1.0
profiled,35,0.7774650009803517,0.9715491425587424,0.8103573522335614,0.960753599428422,0.033855571285444315,0.9888883200474157,0.15666236097551242,0.16387865568631943,0.02331116487015175,0.6400400239299893,1.0
profiled,36,0.9043164775934841,0.9670995346735752,0.9146745918486625,0.950685730040498,0.010710494508380354,0.9830278021603873,0.0643040918123177,-0.021921667366208375,0.018195061836454474,0.8889546660802055,1.0
profiled,37,0.6582346787387107,0.9634239202294831,0.6354041249001292,0.9470002169012983,-0.023697308484040374,0.9829527760487069,0.13214701776201077,0.053296490309124867,0.031699103883746305,0.261869268762009,1.0
profiled,38,0.05868364975532434,0.9642783094749676,0.017802486131655307,0.9747894648683143,-0.04239560635344799,1.0109005411508942,0.08445428720120655,0.027338766420569094,0.04605187062276994,0.027870668246055885,1.0
profiled,39,-0.30209098876534207,0.9667169241070984,-0.3533947101011265,0.9783207497825304,-0.05307005603855632,1.0120033335364949,-0.018218764124116993,0.19910031991016774,0.035502678232028795,0.15691762707752244,1.0
profiled,40,-0.5587326652594088,0.9693021517932342,-0.5927739248951448,0.9507243356735224,-0.03511934805133653,0.9808338235034945,-0.06624266394004939,-0.11006854550272172,0.02327965133796328,0.6417207175506303,1.0
profiled,41,-0.7099261234638028,0.9678708296021636,-0.7085829960584901,0.9412664971431116,0.0013877134884464227,0.9725125175329568,-0.025396970592538825,0.04208581871700945,0.02062573999615358,0.7804287444142355,1.0
profiled,42,-0.6575813422256491,0.9653360751909956,-0.6238906867149847,0.9577998270138925,0.034900441801057315,0.9921931352502162,-0.11954326054091485,0.12349872859000399,0.03257468705678834,0.23400207585612187,1.0
profiled,43,-0.41918446336698484,0.9628320327925078,-0.3631018372960275,0.9732065371773457,0.05824756983655865,1.0107749888158049,0.006549195546049686,-0.10439031867053705,0.035522803243803414,0.15646806836298155,1.0
profiled,44,-0.0964619139304486,0.963459962323557,-0.040541122853572004,0.9667581760915914,0.05804163459165809,1.0034233013275198,0.09428395985886413,-0.019905307771979075,0.03018409784931725,0.3156651337220384,1.0
profiled,45,0.3156448329547523,0.9649315853368452,0.35081336899182713,0.9658490558221688,0.03644666271837078,1.0009508140258496,-0.03148155738604394,-0.13924393906334132,0.0324841520536866,0.23677620983920178,1.0
profiled,46,0.4174357144269664,0.9673701588509359,0.428651143843352,0.9671429646212001,0.011593731017822037,0.9997651424042213,-0.03255827309385241,-0.16118834518024405,0.022679366915874632,0.6737343465936393,1.0
profiled,47,0.5271942345307677,0.9683472180799138,0.5106976130229104,0.9593787603634394,-0.017035853668860235,0.9907383864495862,0.03622428230731582,-0.07059979326074117,0.028884179902958218,0.3675248826913885,1.0
profiled,48,0.5163642841555786,0.96854703154029,0.478019906250851,0.9667465672083329,-0.03958958796636657,0.998141066697511,-0.05611905349722532,-0.14015950356202111,0.02331826144442173,0.6396615756661426,1.0
profiled,49,0.37282350059321046,0.9670521271488417,0.33611396124522763,0.9775127679099301,-0.03796024879880414,1.010817039193047,-0.06131949560974568,-0.1576242470511069,0.027589676631598392,0.42426468910296145,1.0
profiled,50,0.1456327019171779,0.9661970693735851,0.10747576371298552,0.9867527589585879,-0.039491879466091416,1.0212748415789852,0.05550976387313222,-0.07444791114394533,0.032199256514213126,0.24566646580560292,1.0
profiled,51,-0.08960355707972958,0.9648755072852826,-0.11699123592550605,0.9848238471107709,-0.028384676198106484,1.0206745219200493,0.0939354785026033,-0.13781465249239977,0.030705104792684845,0.29635815011805056,1.0
profiled,52,-0.15989203942428235,0.9636369961019077,-0.18317792314860862,0.9708309712294277,-0.024164580457705576,1.00746544098724,-0.020842964910190564,-0.1606634679378618,0.02058407489694475,0.782498666642689,1.0
profiled,53,-0.25556500565272455,0.9639997191276813,-0.2682532784108269,0.9609682861899213,-0.013162112505161212,0.9968553591068438,-0.05973335559162851,-0.2574666319765533,0.020846198540501237,0.7693899630505999,1.0
profiled,54,-0.3608810600818031,0.9656846657231254,-0.36054998471450067,0.9583842732283111,0.00034284003780311244,0.9924401901014474,0.019675398609643895,-0.15985351354156574,0.017627111529057937,0.9096351407151048,1.0
profiled,55,-0.40712825455194585,0.967385278580214,-0.38764065849659685,0.9664170887798615,0.02014460679404799,0.9989991683543362,-7.666978632213016e-05,0.015525351598482562,0.026621224188957016,0.4698043651921435,1.0
profiled,56,-0.3942764654809225,0.9681798531467746,-0.35425326017881853,0.9680599685738212,0.04133860580967545,0.9998761753071356,-0.08252764831481393,0.08134804829310172,0.05878651598369,0.0019082472694637743,0.13739380340139173
profiled,57,-0.32466158749100776,0.9683599717245502,-0.2708349820212907,0.9574218111617243,0.055585326780760454,0.9887044478476882,-0.052082580606076206,-0.040156412376084916,0.03862255384017277,0.09862224407775799,1.0
profiled,58,-0.15411525817589042,0.967382028182482,-0.09428225983414928,0.9475744031059499,0.06185043405670396,0.9795245058317377,0.03125208923114839,-0.20118165375324892,0.03433228955200984,0.1848816225120702,1.0
profiled,59,-0.023384964590380745,0.9664520535485087,0.030284043301260256,0.9394564146259047,0.05553199219204435,0.9720672755327235,0.05660759967063391,-0.2287391306469173,0.02847906153112645,0.38474829390263654,1.0
profiled,60,0.0384891162536306,0.9637581652094027,0.07631353911656012,0.941205036475714,0.03924679886339658,0.9765987676703227,0.03874221775780964,0.031227168754040413,0.03150980282228122,0.26820162207882536,1.0
profiled,61,0.08088681472082895,0.9629137695917642,0.09485012073019256,0.9481616684794661,0.014501097035182573,0.9846797277407796,0.07157721619430604,0.04899369772743434,0.023979752501515933,0.6044827447146617,1.0
profiled,62,0.15853873665458462,0.9637745036529254,0.14119183686717324,0.9411901768775033,-0.017998919583017258,0.9765667936951825,0.09219066401939104,0.05125932931451915,0.03507807774002092,0.16664505752410408,1.0
profiled,63,0.23015661571629042,0.9666630882518243,0.18522098458649258,0.9322545449301399,-0.04648530773122031,0.9644048234179387,0.0750299617495467,-0.03354448002949084,0.03693793101080389,0.1273540207605992,1.0
profiled,64,0.2653186438655896,0.9703431218586115,0.19950777088550267,0.9181781914519211,-0.06782226976992603,0.9462407377023783,0.07326008142559262,-0.038390340654792965,0.04824311317652219,0.018403663814538514,1.0
profiled,65,0.29425915326527136,0.9736763738383932,0.22253029254895315,0.91478256030067,-0.07366807149027471,0.9395139749508822,0.044960439154141954,-0.0023209617250761205,0.04979607443568368,0.013554953009967122,0.9624016637076657
profiled,66,0.31833637189310354,0.9743787930141696,0.25130043512603983,0.9266721231063719,-0.06879864098816535,0.951038887289182,-0.017384931688685382,-0.008014586785063837,0.04277687712334999,0.049996763300998004,1.0
profiled,67,0.3063347309596127,0.9733959289295373,0.2577593154004311,0.9368438391877622,-0.04990303957054859,0.9624488980738062,-0.10381503713418137,0.018391542822499662,0.03567504859200715,0.15310042045148853,1.0
profiled,68,0.22285671662275944,0.970962828300317,0.1981122978205184,0.9336550826658166,-0.025484414110431494,0.9615765459324451,-0.14201514981161817,0.04212921092628674,0.0239513135793622,0.6059893988744032,1.0
profiled,69,0.12423244254260073,0.9684275896522639,0.12083448958925926,0.9347317160162538,-0.003508732082448795,0.9652055827445918,-0.1303915071262833,0.05714705817472998,0.020241480512214527,0.7993034449550305,1.0
profiled,70,0.14383032135826482,0.9641834404505669,0.1600205923893531,0.9240302825144555,0.016791691655192217,0.9583552711532283,-0.10696411343955815,0.0411618665262492,0.02184023884518027,0.7181564268456132,1.0
profiled,71,0.06800363497790554,0.9620742965626355,0.09886810659544114,0.9189013648959494,0.03208117265767341,0.9551251583989537,-0.08742989335590681,-0.06251538036854809,0.03136814959031459,0.2730123725380812,1.0
profiled,72,0.047424725364475104,0.9614198461285833,0.0948760064723433,0.9171212015707463,0.04935542083819429,0.95392372568944,-0.08911609100704672,-0.08044503677934411,0.04349062795553171,0.044179676941282664,1.0
profiled,73,-0.03047090026849471,0.9629777180481378,0.01695239394473145,0.9128067318509194,0.04924651248353757,0.9479001587919292,-0.037259127645730354,-0.03724240967778325,0.043830347658442514,0.04162385063156071,1.0
profiled,74,-0.10025775842090685,0.9653534204505282,-0.05785709206253405,0.919240698356464,0.043922428263199725,0.9522322901466042,-0.002883778363602243,0.031207141848425213,0.03702968259483519,0.12563002724092642,1.0
profiled,75,-0.11734313652754018,0.9705241236022144,-0.08454276308954471,0.930194661370663,0.03379655656188434,0.9584456880042672,0.030820084010628,-0.046000160555257796,0.029216455216023035,0.3537712895835827,1.0
profiled,76,-0.16947764211115574,0.9736617489716262,-0.14679628443879156,0.9376304676824311,0.023294904720576767,0.9629940466211689,0.03658813588900081,-0.1057218882166473,0.02182211185998356,0.7191073933251757,1.0
profiled,77,-0.22213099524605695,0.9751254294693464,-0.21305969991733031,0.9422756672132496,0.009302695893863788,0.9663122699261639,0.0009753179343296522,-0.18484861089058313,0.016960499976589355,0.9311063455725551,1.0
profiled,78,-0.2330604196788991,0.9757769743734623,-0.23321070596581533,0.9499017049641102,-0.00015401704576266438,0.9734823939394897,-0.016949371982930127,-0.13808487668632186,0.01943595059992015,0.8370467795353921,1.0
profiled,79,-0.2232030620555839,0.9755783342076827,-0.24376283826267853,0.9482266025920822,-0.02107444936627489,0.9719635721125213,-0.03234499859606536,-0.04523927516681958,0.021737984394795906,0.723514383308997,1.0
profiled,80,-0.19072855921283718,0.9741553435172519,-0.22226348336971752,0.9417576577711989,-0.032371555898899486,0.9667427931677929,-0.002101254629585555,-0.015586761410560257,0.028136703715924694,0.39968659842959764,1.0
profiled,81,-0.1802987810895404,0.9701791916088305,-0.21846635436009018,0.9442776167142353,-0.03934074612263862,0.9733022774363537,0.03426832256103849,0.021691401187274195,0.036984205672563775,0.12648213194344937,1.0
profiled,82,-0.1592403730904071,0.9658882311174068,-0.19710256578802035,0.942279173520345,-0.0391993519310321,0.9755571536783824,0.05629808990797343,0.04245700276713826,0.03910219665113268,0.09150621122083857,1.0
profiled,83,-0.13800307344804105,0.9607581248619446,-0.17172450857027907,0.9427209832288646,-0.03509877694459634,0.981226136770197,0.02124661575596005,-0.06263444017281694,0.0322550848796157,0.24390504807764324,1.0
profiled,84,-0.17170029160592395,0.9569339873322287,-0.2027142806094941,0.9432459714876765,-0.03240974760446323,0.9856959664660755,-0.008012708813222068,-0.09669076293809287,0.027958528496591972,0.4075974294871306,1.0
profiled,85,-0.153036906727859,0.9557507013490727,-0.17109481352964523,0.9471090190400595,-0.018893950876831076,0.990958225511302,-0.009046658995618816,0.07080150470291979,0.024504804000744895,0.5768095744218897,1.0
profiled,86,-0.041646654089286514,0.9570489513369294,-0.053524461926879756,0.9449561037973578,-0.01241086761654227,0.987364441993611,-0.02615561484531739,0.2186977557450458,0.019938407279183723,0.8138182243362982,1.0
profiled,87,0.00579033497437118,0.9595340772912557,0.004965703611270129,0.9412133093335483,-0.000859408105055472,0.9809065999933774,0.017180241685709863,0.23825903295187967,0.02487297755306106,0.5576073507698429,1.0
profiled,88,0.04179203608850496,0.9644817241774187,0.04062324905284151,0.9393962209724374,-0.0012118291164721331,0.9739906909834127,0.07254685828623617,0.17577260133757378,0.029349179984750173,0.34837243326923684,1.0
profiled,89,0.046057903654191816,0.9708453680819532,0.045842682430776445,0.9405738130812858,-0.00022168434901279353,0.9688193856654297,0.08883764969665368,0.08289893131497506,0.01928764472411404,0.8436826159510581,1.0
profiled,90,0.0915215814366041,0.9765058972174746,0.08367697788194393,0.9415228718937351,-0.008033339662374928,0.9641753056244486,0.08163349112216683,0.16487966694105705,0.025601552213873946,0.520256233454323,1.0
fixed,19,8.314229546193134,3.4847843960317375,8.350755807718393,3.369676946307773,0.010481641724191554,0.9669685591294996,-0.10573098264295924,0.08878068697904862,0.031774276095405396,0.2593852184084078,1.0
fixed,20,12.735224534293021,3.458434628215121,12.582507888701318,3.3402629408600104,-0.044157736666695376,0.9658308743525107,-0.10582908057117384,0.2319454563019705,0.04329104224710245,0.04574392818438666,1.0
fixed,21,2.074544147562484,3.279258203699633,2.116510198377814,3.2217494872229846,0.012797421919379267,0.9824628885850564,0.07995007324281378,0.034467173213563296,0.023780904375435785,0.6150306618577911,1.0
fixed,22,-6.563811127986452,3.502953524274675,-6.342016050397164,3.4450289960036526,0.0633165915711693,0.9834640888411397,-0.036255856478276595,0.2392135650810081,0.04856750674758398,0.017278656643840515,1.0
fixed,23,-7.404655944598184,3.2204774473351736,-7.478289487660895,3.149595968407528,-0.022864169759561768,0.9779903818341291,0.07084777243210415,-0.027409259137214814,0.02655451705416001,0.4730308389209975,1.0
fixed,24,-2.2320743750429886,3.5606222789913966,-2.2552447187299483,3.5712004747014263,-0.006507386032961293,1.0029708839863312,0.0006182252285846228,-0.027472149412194113,0.013483532788204133,0.9922992403728017,1.0
fixed,25,3.000191968146712,3.24778234575504,2.9256145872131225,3.1658201715024092,-0.022962555058858844,0.9747636493068083,0.030440532574686586,0.2736918353664648,0.02510890199589655,0.5454103844723667,1.0
fixed,26,6.459890582308978,3.395523125124464,6.365128372003594,3.3808311856657385,-0.027907985548444685,0.9956731440436921,0.019367230485102856,0.2285682409944183,0.030854491805410666,0.2909787842491788,1.0
fixed,27,5.008922800235604,3.1905003456946437,5.011378924782972,3.054387712192458,0.0007698242536417679,0.9573381542848411,0.11607630009704765,-0.11391245017503637,0.023686453016415643,0.6200505600080248,1.0
fixed,28,1.743572242056749,3.4495440984463226,1.7105203743619692,3.3314233176645294,-0.009581517659004956,0.9657575675478406,-0.0758108710797124,-0.23905832223178702,0.015735042395777388,0.9621750464783033,1.0
fixed,29,-1.8690067296834971,3.239431576588242,-1.825761466655797,3.281677399796243,0.013349645456393909,1.0130411222491367,-0.044616041999107084,0.1294426350402662,0.01972418362731973,0.8238565765437001,1.0
fixed,30,-4.252940230898412,3.376420268179789,-4.33945298826135,3.320377186303854,-0.025622627069934005,0.9834016273376573,0.03420132370741228,-0.15875156412372826,0.023360127320011026,0.6374291867408908,1.0
fixed,31,-4.659663471943016,3.1974186498223265,-4.731534494144063,3.198526273766828,-0.022477826669660823,1.0003464119234318,-0.09381302789988188,0.22025209780340926,0.02615158897776415,0.49274806700392904,1.0
fixed,32,-2.9798788277646007,3.0285222549343476,-2.999986262714587,3.0156271321391794,-0.00663935518955647,0.9957421073019496,0.0907777223193899,0.23032608696461,0.035128457450436246,0.16546644466162885,1.0
fixed,33,-0.6177329322731127,3.246713368849605,-0.55560778574648,3.173285706066836,0.019134780151117945,0.9773840020843028,0.06782006594199297,-0.031112142830993506,0.018555716785237597,0.8747630363650312,1.0
fixed,34,1.299009916948311,3.0739089047168906,1.3384202523295483,3.1531434123758753,0.012820918447115488,1.0257764657688457,-0.05606487997723604,-0.038371168065589156,0.02663255190737923,0.46925756595351664,1.0
fixed,35,2.550586081657734,3.1679926076760037,2.6892017834817614,3.0486003088295357,0.04375505848345844,0.9623129490399752,-0.01743185358661324,0.02671796406608129,0.039604754413853915,0.08451635148182512,1.0
fixed,36,3.4778550426055226,3.093387575752695,3.4965602870085633,2.9306831126423343,0.006046847976522635,0.9474024967366816,-0.045660421267544854,-0.0836135696351552,0.01700135139249692,0.9298812457971647,1.0
fixed,37,3.097702470669332,3.238318635205699,2.9466136093320894,3.2433736390302785,-0.04665657656249915,1.0015609964287093,0.19153111408390047,0.07792147120587467,0.05349698409691028,0.006290138486093618,0.4465998325126469
fixed,38,0.8215299304134259,3.178311520799816,0.7349803993102398,3.201121486001869,-0.027231292633456528,1.0071767556618592,0.07352842127382453,0.05344013388083768,0.03469152332185366,0.17591112991411229,1.0
fixed,39,-0.6054424135758327,3.3257800517409577,-0.7880558676513575,3.3085605179735333,-0.054908457936035646,0.9948224075255937,0.005017871814968807,-0.09717936050896103,0.03747971504882025,0.11744806421967247,1.0
fixed,40,-1.753476480248288,3.1772327152659083,-1.877042280493622,3.1407856414859188,-0.038891013444381124,0.9885286735199253,-0.18233131590610563,0.11196134167748051,0.02387662505747723,0.6099494061478671,1.0
fixed,41,-2.770987144395188,3.3282228445555764,-2.7451582590557484,3.2629834424440864,0.007760563683916747,0.9803981268206812,-0.020308740638992594,-0.17765062786977204,0.01686436252333945,0.933941795025825,1.0
fixed,42,-2.7287114065070353,3.1926333666009348,-2.6638662294358375,3.063228393714711,0.020310874950303436,0.9594676375183049,-0.09785599113091537,-0.12815377433117847,0.028365068266004934,0.38968361761073655,1.0
fixed,43,-2.2301221057642238,3.341474963569455,-2.101792525268703,3.3426074800635432,0.03840507018446604,1.0003389271224339,0.021185112500973616,0.17012440220362413,0.04197589589002482,0.057301931452807486,1.0
fixed,44,-0.9383466391852499,3.2291963777737838,-0.8409100224811594,3.309016686050261,0.030173642388160796,1.0247183196493939,0.02267294014811887,0.003709686460517503,0.025383046456923797,0.5313570908257286,1.0
fixed,45,0.8096473138102857,3.435984810282893,0.8555720045061087,3.4852148611509284,0.013365801431480126,1.0143277847796952,0.017164629398869514,-0.09994942055316702,0.02313988039118342,0.6491768912917397,1.0
fixed,46,1.2786203504600109,3.254126800757005,1.413644715218849,3.2227827361358194,0.04149327086068907,0.9903679031149327,0.06018422155550734,-0.22204984102478864,0.021166721150035706,0.7531047642463241,1.0
fixed,47,2.029382680500367,3.3865751731253373,2.116959625463798,3.230448128703823,0.025860032772463168,0.9538982492813143,-0.04861376658930015,-0.09438998748326233,0.02476381820044138,0.5632803677321934,1.0
fixed,48,2.14550864080463,3.270842468778553,2.028381986094259,3.2849031021107997,-0.035809323080640436,1.004298780349852,-0.0024187229212806103,-0.01063601200513542,0.032628512349088035,0.23236439177041335,1.0
fixed,49,1.9480483522060124,3.4143016585612758,1.8544557632872112,3.4424869319417906,-0.02741192732168821,1.008255062440028,0.07849727638711074,0.20208219493746205,0.03874224985009522,0.09680461507431826,1.0
fixed,50,1.0777840074711493,3.3195972131130853,0.8368352064915443,3.3308980035199127,-0.07258374601225961,1.0034042655422735,-0.008806320119982548,-0.3009717736629538,0.0423340218127759,0.053929499767141675,1.0
fixed,51,0.17201659465619681,3.454081336468822,0.025759836106170865,3.3964684975570956,-0.042343171541972764,0.9833203583530474,0.02279121678526453,0.12886521760773384,0.03215987604704895,0.24691461477994647,1.0
fixed,52,-0.1677266577824744,3.268251801601518,-0.36212358062017247,3.1271124963782944,-0.059480399503624284,0.9568150455377821,0.00020560369688145053,-0.12111792698897927,0.038976101442307454,0.09333403072372348,1.0
fixed,53,-0.6075911614711083,3.330051303743877,-0.7085777807535749,3.230436185781469,-0.030325844880807237,0.9700860110321984,-0.004187365054327487,-0.1132694218853918,0.03211965852358312,0.24819414394680162,1.0
fixed,54,-1.1622629937674394,3.2214541910253587,-1.1981769081343618,3.1572560502257216,-0.011148354822792443,0.9800716890594049,-0.011584061668522225,0.03278114420026457,0.017010728466008707,0.9295983368594005,1.0
fixed,55,-1.5413742757091358,3.3121933081015005,-1.467532813908319,3.2834732512616336,0.02229382615447092,0.9913289913455176,-0.079949910953595,-0.051093503349820324,0.032760296623966734,0.22839114311910935,1.0
fixed,56,-1.6377375442899154,3.2228018398670613,-1.4166778846867791,3.174540137939997,0.06859238345608448,0.9850249241731055,-0.0337522807473797,0.11029856308087194,0.03862380245923608,0.09860313767451323,1.0
fixed,57,-1.4561028502804032,3.1320772307577296,-1.2305714352046528,3.019992198768998,0.07200697762525755,0.9642138351864282,0.0086856655211429,0.0021575083856801847,0.04354033530974977,0.04379739950726713,1.0
fixed,58,-1.0137248766413047,3.2567285468072176,-0.8443291287879106,3.1692345068864753,0.05201408266570567,0.9731343774394344,0.0075278471787698425,-0.2139034524702934,0.034200503511724656,0.1882608083219819,1.0
fixed,59,-0.4889257053926454,3.158839908933635,-0.3990445468724753,3.149599892851097,0.028453850499347486,0.9970748704116325,-0.05784882609247347,0.04806157215917928,0.028265327586933564,0.39403357895458757,1.0
fixed,60,-0.2762337295128021,3.196684186612572,-0.218254196943707,3.1536280735663444,0.01813739774855087,0.9865310082157811,0.08771765082514964,-0.005741821812147219,0.018454165405176637,0.8788384094452519,1.0
fixed,61,-0.07727841425854634,3.0496969099017313,-0.06301319142815989,3.0055793230542975,0.004677587069085526,0.9855337798637652,0.09888227806566555,0.04055476027697047,0.014166674264037837,0.9864090966463699,1.0
fixed,62,0.24460348082108738,3.097923862535438,0.16391257007985505,3.060703078395605,-0.02604677013436749,0.9879852488984767,0.11454414265981837,0.2833670139796105,0.025129457898690033,0.5443520374339801,1.0
fixed,63,0.5847495745395824,3.0046886970492346,0.482437378657807,3.0263009464113266,-0.034050847258237274,1.007192841435892,-0.02192992536379153,-0.05541384770783342,0.020447419493251878,0.7892490203218584,1.0
fixed,64,0.7710154756395995,3.054890727491687,0.6287796468308656,2.975213342010676,-0.046560038147590604,0.973918089847216,-0.025851686100164074,-0.15351764479879781,0.033799320149381695,0.19884461983788526,1.0
fixed,65,0.9098149088615745,2.9661278456741385,0.7475065107239659,2.831477188756882,-0.05472063463964384,0.9546038930474174,-0.10944633890241665,0.2664342211991588,0.037659541593273005,0.11430346874852348,1.0
fixed,66,1.1076924146002998,3.031452148548628,0.9376274751669421,2.938427404269324,-0.05610015632764641,0.9693134709964526,-0.0016001969331098777,-0.03003552793885378,0.04182713713185282,0.05875514010198091,1.0
fixed,67,1.1725980889042495,2.97058714061975,1.054912466536871,2.907219779074094,-0.039616956782094585,0.9786684050842435,-0.013741782786273112,-0.1530098942917295,0.033671542590939185,0.2023105647889376,1.0
fixed,68,1.0687622341678398,3.0636379091056845,0.9592357051144708,2.9857434652173755,-0.03575048106299914,0.9745745266903793,-0.10934606915353348,-0.2547243734583451,0.027226261291720677,0.4410595897505435,1.0
fixed,69,0.7448231980421828,2.9977846753715682,0.6121648798383141,2.9530455198824357,-0.04425211700284179,0.9850759276152524,-0.08067270368256796,-0.3034551328296007,0.02691479368856481,0.4557382526158251,1.0
fixed,70,0.8400441522653653,2.9864603815987305,0.7272695880400233,2.9070071141239278,-0.037761948867699645,0.9733955059426339,0.0652057678592527,-0.2030478182239026,0.03282067204452416,0.22658805904488244,1.0
fixed,71,0.5553760410657107,2.8964370999178852,0.46871956384512764,2.890802977279186,-0.029918301082056908,0.99805480925553,0.03171413383310747,-0.22348561368473252,0.04036552699416385,0.07479284406657039,1.0
fixed,72,0.5063546515365229,2.9006932802041208,0.5245714317063439,2.847405657105246,0.006280146989046365,0.9816293492791748,0.002592536799816362,-0.12236619602417909,0.017855295335777788,0.9015807411461516,1.0
fixed,73,0.1937903578895747,2.8269856985527637,0.22654096923700423,2.7491790154372313,0.011584993643298475,0.9724771571517449,-0.034221840233314794,-0.027235828430068665,0.026952388186536308,0.45395293436033246,1.0
fixed,74,-0.07725446366893075,2.87585200433997,-0.03880115135235169,2.837261797089586,0.013371102636209678,0.9865812958413205,0.0005881245372705702,0.08073416653490773,0.026183925812119827,0.4911515768305035,1.0
fixed,75,-0.1527294548177688,2.797482346968166,-0.0835050115766199,2.7325875581792034,0.02474526544061036,0.9768024313507131,0.08353611093190542,0.14041774517537364,0.027435810171682923,0.4313310052322529,1.0
fixed,76,-0.3825523503756584,2.859676154598767,-0.3220821529918917,2.7271075468076855,0.021145820056065447,0.9536420907039099,0.034838661511619844,0.2674193838500467,0.03570303489582108,0.15248772923716325,1.0
fixed,77,-0.6758102713244037,2.8377690943706266,-0.646966435940206,2.6834611090833533,0.010164264401009992,0.9456234879739233,-0.005174515602775026,0.18045606798864933,0.026329982070958546,0.48397089021774486,1.0
fixed,78,-0.8199212928798635,2.9111223785107674,-0.768566800149381,2.8208128423386025,0.01764078800313222,0.968977760317186,-0.05163971577346861,0.12874828075779465,0.027164424977845325,0.44395322436894324,1.0
fixed,79,-0.8385238350811316,2.868684839401868,-0.9227425505129925,2.7893593646655592,-0.029357953259661937,0.9723477903021064,-0.06936032537865727,-0.03346026130509694,0.026368889107099447,0.4820665312188719,1.0
fixed,80,-0.7753516430455513,2.8274533023405763,-0.8590265065429223,2.7147163005876567,-0.029593720762109393,0.9601277228311443,0.02128483903308678,0.047014171148069384,0.029766364723657013,0.33175804092262184,1.0
fixed,81,-0.7860093561477727,2.8608401237200014,-0.9059486099177539,2.780418933922773,-0.041924486718265874,0.9718889604733818,-0.02050237495265754,-0.17258356552571952,0.029437060855956987,0.3448276636124833,1.0
fixed,82,-0.7158821893556194,2.7856197428341463,-0.8155878718831444,2.7133995030783087,-0.035792998231008476,0.97407390583671,0.009529427645457441,-0.22069949591826088,0.0318797919209155,0.255927676194012,1.0
fixed,83,-0.6846882644589233,2.7988242419675653,-0.7863612088052256,2.7714845720686156,-0.03632702004711325,0.990231730349838,-0.06338484948109527,-0.2862818125502149,0.02277746270230574,0.6685075876183766,1.0
fixed,84,-0.7591549901168463,2.6750459000546276,-0.8484782903435939,2.5651044268907497,-0.03339131497703405,0.9589010890760294,-0.08947281052824421,-0.07289749557254233,0.03271585422530976,0.22972529829127963,1.0
fixed,85,-0.7295869396453509,2.676871631722221,-0.817634421850191,2.586939201914684,-0.03289193294195912,0.9664039064324961,-0.07419200307792348,0.10394490145349122,0.024390397266578212,0.5828134530755951,1.0
fixed,86,-0.35664750547380925,2.650525960046017,-0.45839086989244143,2.531861221447644,-0.038386103721416064,0.9552297391585206,-0.1064906767888815,0.3189184651256962,0.03795462195424071,0.10929387288242709,1.0
fixed,87,-0.19782705932017577,2.6800223461672505,-0.2988216983182555,2.568932041497879,-0.03768425257442874,0.9585487394057577,-0.05020892198666437,0.26751847773677984,0.04537525321598579,0.03155826180474042,1.0
fixed,88,-0.05036595237099057,2.632932812113597,-0.19217031468391194,2.51664735866756,-0.05385794945488461,0.955834249582431,0.004431111661682358,0.0383216192175686,0.03571691104944702,0.15218467440818906,1.0
fixed,89,-0.040653552439424055,2.6632090769641454,-0.22399010025578306,2.5623515225766904,-0.06884046371055051,0.9621293141196317,0.14959804664242463,-0.08058825814596782,0.05005655505846551,0.012865025981271946,0.9005518186890362
fixed,90,0.14892090390997062,2.6483357680200523,-0.12175121046786734,2.5044510930321273,-0.10220460624605684,0.94566977619477,0.008473992670430567,-0.02322369303059535,0.059622773311820754,0.0015641137303479076,0.11261618858504935
