dataset,mass_GeV,sigma_val,blind_lo,blind_hi,integral_density,density_nsigma,density_window_lo,density_window_hi,density_window_width,density_source_lo,density_source_hi,density_source_n_bins,density_source_bin_width_median,density_window_fully_covered,A_up,eps2_up,p0_analytic,Z_analytic,A_hat,sigma_A,extract_success,cls_statistic,cls_calibration,signal_model,global_method,visibility,kernel_str,ls_lo,ls_hi,ls_init,ls_opt,sigma_x,const_opt,lml,n_train,n_train_low,n_train_high,n_full,n_blind,train_domain_lo,train_domain_hi,bin_width_median,const_init,const_lo,const_hi,const_at_lower,const_at_upper,ls_at_lower,ls_at_upper,optimizer_restarts,ls_lo_over_sigma_x,ls_hi_over_sigma_x,ls_opt_over_sigma_x,ls_lo_over_sigma,ls_hi_over_sigma,ls_opt_over_sigma,source_csv
2021,0.055,0.002032396875,0.05042710703125,0.05957289296875,825863093.242175,1.64,0.051666869125,0.058333130875,0.0066662617499999,0.0,1.0,8000,0.000125,True,5145.6496401264285,3.67865776747264e-06,0.4999311292015692,0.0001726334915006,-17072.09397140462,5531.814977992444,True,tilde_q_mu,asymptotic,default,sidak_approx,observed,7.65**2 * RBF(length_scale=0.322),0.0399149161083646,0.5442943105686093,0.1473955960828078,0.3219553924888875,0.0362862873712406,58.448765983957706,1674.230956210244,402,17,385,416,14,0.04,0.3,0.000625,1.0,1e-08,1e+18,False,False,False,False,12,1.1,15.0,8.872646275299559,19.639331569216612,267.8090668529538,158.4116746336207,runs/functional_mean/attempt_01/results_single.csv
2021,0.055,0.002032396875,0.05042710703125,0.05957289296875,825863093.242175,1.64,0.051666869125,0.058333130875,0.0066662617499999,0.0,1.0,8000,0.000125,True,5145.649649241521,3.6786577739890775e-06,0.5,0.0,-17072.11081452484,5531.812105675432,True,tilde_q_mu,asymptotic,default,sidak_approx,observed,7.65**2 * RBF(length_scale=0.322),0.0399149161083646,0.5442943105686093,0.1473955960828078,0.3219554936026396,0.0362862873712406,58.44848950875002,1674.2309572841507,402,17,385,416,14,0.04,0.3,0.000625,1.0,1e-08,1e+18,False,False,False,False,12,1.1,15.0,8.872649061855014,19.639331569216612,267.8090668529538,158.41172438460848,runs/functional_mean/attempt_02/results_single.csv
2021,0.056,0.002040554,0.0514087535,0.0605912465,908527012.009006,1.64,0.05265349144,0.05934650856,0.00669301712,0.0,1.0,8000,0.000125,True,5567.55294064573,3.553517072094476e-06,0.4999311292015692,0.0001726334915006,-15780.585439338054,5781.192136276039,True,tilde_q_mu,asymptotic,default,sidak_approx,observed,7.69**2 * RBF(length_scale=0.324),0.0393693106142212,0.5368542356484718,0.1453808142699889,0.3242531646846294,0.0357902823765647,59.1132460681272,1668.916966578565,401,18,383,416,15,0.04,0.3,0.000625,1.0,1e-08,1e+18,False,False,False,False,12,1.1,15.0,9.059810181798063,19.293442180026243,263.0923933639942,158.90447627684907,runs/functional_mean/attempt_01/results_single.csv
2021,0.056,0.002040554,0.0514087535,0.0605912465,908527012.009006,1.64,0.05265349144,0.05934650856,0.00669301712,0.0,1.0,8000,0.000125,True,5567.552927104597,3.553517063451784e-06,0.5,0.0,-15780.570074079506,5781.1888219125285,True,tilde_q_mu,asymptotic,default,sidak_approx,observed,7.69**2 * RBF(length_scale=0.324),0.0393693106142212,0.5368542356484718,0.1453808142699889,0.3242540115481177,0.0357902823765647,59.11599987794909,1668.916966098069,401,18,383,416,15,0.04,0.3,0.000625,1.0,1e-08,1e+18,False,False,False,False,12,1.1,15.0,9.059833843625578,19.293442180026243,263.0923933639942,158.90489129330453,runs/functional_mean/attempt_02/results_single.csv
2021,0.057,0.002048882875,0.05239001353125,0.06160998646875,990699008.5153372,1.64,0.053639832085,0.060360167915,0.0067203358299999,0.0,1.0,8000,0.000125,True,6685.035422530849,3.844209528639193e-06,0.5,0.0,-8401.444787233682,5841.580884222134,True,tilde_q_mu,asymptotic,default,sidak_approx,observed,8.09**2 * RBF(length_scale=0.325),0.0388457919743114,0.5297153451042469,0.1434475935717297,0.3246730721121451,0.0353143563402831,65.37161377209915,1664.4267274378583,401,20,381,416,15,0.04,0.3,0.000625,1.0,1e-08,1e+18,False,False,False,False,12,1.1,15.0,9.19379838000304,18.959498587400432,258.53861710091496,158.46346127137457,runs/functional_mean/attempt_01/results_single.csv
2021,0.057,0.002048882875,0.05239001353125,0.06160998646875,990699008.5153372,1.64,0.053639832085,0.060360167915,0.0067203358299999,0.0,1.0,8000,0.000125,True,6685.000357783152,3.8441893647614135e-06,0.5,0.0,-8401.54845756604,5841.571428292547,True,tilde_q_mu,asymptotic,default,sidak_approx,observed,8.09**2 * RBF(length_scale=0.325),0.0388457919743114,0.5297153451042469,0.1434475935717297,0.324675295152679,0.0353143563402831,65.37948534236371,1664.4267267065495,401,20,381,416,15,0.04,0.3,0.000625,1.0,1e-08,1e+18,False,False,False,False,12,1.1,15.0,9.193861330054077,18.959498587400432,258.53861710091496,158.46454627265064,runs/functional_mean/attempt_02/results_single.csv
2021,0.058,0.0020573835,0.053370887125,0.062629112875,1071873024.5702864,1.64,0.05462589106,0.06137410894,0.00674821788,0.0,1.0,8000,0.000125,True,10209.863725279032,5.332962533788823e-06,0.4521988439346189,0.1201078829999558,711.5002792174953,5947.3087411444385,True,tilde_q_mu,asymptotic,default,sidak_approx,observed,8.17**2 * RBF(length_scale=0.322),0.0383432349203511,0.5228622943684247,0.1415917786595051,0.321889699769542,0.0348574862912283,66.7709124515167,1661.5844927383944,401,21,380,416,15,0.04,0.3,0.000625,1.0,1e-08,1e+18,False,False,False,False,12,1.1,15.0,9.23444958366214,18.63689240258374,254.13944185341464,156.45585753435955,runs/functional_mean/attempt_01/results_single.csv
2021,0.058,0.0020573835,0.053370887125,0.062629112875,1071873024.5702864,1.64,0.05462589106,0.06137410894,0.00674821788,0.0,1.0,8000,0.000125,True,10210.366761003295,5.3332252866269455e-06,0.4521560143042449,0.1202160188321554,712.1458031821335,5947.343567248961,True,tilde_q_mu,asymptotic,default,sidak_approx,observed,8.17**2 * RBF(length_scale=0.322),0.0383432349203511,0.5228622943684247,0.1415917786595051,0.3218839763045802,0.0348574862912283,66.75432683001793,1661.5844936000285,401,21,380,416,15,0.04,0.3,0.000625,1.0,1e-08,1e+18,False,False,False,False,12,1.1,15.0,9.234285387514603,18.63689240258374,254.13944185341464,156.4530756198736,runs/functional_mean/attempt_02/results_single.csv
2021,0.059,0.002066055875,0.0543513742812499,0.0636486257187499,1151111035.1511612,1.64,0.055611668365,0.0623883316349999,0.0067766632699999,0.0,1.0,8000,0.000125,True,15695.729724181896,7.5046804518117e-06,0.1035736767512572,1.26144836174037,7602.826294779859,6029.240928099049,True,tilde_q_mu,asymptotic,default,sidak_approx,observed,7.99**2 * RBF(length_scale=0.32),0.0378605893261601,0.516280763538548,0.139809491685398,0.319960851297413,0.0344187175692365,63.76823326103102,1660.5429968147816,401,23,378,416,15,0.04,0.3,0.000625,1.0,1e-08,1e+18,False,False,False,False,12,1.1,15.0,9.29612937070596,18.325055863341635,249.88712540920412,154.8655363918524,runs/functional_mean/attempt_01/results_single.csv
2021,0.059,0.002066055875,0.0543513742812499,0.0636486257187499,1151111035.1511612,1.64,0.055611668365,0.0623883316349999,0.0067766632699999,0.0,1.0,8000,0.000125,True,15696.180183079148,7.504895832054603e-06,0.1035622353648098,1.2615119126793488,7603.255316460871,6029.277664496515,True,tilde_q_mu,asymptotic,default,sidak_approx,observed,7.99**2 * RBF(length_scale=0.32),0.0378605893261601,0.516280763538548,0.139809491685398,0.3199581548586742,0.0344187175692365,63.76821836388377,1660.5429974779363,401,23,378,416,15,0.04,0.3,0.000625,1.0,1e-08,1e+18,False,False,False,False,12,1.1,15.0,9.296051028486108,18.325055863341635,249.88712540920412,154.86423127771127,runs/functional_mean/attempt_02/results_single.csv
2021,0.06,0.0020749,0.055331475,0.064668525,1227743171.9390848,1.64,0.056597164,0.063402836,0.006805672,0.0,1.0,8000,0.000125,True,20022.88998223984,8.826487393664588e-06,0.0220056907141728,2.0139823992347443,12186.283576533204,6053.067539175997,True,tilde_q_mu,asymptotic,default,sidak_approx,observed,7.84**2 * RBF(length_scale=0.318),0.0373968740379758,0.5099573732451246,0.1380971094990222,0.317968015437447,0.0339971582163416,61.519903919653984,1665.1383679833432,402,25,377,416,14,0.04,0.3,0.000625,1.0,1e-08,1e+18,False,False,False,False,12,1.1,15.0,9.35278217708818,18.023458498229218,245.77443406676204,153.24498310156974,runs/functional_mean/attempt_01/results_single.csv
2021,0.06,0.0020749,0.055331475,0.064668525,1227743171.9390848,1.64,0.056597164,0.063402836,0.006805672,0.0,1.0,8000,0.000125,True,20022.55368870167,8.826339148796947e-06,0.0220080493146762,2.0139374728937836,12185.965570423594,6053.044646413518,True,tilde_q_mu,asymptotic,default,sidak_approx,observed,7.84**2 * RBF(length_scale=0.318),0.0373968740379758,0.5099573732451246,0.1380971094990222,0.3179710768007999,0.0339971582163416,61.527978371451965,1665.138368495156,402,25,377,416,14,0.04,0.3,0.000625,1.0,1e-08,1e+18,False,False,False,False,12,1.1,15.0,9.352872224713144,18.023458498229218,245.77443406676204,153.24645852850736,runs/functional_mean/attempt_02/results_single.csv
2021,0.061,0.002083915875,0.05631118928125,0.06568881071875,1300997327.5749211,1.64,0.057582377965,0.064417622035,0.0068352440699999,0.0,1.0,8000,0.000125,True,22487.988593559785,9.201620014583408e-06,0.0116576729829918,2.268227470271764,14299.571202250374,6301.1006187220955,True,tilde_q_mu,asymptotic,default,sidak_approx,observed,7.69**2 * RBF(length_scale=0.317),0.0369511713028735,0.5038796086755482,0.136451243073103,0.31725629199731,0.0335919739117032,59.18461317913458,1659.5093557564871,401,26,375,416,15,0.04,0.3,0.000625,1.0,1e-08,1e+18,False,False,False,False,12,1.1,15.0,9.44440754899432,17.731604114236877,241.7946015577755,152.24045068388858,runs/functional_mean/attempt_01/results_single.csv
2021,0.061,0.002083915875,0.05631118928125,0.06568881071875,1300997327.5749211,1.64,0.057582377965,0.064417622035,0.0068352440699999,0.0,1.0,8000,0.000125,True,22488.028349352473,9.201636281831863e-06,0.0116576569748105,2.268227995833143,14299.573787616771,6301.100310083228,True,tilde_q_mu,asymptotic,default,sidak_approx,observed,7.69**2 * RBF(length_scale=0.317),0.0369511713028735,0.5038796086755482,0.136451243073103,0.3172562794699123,0.0335919739117032,59.184506795663545,1659.5093554440705,401,26,375,416,15,0.04,0.3,0.000625,1.0,1e-08,1e+18,False,False,False,False,12,1.1,15.0,9.44440717606602,17.731604114236877,241.7946015577755,152.24044467241862,runs/functional_mean/attempt_02/results_single.csv
2021,0.062,0.0020931035,0.057290517125,0.066709482875,1370485253.8360486,1.64,0.05856731026,0.06543268974,0.0068653794799999,0.0,1.0,8000,0.000125,True,20344.630700284077,7.775058698286221e-06,0.0281572319532152,1.908594175347286,12115.171361522029,6351.9794391604255,True,tilde_q_mu,asymptotic,default,sidak_approx,observed,7.99**2 * RBF(length_scale=0.321),0.0365226217287332,0.4980357508463617,0.1348687188919183,0.3209328506673315,0.0332023833897574,63.866433348647675,1657.2053722719645,401,28,373,416,15,0.04,0.3,0.000625,1.0,1e-08,1e+18,False,False,False,False,12,1.1,15.0,9.665958220527491,17.449028071824063,237.9412918885099,153.32870575551163,runs/functional_mean/attempt_01/results_single.csv
2021,0.062,0.0020931035,0.057290517125,0.066709482875,1370485253.8360486,1.64,0.05856731026,0.06543268974,0.0068653794799999,0.0,1.0,8000,0.000125,True,20344.63067001824,7.775058686719598e-06,0.0281569789598758,1.9085980946588583,12115.19518801108,6351.978937491217,True,tilde_q_mu,asymptotic,default,sidak_approx,observed,7.99**2 * RBF(length_scale=0.321),0.0365226217287332,0.4980357508463617,0.1348687188919183,0.3209326649673187,0.0332023833897574,63.8653474985477,1657.2053720399665,401,28,373,416,15,0.04,0.3,0.000625,1.0,1e-08,1e+18,False,False,False,False,12,1.1,15.0,9.665952627555129,17.449028071824063,237.9412918885099,153.3286170355736,runs/functional_mean/attempt_02/results_single.csv
2021,0.063,0.002102462875,0.05826945853125,0.06773054146875,1435768784.523051,1.64,0.059551960885,0.066448039115,0.0068960782299999,0.0,1.0,8000,0.000125,True,17463.26078329695,6.269316641550206e-06,0.0834072790988273,1.382511968336675,8899.620505520123,6440.0730356346085,True,tilde_q_mu,asymptotic,default,sidak_approx,observed,8.01**2 * RBF(length_scale=0.321),0.0361104197174945,0.4924148143294715,0.133346562087477,0.3211893464526639,0.0328276542886314,64.11789278849389,1656.9627617598392,401,29,372,416,15,0.04,0.3,0.000625,1.0,1e-08,1e+18,False,False,False,False,12,1.1,15.0,9.784108959740545,17.17529481584524,234.20856567061688,152.7681417217243,runs/functional_mean/attempt_01/results_single.csv
2021,0.063,0.002102462875,0.05826945853125,0.06773054146875,1435768784.523051,1.64,0.059551960885,0.066448039115,0.0068960782299999,0.0,1.0,8000,0.000125,True,17463.26078278521,6.269316641366492e-06,0.0834072493348044,1.3825121623464836,8899.621193774128,6440.072822000293,True,tilde_q_mu,asymptotic,default,sidak_approx,observed,8.01**2 * RBF(length_scale=0.321),0.0361104197174945,0.4924148143294715,0.133346562087477,0.3211893556216658,0.0328276542886314,64.11788808035877,1656.962762128139,401,29,372,416,15,0.04,0.3,0.000625,1.0,1e-08,1e+18,False,False,False,False,12,1.1,15.0,9.784109239047796,17.17529481584524,234.20856567061688,152.76814608280102,runs/functional_mean/attempt_02/results_single.csv
2021,0.064,0.002111994,0.0592480135,0.0687519865,1496322123.9564009,1.64,0.06053632984,0.06746367016,0.00692734032,0.0,1.0,8000,0.000125,True,12562.998643395807,4.259985919904249e-06,0.3302975898185131,0.4390915803340546,2847.5665737781246,6485.973756686625,True,tilde_q_mu,asymptotic,default,sidak_approx,observed,8.23**2 * RBF(length_scale=0.321),0.0357138093206567,0.4870064907362281,0.1318819811349368,0.320965665951605,0.0324670993824152,67.80769911126748,1654.7083589962017,401,31,370,416,15,0.04,0.3,0.000625,1.0,1e-08,1e+18,False,False,False,False,12,1.1,15.0,9.885874379201429,16.909995634768247,230.59084956502153,151.9728114528758,runs/functional_mean/attempt_01/results_single.csv
2021,0.064,0.002111994,0.0592480135,0.0687519865,1496322123.9564009,1.64,0.06053632984,0.06746367016,0.00692734032,0.0,1.0,8000,0.000125,True,12563.169600123174,4.260043889603376e-06,0.3302816325892902,0.4391356274941909,2847.8458947123136,6485.957814735078,True,tilde_q_mu,asymptotic,default,sidak_approx,observed,8.23**2 * RBF(length_scale=0.321),0.0357138093206567,0.4870064907362281,0.1318819811349368,0.3209669943612037,0.0324670993824152,67.8076160309111,1654.7083592122692,401,31,370,416,15,0.04,0.3,0.000625,1.0,1e-08,1e+18,False,False,False,False,12,1.1,15.0,9.88591529476284,16.909995634768247,230.59084956502153,151.97344043648025,runs/functional_mean/attempt_02/results_single.csv
2021,0.065,0.002121696875,0.06022618203125,0.06977381796875,1551924664.9320168,1.64,0.061520417125,0.068479582875,0.0069591657499999,0.0,1.0,8000,0.000125,True,9428.087249302973,3.0350057823990933e-06,0.5,0.0,-2840.315174542455,6603.07410890327,True,tilde_q_mu,asymptotic,default,sidak_approx,observed,8.15**2 * RBF(length_scale=0.319),0.0353320804721528,0.4818010973475384,0.1304723539415717,0.3194727016686559,0.0321200731565025,66.3432478820894,1648.806086625382,400,32,368,416,16,0.04,0.3,0.000625,1.0,1e-08,1e+18,False,False,False,False,12,1.1,15.0,9.94620093522359,16.652746623927047,227.08290850809607,150.57414913176788,runs/functional_mean/attempt_01/results_single.csv
2021,0.065,0.002121696875,0.06022618203125,0.06977381796875,1551924664.9320168,1.64,0.061520417125,0.068479582875,0.0069591657499999,0.0,1.0,8000,0.000125,True,9428.176914047192,3.035034646474063e-06,0.5,0.0,-2839.9928846526195,6603.058158109197,True,tilde_q_mu,asymptotic,default,sidak_approx,observed,8.14**2 * RBF(length_scale=0.319),0.0353320804721528,0.4818010973475384,0.1304723539415717,0.3194736142532246,0.0321200731565025,66.3402065114918,1648.8060879914,400,32,368,416,16,0.04,0.3,0.000625,1.0,1e-08,1e+18,False,False,False,False,12,1.1,15.0,9.946229346882689,16.652746623927047,227.08290850809607,150.57457925191346,runs/functional_mean/attempt_02/results_single.csv
2021,0.066,0.0021315715,0.061203964125,0.070796035875,1602431468.9042494,1.64,0.06250422274,0.06949577726,0.0069915545199999,0.0,1.0,8000,0.000125,True,8157.560919067682,2.5047065245152437e-06,0.5,0.0,-6367.115683831717,6523.873897007508,True,tilde_q_mu,asymptotic,default,sidak_approx,observed,8.3**2 * RBF(length_scale=0.32),0.0349645655591176,0.4767895303516045,0.1291152151834926,0.3199304487927513,0.0317859686901069,68.84983018985623,1655.2942328914353,401,34,367,416,15,0.04,0.3,0.000625,1.0,1e-08,1e+18,False,False,False,False,12,1.1,15.0,10.065147043711969,16.403186831461046,223.67982042901423,150.0913522219411,runs/functional_mean/attempt_01/results_single.csv
2021,0.066,0.0021315715,0.061203964125,0.070796035875,1602431468.9042494,1.64,0.06250422274,0.06949577726,0.0069915545199999,0.0,1.0,8000,0.000125,True,8157.991784010344,2.5048388177636517e-06,0.5,0.0,-6366.875971284493,6523.85926158954,True,tilde_q_mu,asymptotic,default,sidak_approx,observed,8.3**2 * RBF(length_scale=0.32),0.0349645655591176,0.4767895303516045,0.1291152151834926,0.3199316440401317,0.0317859686901069,68.849783872659,1655.2942340305688,401,34,367,416,15,0.04,0.3,0.000625,1.0,1e-08,1e+18,False,False,False,False,12,1.1,15.0,10.065184646699374,16.403186831461046,223.67982042901423,150.09191295723917,runs/functional_mean/attempt_02/results_single.csv
2021,0.067,0.002141617875,0.06218135978125,0.07181864021875,1647999103.4818676,1.64,0.063487746685,0.070512253315,0.00702450663,0.0,1.0,8000,0.000125,True,7702.596756139869,2.2652978388557647e-06,0.5,0.0,-9024.39934087242,6646.234209419117,True,tilde_q_mu,asymptotic,default,sidak_approx,observed,8.08**2 * RBF(length_scale=0.318),0.034610636295701,0.4719632222141046,0.1278082447614374,0.317744825489295,0.0314642148142736,65.245340795724,1650.3017362067417,400,35,365,416,16,0.04,0.3,0.000625,1.0,1e-08,1e+18,False,False,False,False,12,1.1,15.0,10.098609717892948,16.16097656810088,220.37695320137564,148.3667227466034,runs/functional_mean/attempt_01/results_single.csv
2021,0.067,0.002141617875,0.06218135978125,0.07181864021875,1647999103.4818676,1.64,0.063487746685,0.070512253315,0.00702450663,0.0,1.0,8000,0.000125,True,7702.596766958493,2.2652978420374716e-06,0.5,0.0,-9024.42271568895,6646.235912505666,True,tilde_q_mu,asymptotic,default,sidak_approx,observed,8.08**2 * RBF(length_scale=0.318),0.034610636295701,0.4719632222141046,0.1278082447614374,0.3177446496784513,0.0314642148142736,65.24502715418646,1650.301735574725,400,35,365,416,16,0.04,0.3,0.000625,1.0,1e-08,1e+18,False,False,False,False,12,1.1,15.0,10.098604130248548,16.16097656810088,220.37695320137564,148.36664065406688,runs/functional_mean/attempt_02/results_single.csv
2021,0.068,0.002151836,0.063158369,0.072841631,1688055458.6296475,1.64,0.06447098896,0.07152901104,0.00705802208,0.0,1.0,8000,0.000125,True,7878.46491697323,2.228773339686095e-06,0.5,0.0,-8383.314777019566,6660.730556059316,True,tilde_q_mu,asymptotic,default,sidak_approx,observed,8.03**2 * RBF(length_scale=0.318),0.0342697008691363,0.4673141027609495,0.1265492572619316,0.3179118215295283,0.0311542735173966,64.54925353984656,1651.6607811013655,400,37,363,416,16,0.04,0.3,0.000625,1.0,1e-08,1e+18,False,False,False,False,12,1.1,15.0,10.204437004509364,15.92579586415336,217.1699436020912,147.73980058402609,runs/functional_mean/attempt_01/results_single.csv
2021,0.068,0.002151836,0.063158369,0.072841631,1688055458.6296475,1.64,0.06447098896,0.07152901104,0.00705802208,0.0,1.0,8000,0.000125,True,7878.46485599852,2.228773322436693e-06,0.5,0.0,-8383.215583599165,6660.694133129481,True,tilde_q_mu,asymptotic,default,sidak_approx,observed,8.03**2 * RBF(length_scale=0.318),0.0342697008691363,0.4673141027609495,0.1265492572619316,0.3179129874371273,0.0311542735173966,64.54158610993923,1651.660780962519,400,37,363,416,16,0.04,0.3,0.000625,1.0,1e-08,1e+18,False,False,False,False,12,1.1,15.0,10.204474428190528,15.92579586415336,217.1699436020912,147.74034240394127,runs/functional_mean/attempt_02/results_single.csv
2021,0.069,0.002162225875,0.06413499178125,0.07386500821875,1723298786.391918,1.64,0.065453949565,0.072546050435,0.00709210087,0.0,1.0,8000,0.000125,True,8166.960734922573,2.2303381688716647e-06,0.5,0.0,-6676.5636712025635,6579.361010401792,True,tilde_q_mu,asymptotic,default,sidak_approx,observed,8.07**2 * RBF(length_scale=0.319),0.0339412013307978,0.4628345636017883,0.1253361923231284,0.3193190342653028,0.0308556375734525,65.12313492476676,1658.0763822918827,401,39,362,416,15,0.04,0.3,0.000625,1.0,1e-08,1e+18,False,False,False,False,12,1.1,15.0,10.348806875409933,15.697343058942815,214.05467807649293,147.68070161277797,runs/functional_mean/attempt_01/results_single.csv
2021,0.069,0.002162225875,0.06413499178125,0.07386500821875,1723298786.391918,1.64,0.065453949565,0.072546050435,0.00709210087,0.0,1.0,8000,0.000125,True,8166.960735356773,2.2303381689902417e-06,0.4999026019832914,0.000244140625,-6676.562418367091,6579.362268704349,True,tilde_q_mu,asymptotic,default,sidak_approx,observed,8.07**2 * RBF(length_scale=0.319),0.0339412013307978,0.4628345636017883,0.1253361923231284,0.3193189660131718,0.0308556375734525,65.12331432648674,1658.076382090126,401,39,362,416,15,0.04,0.3,0.000625,1.0,1e-08,1e+18,False,False,False,False,12,1.1,15.0,10.348804663427408,15.697343058942815,214.05467807649293,147.68067004709752,runs/functional_mean/attempt_02/results_single.csv
2021,0.07,0.0021727875,0.065111228125,0.074888771875,1753301074.3764927,1.64,0.0664366285,0.0735633715,0.0071267429999999,0.0,1.0,8000,0.000125,True,8967.059081540734,2.372550222057583e-06,0.5,0.0,-4390.917079870644,6677.07963495129,True,tilde_q_mu,asymptotic,default,sidak_approx,observed,8.16**2 * RBF(length_scale=0.32),0.0336246112080568,0.4585174255644109,0.1241671058160028,0.3197434650060405,0.0305678283709607,66.58561663610328,1652.1071452559993,400,40,360,416,16,0.04,0.3,0.000625,1.0,1e-08,1e+18,False,False,False,False,12,1.1,15.0,10.46013021028982,15.475333509630737,211.02727513132825,147.15818505308988,runs/functional_mean/attempt_01/results_single.csv
2021,0.07,0.0021727875,0.065111228125,0.074888771875,1753301074.3764927,1.64,0.0664366285,0.0735633715,0.0071267429999999,0.0,1.0,8000,0.000125,True,8967.106873411889,2.372562867074582e-06,0.5,0.0,-4390.891012416814,6677.080928256417,True,tilde_q_mu,asymptotic,default,sidak_approx,observed,8.16**2 * RBF(length_scale=0.32),0.0336246112080568,0.4585174255644109,0.1241671058160028,0.3197435931013606,0.0305678283709607,66.58681144071136,1652.1071449312733,400,40,360,416,16,0.04,0.3,0.000625,1.0,1e-08,1e+18,False,False,False,False,12,1.1,15.0,10.460134400817148,15.475333509630737,211.02727513132825,147.15824400746072,runs/functional_mean/attempt_02/results_single.csv
2021,0.071,0.002183520875,0.06608707803125,0.0759129219687499,1778921186.3017988,1.64,0.0674190257649999,0.074580974235,0.00716194847,0.0,1.0,8000,0.000125,True,8948.807858352557,2.300753276919198e-06,0.5,0.0,-3984.008534408558,6566.31979287593,True,tilde_q_mu,asymptotic,default,sidak_approx,observed,8.32**2 * RBF(length_scale=0.322),0.0333194333154327,0.4543559088468107,0.1230401617614922,0.3220731408022023,0.0302903939231207,69.17328444370808,1658.816349903405,401,42,359,416,15,0.04,0.3,0.000625,1.0,1e-08,1e+18,False,False,False,False,12,1.1,15.0,10.632847549610876,15.259498407787282,208.08406919709927,147.50174568502914,runs/functional_mean/attempt_01/results_single.csv
2021,0.071,0.002183520875,0.06608707803125,0.0759129219687499,1778921186.3017988,1.64,0.0674190257649999,0.074580974235,0.00716194847,0.0,1.0,8000,0.000125,True,8948.994426530342,2.3008012439057734e-06,0.5,0.0,-3983.8091710835856,6566.413396424351,True,tilde_q_mu,asymptotic,default,sidak_approx,observed,8.31**2 * RBF(length_scale=0.322),0.0333194333154327,0.4543559088468107,0.1230401617614922,0.3220579474888507,0.0302903939231207,69.12693563331418,1658.8163506535468,401,42,359,416,15,0.04,0.3,0.000625,1.0,1e-08,1e+18,False,False,False,False,12,1.1,15.0,10.632345961107598,15.259498407787282,208.08406919709927,147.49478751324082,runs/functional_mean/attempt_02/results_single.csv
2021,0.071,0.002183520875,0.06608707803125,0.0759129219687499,1778921186.3017988,1.64,0.0674190257649999,0.074580974235,0.00716194847,0.0,1.0,8000,0.000125,True,8949.087732090222,2.3008252329192875e-06,0.5,0.0,-3983.7804547989767,6566.457206501192,True,tilde_q_mu,asymptotic,default,sidak_approx,observed,8.31**2 * RBF(length_scale=0.322),0.0333194333154327,0.4543559088468107,0.1230401617614922,0.3220513308641718,0.0302903939231207,69.10476512141547,1658.816350950451,401,42,359,416,15,0.04,0.3,0.000625,1.0,1e-08,1e+18,False,False,False,False,12,1.1,15.0,10.632127521403724,15.259498407787282,208.08406919709927,147.4917572584104,runs/functional_mean/repairs/m071/attempt_03/results_single.csv
2021,0.072,0.002194426,0.0670625414999999,0.0769374585,1799625788.1752355,1.64,0.06840114136,0.0755988586399999,0.0071977172799999,0.0,1.0,8000,0.000125,True,9248.936478280117,2.317912376882359e-06,0.4999026019832914,0.000244140625,-3485.6924317168937,6641.553704166385,True,tilde_q_mu,asymptotic,default,sidak_approx,observed,8.35**2 * RBF(length_scale=0.322),0.0330251977459068,0.4503436056260024,0.1219536249129291,0.3215720616367243,0.0300229070417334,69.67151138637183,1652.8109806328264,400,43,357,416,16,0.04,0.3,0.000625,1.0,1e-08,1e+18,False,False,False,False,12,1.1,15.0,10.710890227575948,15.049583693369856,205.22159581867984,146.54039900945594,runs/functional_mean/attempt_01/results_single.csv
2021,0.072,0.002194426,0.0670625414999999,0.0769374585,1799625788.1752355,1.64,0.06840114136,0.0755988586399999,0.0071977172799999,0.0,1.0,8000,0.000125,True,9249.420179051122,2.3180335990365445e-06,0.5,0.0,-3484.678075828552,6641.632753424788,True,tilde_q_mu,asymptotic,default,sidak_approx,observed,8.35**2 * RBF(length_scale=0.322),0.0330251977459068,0.4503436056260024,0.1219536249129291,0.3215642181156746,0.0300229070417334,69.66500893709365,1652.8109799312765,400,43,357,416,16,0.04,0.3,0.000625,1.0,1e-08,1e+18,False,False,False,False,12,1.1,15.0,10.710628976357372,15.049583693369856,205.22159581867984,146.53682471665692,runs/functional_mean/attempt_02/results_single.csv
2021,0.073,0.002205502875,0.06803761853125,0.07796238146875,1816638668.9402304,1.64,0.069382975285,0.076617024715,0.00723404943,0.0,1.0,8000,0.000125,True,10209.81798260964,2.5000374093280743e-06,0.5,0.0,-1253.9614536142392,6635.966470586772,True,tilde_q_mu,asymptotic,default,sidak_approx,observed,8.24**2 * RBF(length_scale=0.319),0.0327414600253253,0.4464744548907995,0.1209058539407253,0.3186970038496253,0.0297649636593866,67.9179632527332,1653.508441281631,400,45,355,416,16,0.04,0.3,0.000625,1.0,1e-08,1e+18,False,False,False,False,12,1.1,15.0,10.707118862855442,14.845349056879057,202.43657804835075,144.5008335568936,runs/functional_mean/attempt_01/results_single.csv
2021,0.073,0.002205502875,0.06803761853125,0.07796238146875,1816638668.9402304,1.64,0.069382975285,0.076617024715,0.00723404943,0.0,1.0,8000,0.000125,True,10209.672054662686,2.5000016765337116e-06,0.5,0.0,-1254.2202872849698,6635.945934479776,True,tilde_q_mu,asymptotic,default,sidak_approx,observed,8.24**2 * RBF(length_scale=0.319),0.0327414600253253,0.4464744548907995,0.1209058539407253,0.3187004228526485,0.0297649636593866,67.92870101965039,1653.5084416988536,400,45,355,416,16,0.04,0.3,0.000625,1.0,1e-08,1e+18,False,False,False,False,12,1.1,15.0,10.70723372955114,14.845349056879057,202.43657804835075,144.5023837716142,runs/functional_mean/attempt_02/results_single.csv
2021,0.074,0.0022167515,0.0690123091249999,0.078987690875,1829474701.9884825,1.64,0.07036452754,0.07763547246,0.0072709449199999,0.0,1.0,8000,0.000125,True,10707.625207731044,2.568354427969948e-06,0.5,0.0,-162.0322846210781,6577.929138057159,True,tilde_q_mu,asymptotic,default,sidak_approx,observed,8.41**2 * RBF(length_scale=0.321),0.0324677994146582,0.442742719290794,0.1198952951630456,0.320813905541556,0.0295161812860529,70.69748035246782,1655.0670269815255,400,46,354,416,16,0.04,0.3,0.000625,1.0,1e-08,1e+18,False,False,False,False,12,1.1,15.0,10.869085754434904,14.646567021453794,199.72591392891536,144.7225390584177,runs/functional_mean/attempt_01/results_single.csv
2021,0.074,0.0022167515,0.0690123091249999,0.078987690875,1829474701.9884825,1.64,0.07036452754,0.07763547246,0.0072709449199999,0.0,1.0,8000,0.000125,True,10707.673971755208,2.5683661246155585e-06,0.5,0.0,-161.93307505417064,6577.935135245627,True,tilde_q_mu,asymptotic,default,sidak_approx,observed,8.41**2 * RBF(length_scale=0.321),0.0324677994146582,0.442742719290794,0.1198952951630456,0.3208127446303913,0.0295161812860529,70.69334644337388,1655.0670288582207,400,46,354,416,16,0.04,0.3,0.000625,1.0,1e-08,1e+18,False,False,False,False,12,1.1,15.0,10.869046423088022,14.646567021453794,199.72591392891536,144.72201535913757,runs/functional_mean/attempt_02/results_single.csv
2021,0.075,0.002228171875,0.06998661328125,0.08001338671875,1838368958.6354597,1.64,0.071345798125,0.078654201875,0.0073084037499999,0.0,1.0,8000,0.000125,True,12314.813719236226,2.9003728244802786e-06,0.3605750730349801,0.3569220711952555,2352.1844215286274,6553.201164437808,True,tilde_q_mu,asymptotic,default,sidak_approx,observed,8.35**2 * RBF(length_scale=0.32),0.032203817346461,0.4391429638153776,0.1189204767720596,0.3197924248118472,0.0292761975876918,69.66361519371436,1655.3818742629653,400,48,352,416,16,0.04,0.3,0.000625,1.0,1e-08,1e+18,False,False,False,False,12,1.1,15.0,10.923290972263857,14.45302209752604,197.08666496626415,143.52233254530566,runs/functional_mean/attempt_01/results_single.csv
2021,0.075,0.002228171875,0.06998661328125,0.08001338671875,1838368958.6354597,1.64,0.071345798125,0.078654201875,0.0073084037499999,0.0,1.0,8000,0.000125,True,12314.960567366334,2.9004074100075634e-06,0.3605670406954615,0.3569435295673789,2352.329265126733,6553.210470703836,True,tilde_q_mu,asymptotic,default,sidak_approx,observed,8.35**2 * RBF(length_scale=0.32),0.032203817346461,0.4391429638153776,0.1189204767720596,0.3197930109469537,0.0292761975876918,69.6741832223118,1655.3818739366104,400,48,352,416,16,0.04,0.3,0.000625,1.0,1e-08,1e+18,False,False,False,False,12,1.1,15.0,10.92331099313934,14.45302209752604,197.08666496626415,143.52259560181088,runs/functional_mean/attempt_02/results_single.csv
