scenario,background_toy_index,mass_GeV,mass_MeV,upper_factor,attempt,optimizer_seed,optimizer_seed_namespace,seed_includes_upper_factor,optimizer_restarts,background_only,fit_ok,error,gp_lml,ell_opt,ell_lo,ell_hi,ell_init,sigma_x,ell_over_sigma_x,ell_lo_over_sigma_x,ell_hi_over_sigma_x,ell_over_ell_hi,ell_over_ell_lo,ell_mass_delta_GeV,kernel_constant_opt,kernel_constant_lo,kernel_constant_hi,kernel_constant_init,n_blind,blind_lo,blind_hi,sigma_mass_GeV,support_lo_GeV,support_hi_GeV,ell_at_lower_exact,ell_at_upper_exact,ell_near_lower,ell_near_upper,constant_at_lower_exact,constant_at_upper_exact,optimizer_warning_count,optimizer_warnings,n_train,n_train_low,n_train_high,train_domain_lo,train_domain_hi,bin_width_median,training_counts_sha256,covariance_valid,covariance_min_eigenvalue,covariance_min_eigenvalue_relative,evaluated_attempt_count,maximum_lml_candidate_attempt,matches_maximum_lml_branch,selected_maximum_lml_reproduced_branch,maximum_lml_branch_replicates
2021_10pct_x10,19,0.05,50,15,0,391678475,v4p8_rigid_length_scan_common_v1,False,12,True,True,,2114.44864929679,0.3785541302279678,0.04301982086534748,0.586633920891102,0.1588612167593829,0.0391089280594068,9.679481106026245,1.1,15.0,0.6452987404017497,8.799528278205678,0.02300859220468149,168.20623072174374,1e-08,1e+18,1.0,14,0.045513078125,0.054486921875000004,0.0019941875000000003,0.04,0.3,False,False,False,False,False,False,2,"ConvergenceWarning: lbfgs failed to converge (status=2):
ABNORMAL_TERMINATION_IN_LNSRCH.

Increase the number of iterations (max_iter) or scale the data as shown in:
    https://scikit-learn.org/stable/modules/preprocessing.html | ConvergenceWarning: lbfgs failed to converge (status=2):
ABNORMAL_TERMINATION_IN_LNSRCH.

Increase the number of iterations (max_iter) or scale the data as shown in:
    https://scikit-learn.org/stable/modules/preprocessing.html",402,9,393,0.04,0.3,0.0006250000000000006,2eec8154a9c1381aa4f36509b04afc7c9988d7d01cb6ec0f598a30f0a68c8fc4,True,-3.178294548852811,-7.699953948105843e-07,3,0,True,True,3
2021_10pct_x10,19,0.05,50,20,0,391678475,v4p8_rigid_length_scan_common_v1,False,12,True,True,,2114.448640466579,0.37861223233912883,0.04301982086534748,0.782178561188136,0.1834371325196424,0.0391089280594068,9.68096675429236,1.1,20.0,0.48404833771461797,8.800878867538508,0.02301283428125709,168.66213363292533,1e-08,1e+18,1.0,14,0.045513078125,0.054486921875000004,0.0019941875000000003,0.04,0.3,False,False,False,False,False,False,1,"ConvergenceWarning: lbfgs failed to converge (status=2):
ABNORMAL_TERMINATION_IN_LNSRCH.

Increase the number of iterations (max_iter) or scale the data as shown in:
    https://scikit-learn.org/stable/modules/preprocessing.html",402,9,393,0.04,0.3,0.0006250000000000006,2eec8154a9c1381aa4f36509b04afc7c9988d7d01cb6ec0f598a30f0a68c8fc4,True,-4.642546309501724,-1.1248374258646825e-06,3,1,True,False,3
2021_10pct_x10,19,0.05,50,25,0,391678475,v4p8_rigid_length_scan_common_v1,False,12,True,True,,2114.4486423728854,0.3785564634087499,0.04301982086534748,0.97772320148517,0.20508894895577884,0.0391089280594068,9.679540764546635,1.1,25.0,0.38718163058186544,8.799582513224214,0.023008762547124473,168.33798848850174,1e-08,1e+18,1.0,14,0.045513078125,0.054486921875000004,0.0019941875000000003,0.04,0.3,False,False,False,False,False,False,2,"ConvergenceWarning: lbfgs failed to converge (status=2):
ABNORMAL_TERMINATION_IN_LNSRCH.

Increase the number of iterations (max_iter) or scale the data as shown in:
    https://scikit-learn.org/stable/modules/preprocessing.html | ConvergenceWarning: lbfgs failed to converge (status=2):
ABNORMAL_TERMINATION_IN_LNSRCH.

Increase the number of iterations (max_iter) or scale the data as shown in:
    https://scikit-learn.org/stable/modules/preprocessing.html",402,9,393,0.04,0.3,0.0006250000000000006,2eec8154a9c1381aa4f36509b04afc7c9988d7d01cb6ec0f598a30f0a68c8fc4,True,-4.063979052114947,-9.845176809715282e-07,3,1,True,False,3
2021_10pct_x10,19,0.05,50,15,1,2061002377,v4p8_rigid_length_scan_common_v1,False,12,True,True,,2114.4486464353877,0.3785609524015157,0.04301982086534748,0.586633920891102,0.1588612167593829,0.0391089280594068,9.67965554633659,1.1,15.0,0.6453103697557726,8.799686860305991,0.02300909028366699,168.36125537824094,1e-08,1e+18,1.0,14,0.045513078125,0.054486921875000004,0.0019941875000000003,0.04,0.3,False,False,False,False,False,False,3,"ConvergenceWarning: lbfgs failed to converge (status=2):
ABNORMAL_TERMINATION_IN_LNSRCH.

Increase the number of iterations (max_iter) or scale the data as shown in:
    https://scikit-learn.org/stable/modules/preprocessing.html | ConvergenceWarning: lbfgs failed to converge (status=2):
ABNORMAL_TERMINATION_IN_LNSRCH.

Increase the number of iterations (max_iter) or scale the data as shown in:
    https://scikit-learn.org/stable/modules/preprocessing.html | ConvergenceWarning: lbfgs failed to converge (status=2):
ABNORMAL_TERMINATION_IN_LNSRCH.

Increase the number of iterations (max_iter) or scale the data as shown in:
    https://scikit-learn.org/stable/modules/preprocessing.html",402,9,393,0.04,0.3,0.0006250000000000006,2eec8154a9c1381aa4f36509b04afc7c9988d7d01cb6ec0f598a30f0a68c8fc4,True,-4.875628153898299,-1.1811580982460362e-06,3,0,True,False,3
2021_10pct_x10,19,0.05,50,20,1,2061002377,v4p8_rigid_length_scan_common_v1,False,12,True,True,,2114.4486510810425,0.37855574130267,0.04301982086534748,0.782178561188136,0.1834371325196424,0.0391089280594068,9.679522300576496,1.1,20.0,0.4839761150288248,8.799565727796814,0.023008709827072184,168.34605025310407,1e-08,1e+18,1.0,14,0.045513078125,0.054486921875000004,0.0019941875000000003,0.04,0.3,False,False,False,False,False,False,2,"ConvergenceWarning: lbfgs failed to converge (status=2):
ABNORMAL_TERMINATION_IN_LNSRCH.

Increase the number of iterations (max_iter) or scale the data as shown in:
    https://scikit-learn.org/stable/modules/preprocessing.html | ConvergenceWarning: lbfgs failed to converge (status=2):
ABNORMAL_TERMINATION_IN_LNSRCH.

Increase the number of iterations (max_iter) or scale the data as shown in:
    https://scikit-learn.org/stable/modules/preprocessing.html",402,9,393,0.04,0.3,0.0006250000000000006,2eec8154a9c1381aa4f36509b04afc7c9988d7d01cb6ec0f598a30f0a68c8fc4,True,-3.482903256801648,-8.437427775529647e-07,3,1,True,True,3
2021_10pct_x10,19,0.05,50,25,1,2061002377,v4p8_rigid_length_scan_common_v1,False,12,True,True,,2114.448663624474,0.3785604825495102,0.04301982086534748,0.97772320148517,0.20508894895577884,0.0391089280594068,9.679643532404507,1.1,25.0,0.3871857412961803,8.799675938549552,0.02300905598020756,168.36952441752217,1e-08,1e+18,1.0,14,0.045513078125,0.054486921875000004,0.0019941875000000003,0.04,0.3,False,False,False,False,False,False,1,"ConvergenceWarning: lbfgs failed to converge (status=2):
ABNORMAL_TERMINATION_IN_LNSRCH.

Increase the number of iterations (max_iter) or scale the data as shown in:
    https://scikit-learn.org/stable/modules/preprocessing.html",402,9,393,0.04,0.3,0.0006250000000000006,2eec8154a9c1381aa4f36509b04afc7c9988d7d01cb6ec0f598a30f0a68c8fc4,True,-5.843112301573579,-1.4155292600340646e-06,3,1,True,True,3
2021_10pct_x10,19,0.05,50,15,2,2529239350,v4p8_rigid_length_scan_common_v1,False,12,True,True,,2114.4486190240455,0.37857207164316176,0.04301982086534748,0.586633920891102,0.1588612167593829,0.0391089280594068,9.679939860998171,1.1,15.0,0.6453293240665448,8.799945328180156,0.023009902093897562,168.4786500374622,1e-08,1e+18,1.0,14,0.045513078125,0.054486921875000004,0.0019941875000000003,0.04,0.3,False,False,False,False,False,False,2,"ConvergenceWarning: lbfgs failed to converge (status=2):
ABNORMAL_TERMINATION_IN_LNSRCH.

Increase the number of iterations (max_iter) or scale the data as shown in:
    https://scikit-learn.org/stable/modules/preprocessing.html | ConvergenceWarning: lbfgs failed to converge (status=2):
ABNORMAL_TERMINATION_IN_LNSRCH.

Increase the number of iterations (max_iter) or scale the data as shown in:
    https://scikit-learn.org/stable/modules/preprocessing.html",402,9,393,0.04,0.3,0.0006250000000000006,2eec8154a9c1381aa4f36509b04afc7c9988d7d01cb6ec0f598a30f0a68c8fc4,True,-4.077018243247778,-9.876918459785217e-07,3,0,True,False,3
2021_10pct_x10,19,0.05,50,20,2,2529239350,v4p8_rigid_length_scan_common_v1,False,12,True,True,,2114.4486416485347,0.37862082401138253,0.04301982086534748,0.782178561188136,0.1834371325196424,0.0391089280594068,9.681186439992787,1.1,20.0,0.48405932199963936,8.801078581811623,0.02301346158629434,168.69382180108988,1e-08,1e+18,1.0,14,0.045513078125,0.054486921875000004,0.0019941875000000003,0.04,0.3,False,False,False,False,False,False,2,"ConvergenceWarning: lbfgs failed to converge (status=2):
ABNORMAL_TERMINATION_IN_LNSRCH.

Increase the number of iterations (max_iter) or scale the data as shown in:
    https://scikit-learn.org/stable/modules/preprocessing.html | ConvergenceWarning: lbfgs failed to converge (status=2):
ABNORMAL_TERMINATION_IN_LNSRCH.

Increase the number of iterations (max_iter) or scale the data as shown in:
    https://scikit-learn.org/stable/modules/preprocessing.html",402,9,393,0.04,0.3,0.0006250000000000006,2eec8154a9c1381aa4f36509b04afc7c9988d7d01cb6ec0f598a30f0a68c8fc4,True,-4.208666729598631,-1.0197443292681847e-06,3,1,True,False,3
2021_10pct_x10,19,0.05,50,25,2,2529239350,v4p8_rigid_length_scan_common_v1,False,12,True,True,,2114.448624601314,0.3785401082123398,0.04301982086534748,0.97772320148517,0.20508894895577884,0.0391089280594068,9.679122568568847,1.1,25.0,0.3871649027427539,8.799202335062589,0.02300756848423795,168.26540922961684,1e-08,1e+18,1.0,14,0.045513078125,0.054486921875000004,0.0019941875000000003,0.04,0.3,False,False,False,False,False,False,1,"ConvergenceWarning: lbfgs failed to converge (status=2):
ABNORMAL_TERMINATION_IN_LNSRCH.

Increase the number of iterations (max_iter) or scale the data as shown in:
    https://scikit-learn.org/stable/modules/preprocessing.html",402,9,393,0.04,0.3,0.0006250000000000006,2eec8154a9c1381aa4f36509b04afc7c9988d7d01cb6ec0f598a30f0a68c8fc4,True,-2.7245282894771723,-6.599949621567697e-07,3,1,True,False,3
2021_10pct_x10,19,0.07,70,15,0,1004585151,v4p8_rigid_length_scan_common_v1,False,12,True,True,,2085.761414441894,0.3856147398708069,0.0336246112080568,0.4585174255644109,0.1241671058160028,0.030567828370960726,12.61505185095644,1.1,15.0,0.8410034567304294,11.468228955414945,0.03293626207924736,198.28069306049247,1e-08,1e+18,1.0,16,0.065111228125,0.07488877187500001,0.0021727875000000004,0.04,0.3,False,False,False,False,False,False,3,"ConvergenceWarning: lbfgs failed to converge (status=2):
ABNORMAL_TERMINATION_IN_LNSRCH.

Increase the number of iterations (max_iter) or scale the data as shown in:
    https://scikit-learn.org/stable/modules/preprocessing.html | ConvergenceWarning: lbfgs failed to converge (status=2):
ABNORMAL_TERMINATION_IN_LNSRCH.

Increase the number of iterations (max_iter) or scale the data as shown in:
    https://scikit-learn.org/stable/modules/preprocessing.html | ConvergenceWarning: lbfgs failed to converge (status=2):
ABNORMAL_TERMINATION_IN_LNSRCH.

Increase the number of iterations (max_iter) or scale the data as shown in:
    https://scikit-learn.org/stable/modules/preprocessing.html",400,40,360,0.04,0.3,0.0006250000000000006,27fcb1717d1a3e0f90e4aedab3db2e95115ca7518810a119dd0213b4ad2886ba,True,-77.1329825562611,-2.291658836184291e-05,3,2,True,False,3
2021_10pct_x10,19,0.07,70,20,0,1004585151,v4p8_rigid_length_scan_common_v1,False,12,True,True,,2085.761399942655,0.385625511363275,0.0336246112080568,0.6113565674192145,0.14337582393473194,0.030567828370960726,12.615404230992647,1.1,20.0,0.6307702115496323,11.468549300902405,0.032937370862390646,198.2826405180794,1e-08,1e+18,1.0,16,0.065111228125,0.07488877187500001,0.0021727875000000004,0.04,0.3,False,False,False,False,False,False,3,"ConvergenceWarning: lbfgs failed to converge (status=2):
ABNORMAL_TERMINATION_IN_LNSRCH.

Increase the number of iterations (max_iter) or scale the data as shown in:
    https://scikit-learn.org/stable/modules/preprocessing.html | ConvergenceWarning: lbfgs failed to converge (status=2):
ABNORMAL_TERMINATION_IN_LNSRCH.

Increase the number of iterations (max_iter) or scale the data as shown in:
    https://scikit-learn.org/stable/modules/preprocessing.html | ConvergenceWarning: lbfgs failed to converge (status=2):
ABNORMAL_TERMINATION_IN_LNSRCH.

Increase the number of iterations (max_iter) or scale the data as shown in:
    https://scikit-learn.org/stable/modules/preprocessing.html",400,40,360,0.04,0.3,0.0006250000000000006,27fcb1717d1a3e0f90e4aedab3db2e95115ca7518810a119dd0213b4ad2886ba,True,-80.07124385144351,-2.3791322233484673e-05,3,2,True,False,3
2021_10pct_x10,19,0.07,70,25,0,1004585151,v4p8_rigid_length_scan_common_v1,False,12,True,True,,2085.761412924882,0.385633303714298,0.0336246112080568,0.7641957092740181,0.160299044324051,0.030567828370960726,12.615659150999669,1.1,25.0,0.5046263660399868,11.468781046363334,0.03293817298964301,198.44791612431104,1e-08,1e+18,1.0,16,0.065111228125,0.07488877187500001,0.0021727875000000004,0.04,0.3,False,False,False,False,False,False,3,"ConvergenceWarning: lbfgs failed to converge (status=2):
ABNORMAL_TERMINATION_IN_LNSRCH.

Increase the number of iterations (max_iter) or scale the data as shown in:
    https://scikit-learn.org/stable/modules/preprocessing.html | ConvergenceWarning: lbfgs failed to converge (status=2):
ABNORMAL_TERMINATION_IN_LNSRCH.

Increase the number of iterations (max_iter) or scale the data as shown in:
    https://scikit-learn.org/stable/modules/preprocessing.html | ConvergenceWarning: lbfgs failed to converge (status=2):
ABNORMAL_TERMINATION_IN_LNSRCH.

Increase the number of iterations (max_iter) or scale the data as shown in:
    https://scikit-learn.org/stable/modules/preprocessing.html",400,40,360,0.04,0.3,0.0006250000000000006,27fcb1717d1a3e0f90e4aedab3db2e95115ca7518810a119dd0213b4ad2886ba,True,-79.04370363231563,-2.3485564048983372e-05,3,0,True,True,2
2021_10pct_x10,19,0.07,70,15,1,3723580996,v4p8_rigid_length_scan_common_v1,False,12,True,True,,2085.7613732541877,0.385621446370241,0.0336246112080568,0.4585174255644109,0.1241671058160028,0.030567828370960726,12.615271248270266,1.1,15.0,0.8410180832180177,11.468428407518424,0.032936952423545635,198.3365793432569,1e-08,1e+18,1.0,16,0.065111228125,0.07488877187500001,0.0021727875000000004,0.04,0.3,False,False,False,False,False,False,1,"ConvergenceWarning: lbfgs failed to converge (status=2):
ABNORMAL_TERMINATION_IN_LNSRCH.

Increase the number of iterations (max_iter) or scale the data as shown in:
    https://scikit-learn.org/stable/modules/preprocessing.html",400,40,360,0.04,0.3,0.0006250000000000006,27fcb1717d1a3e0f90e4aedab3db2e95115ca7518810a119dd0213b4ad2886ba,True,-75.429686540044,-2.241111321750556e-05,3,2,True,False,3
2021_10pct_x10,19,0.07,70,20,1,3723580996,v4p8_rigid_length_scan_common_v1,False,12,True,True,,2085.761352297823,0.38561918627107505,0.0336246112080568,0.6113565674192145,0.14337582393473194,0.030567828370960726,12.61519731108577,1.1,20.0,0.6307598655542885,11.468361191896154,0.03293671977608821,198.32192376021254,1e-08,1e+18,1.0,16,0.065111228125,0.07488877187500001,0.0021727875000000004,0.04,0.3,False,False,False,False,False,False,0,,400,40,360,0.04,0.3,0.0006250000000000006,27fcb1717d1a3e0f90e4aedab3db2e95115ca7518810a119dd0213b4ad2886ba,True,-59.464344594337774,-1.76674494428648e-05,3,2,True,False,3
2021_10pct_x10,19,0.07,70,25,1,3723580996,v4p8_rigid_length_scan_common_v1,False,12,True,True,,2085.7614005302084,0.38560838838591127,0.0336246112080568,0.7641957092740181,0.160299044324051,0.030567828370960726,12.61484406763541,1.1,25.0,0.5045937627054163,11.468040061486736,0.032935608283209836,198.20649371690473,1e-08,1e+18,1.0,16,0.065111228125,0.07488877187500001,0.0021727875000000004,0.04,0.3,False,False,False,False,False,False,1,"ConvergenceWarning: lbfgs failed to converge (status=2):
ABNORMAL_TERMINATION_IN_LNSRCH.

Increase the number of iterations (max_iter) or scale the data as shown in:
    https://scikit-learn.org/stable/modules/preprocessing.html",400,40,360,0.04,0.3,0.0006250000000000006,27fcb1717d1a3e0f90e4aedab3db2e95115ca7518810a119dd0213b4ad2886ba,True,-87.86667281929206,-2.6105464612472503e-05,3,0,True,False,2
2021_10pct_x10,19,0.07,70,15,2,1956000112,v4p8_rigid_length_scan_common_v1,False,12,True,True,,2085.7614354439033,0.3855692966794266,0.0336246112080568,0.4585174255644109,0.1241671058160028,0.030567828370960726,12.613565216353916,1.1,15.0,0.8409043477569277,11.46687746941265,0.032931584433274104,198.04450327518236,1e-08,1e+18,1.0,16,0.065111228125,0.07488877187500001,0.0021727875000000004,0.04,0.3,False,False,False,False,False,False,2,"ConvergenceWarning: lbfgs failed to converge (status=2):
ABNORMAL_TERMINATION_IN_LNSRCH.

Increase the number of iterations (max_iter) or scale the data as shown in:
    https://scikit-learn.org/stable/modules/preprocessing.html | ConvergenceWarning: lbfgs failed to converge (status=2):
ABNORMAL_TERMINATION_IN_LNSRCH.

Increase the number of iterations (max_iter) or scale the data as shown in:
    https://scikit-learn.org/stable/modules/preprocessing.html",400,40,360,0.04,0.3,0.0006250000000000006,27fcb1717d1a3e0f90e4aedab3db2e95115ca7518810a119dd0213b4ad2886ba,True,-86.34762224925443,-2.5649095066471115e-05,3,2,True,True,3
2021_10pct_x10,19,0.07,70,20,2,1956000112,v4p8_rigid_length_scan_common_v1,False,12,True,True,,2085.7614078887214,0.3856210222284047,0.0336246112080568,0.6113565674192145,0.14337582393473194,0.030567828370960726,12.615257372837863,1.1,20.0,0.6307628686418932,11.468415793488967,0.03293690876368687,198.2983492834463,1e-08,1e+18,1.0,16,0.065111228125,0.07488877187500001,0.0021727875000000004,0.04,0.3,False,False,False,False,False,False,1,"ConvergenceWarning: lbfgs failed to converge (status=2):
ABNORMAL_TERMINATION_IN_LNSRCH.

Increase the number of iterations (max_iter) or scale the data as shown in:
    https://scikit-learn.org/stable/modules/preprocessing.html",400,40,360,0.04,0.3,0.0006250000000000006,27fcb1717d1a3e0f90e4aedab3db2e95115ca7518810a119dd0213b4ad2886ba,True,-60.27908428637526,-1.7909911190486308e-05,3,2,True,True,3
2021_10pct_x10,19,0.07,70,25,2,1956000112,v4p8_rigid_length_scan_common_v1,False,12,True,True,,2060.2851089649553,0.39778465308091393,0.0336246112080568,0.7641957092740181,0.160299044324051,0.030567828370960726,13.013180009176159,1.1,25.0,0.5205272003670464,11.830163644705598,0.03419664125164043,30.83489137821651,1e-08,1e+18,1.0,16,0.065111228125,0.07488877187500001,0.0021727875000000004,0.04,0.3,False,False,False,False,False,False,0,,400,40,360,0.04,0.3,0.0006250000000000006,27fcb1717d1a3e0f90e4aedab3db2e95115ca7518810a119dd0213b4ad2886ba,True,-12.666980062843018,-4.585445004782301e-06,3,0,False,False,2
2021_10pct_x10,19,0.09,90,15,0,2984731282,v4p8_rigid_length_scan_common_v1,False,12,True,True,,2075.3013826613974,0.3911646128917271,0.02918815006379436,0.39802022814265037,0.10778438730842861,0.02653468187617669,14.741635672026716,1.1,15.0,0.9827757114684478,13.40148697456974,0.043083171609896866,228.87355787100157,1e-08,1e+18,1.0,18,0.084554803125,0.095445196875,0.0024200875,0.04,0.3,False,False,False,True,False,False,4,"ConvergenceWarning: lbfgs failed to converge (status=2):
ABNORMAL_TERMINATION_IN_LNSRCH.

Increase the number of iterations (max_iter) or scale the data as shown in:
    https://scikit-learn.org/stable/modules/preprocessing.html | ConvergenceWarning: lbfgs failed to converge (status=2):
ABNORMAL_TERMINATION_IN_LNSRCH.

Increase the number of iterations (max_iter) or scale the data as shown in:
    https://scikit-learn.org/stable/modules/preprocessing.html | ConvergenceWarning: lbfgs failed to converge (status=2):
ABNORMAL_TERMINATION_IN_LNSRCH.

Increase the number of iterations (max_iter) or scale the data as shown in:
    https://scikit-learn.org/stable/modules/preprocessing.html | ConvergenceWarning: lbfgs failed to converge (status=2):
ABNORMAL_TERMINATION_IN_LNSRCH.

Increase the number of iterations (max_iter) or scale the data as shown in:
    https://scikit-learn.org/stable/modules/preprocessing.html",398,71,327,0.04,0.3,0.0006250000000000006,8cbca30a64351039ff8c2ef0c4d04de9f8d2b87b2fcd7d711dcda2dc8ceba7a7,True,-89.76325567123426,-5.221879464752089e-05,3,1,True,False,3
2021_10pct_x10,19,0.09,90,20,0,2984731282,v4p8_rigid_length_scan_common_v1,False,12,True,True,,2075.3013707551736,0.3912135982628124,0.02918815006379436,0.5306936375235338,0.12445869005392028,0.02653468187617669,14.743481760527564,1.1,20.0,0.7371740880263782,13.40316523684324,0.04308969089811695,229.09637667990674,1e-08,1e+18,1.0,18,0.084554803125,0.095445196875,0.0024200875,0.04,0.3,False,False,False,False,False,False,3,"ConvergenceWarning: lbfgs failed to converge (status=2):
ABNORMAL_TERMINATION_IN_LNSRCH.

Increase the number of iterations (max_iter) or scale the data as shown in:
    https://scikit-learn.org/stable/modules/preprocessing.html | ConvergenceWarning: lbfgs failed to converge (status=2):
ABNORMAL_TERMINATION_IN_LNSRCH.

Increase the number of iterations (max_iter) or scale the data as shown in:
    https://scikit-learn.org/stable/modules/preprocessing.html | ConvergenceWarning: lbfgs failed to converge (status=2):
ABNORMAL_TERMINATION_IN_LNSRCH.

Increase the number of iterations (max_iter) or scale the data as shown in:
    https://scikit-learn.org/stable/modules/preprocessing.html",398,71,327,0.04,0.3,0.0006250000000000006,8cbca30a64351039ff8c2ef0c4d04de9f8d2b87b2fcd7d711dcda2dc8ceba7a7,True,-99.74340791420795,-5.8035349356353406e-05,3,1,True,False,3
2021_10pct_x10,19,0.09,90,25,0,2984731282,v4p8_rigid_length_scan_common_v1,False,12,True,True,,2075.3013957605103,0.3912305676827575,0.02918815006379436,0.6633670469044173,0.13914904567557138,0.02653468187617669,14.744121279027325,1.1,25.0,0.589764851161093,13.40374661729757,0.043091949372134605,229.26291745196798,1e-08,1e+18,1.0,18,0.084554803125,0.095445196875,0.0024200875,0.04,0.3,False,False,False,False,False,False,2,"ConvergenceWarning: lbfgs failed to converge (status=2):
ABNORMAL_TERMINATION_IN_LNSRCH.

Increase the number of iterations (max_iter) or scale the data as shown in:
    https://scikit-learn.org/stable/modules/preprocessing.html | ConvergenceWarning: lbfgs failed to converge (status=2):
ABNORMAL_TERMINATION_IN_LNSRCH.

Increase the number of iterations (max_iter) or scale the data as shown in:
    https://scikit-learn.org/stable/modules/preprocessing.html",398,71,327,0.04,0.3,0.0006250000000000006,8cbca30a64351039ff8c2ef0c4d04de9f8d2b87b2fcd7d711dcda2dc8ceba7a7,True,-82.34354894945812,-4.791344440034045e-05,3,0,True,True,3
2021_10pct_x10,19,0.09,90,15,1,1827277224,v4p8_rigid_length_scan_common_v1,False,12,True,True,,2075.3013910633663,0.39118691008003365,0.02918815006379436,0.39802022814265037,0.10778438730842861,0.02653468187617669,14.742475975611685,1.1,15.0,0.9828317317074456,13.402250886919713,0.043086139023517045,228.9618647102849,1e-08,1e+18,1.0,18,0.084554803125,0.095445196875,0.0024200875,0.04,0.3,False,False,False,True,False,False,1,"ConvergenceWarning: lbfgs failed to converge (status=2):
ABNORMAL_TERMINATION_IN_LNSRCH.

Increase the number of iterations (max_iter) or scale the data as shown in:
    https://scikit-learn.org/stable/modules/preprocessing.html",398,71,327,0.04,0.3,0.0006250000000000006,8cbca30a64351039ff8c2ef0c4d04de9f8d2b87b2fcd7d711dcda2dc8ceba7a7,True,-87.85308785013315,-5.111254090373533e-05,3,1,True,True,3
2021_10pct_x10,19,0.09,90,20,1,1827277224,v4p8_rigid_length_scan_common_v1,False,12,True,True,,2075.301412879353,0.3912137421533148,0.02918815006379436,0.5306936375235338,0.12445869005392028,0.02653468187617669,14.743487183260841,1.1,20.0,0.7371743591630421,13.403170166600765,0.043089710048460815,229.09620634212115,1e-08,1e+18,1.0,18,0.084554803125,0.095445196875,0.0024200875,0.04,0.3,False,False,False,False,False,False,2,"ConvergenceWarning: lbfgs failed to converge (status=2):
ABNORMAL_TERMINATION_IN_LNSRCH.

Increase the number of iterations (max_iter) or scale the data as shown in:
    https://scikit-learn.org/stable/modules/preprocessing.html | ConvergenceWarning: lbfgs failed to converge (status=2):
ABNORMAL_TERMINATION_IN_LNSRCH.

Increase the number of iterations (max_iter) or scale the data as shown in:
    https://scikit-learn.org/stable/modules/preprocessing.html",398,71,327,0.04,0.3,0.0006250000000000006,8cbca30a64351039ff8c2ef0c4d04de9f8d2b87b2fcd7d711dcda2dc8ceba7a7,True,-82.53240602465442,-4.802137546761156e-05,3,1,True,True,3
2021_10pct_x10,19,0.09,90,25,1,1827277224,v4p8_rigid_length_scan_common_v1,False,12,True,True,,2075.301364444598,0.3912186639927474,0.02918815006379436,0.6633670469044173,0.13914904567557138,0.02653468187617669,14.743672670294588,1.1,25.0,0.5897469068117835,13.403338791176898,0.04309036509625582,229.16506976683579,1e-08,1e+18,1.0,18,0.084554803125,0.095445196875,0.0024200875,0.04,0.3,False,False,False,False,False,False,2,"ConvergenceWarning: lbfgs failed to converge (status=2):
ABNORMAL_TERMINATION_IN_LNSRCH.

Increase the number of iterations (max_iter) or scale the data as shown in:
    https://scikit-learn.org/stable/modules/preprocessing.html | ConvergenceWarning: lbfgs failed to converge (status=2):
ABNORMAL_TERMINATION_IN_LNSRCH.

Increase the number of iterations (max_iter) or scale the data as shown in:
    https://scikit-learn.org/stable/modules/preprocessing.html",398,71,327,0.04,0.3,0.0006250000000000006,8cbca30a64351039ff8c2ef0c4d04de9f8d2b87b2fcd7d711dcda2dc8ceba7a7,True,-90.92856784797598,-5.290677396173486e-05,3,0,True,False,3
2021_10pct_x10,19,0.09,90,15,2,2155558656,v4p8_rigid_length_scan_common_v1,False,12,True,True,,2075.301357483885,0.39121231057128025,0.02918815006379436,0.39802022814265037,0.10778438730842861,0.02653468187617669,14.743433231906112,1.1,15.0,0.9828955487937409,13.403121119914648,0.0430895195197593,229.09859976904409,1e-08,1e+18,1.0,18,0.084554803125,0.095445196875,0.0024200875,0.04,0.3,False,False,False,True,False,False,1,"ConvergenceWarning: lbfgs failed to converge (status=2):
ABNORMAL_TERMINATION_IN_LNSRCH.

Increase the number of iterations (max_iter) or scale the data as shown in:
    https://scikit-learn.org/stable/modules/preprocessing.html",398,71,327,0.04,0.3,0.0006250000000000006,8cbca30a64351039ff8c2ef0c4d04de9f8d2b87b2fcd7d711dcda2dc8ceba7a7,True,-86.91294706913231,-5.0569499726946676e-05,3,1,True,False,3
2021_10pct_x10,19,0.09,90,20,2,2155558656,v4p8_rigid_length_scan_common_v1,False,12,True,True,,2075.3013369984565,0.39123464422121323,0.02918815006379436,0.5306936375235338,0.12445869005392028,0.02653468187617669,14.744274909603142,1.1,20.0,0.7372137454801572,13.403886281457401,0.043092491927690255,228.97026406647717,1e-08,1e+18,1.0,18,0.084554803125,0.095445196875,0.0024200875,0.04,0.3,False,False,False,False,False,False,1,"ConvergenceWarning: lbfgs failed to converge (status=2):
ABNORMAL_TERMINATION_IN_LNSRCH.

Increase the number of iterations (max_iter) or scale the data as shown in:
    https://scikit-learn.org/stable/modules/preprocessing.html",398,71,327,0.04,0.3,0.0006250000000000006,8cbca30a64351039ff8c2ef0c4d04de9f8d2b87b2fcd7d711dcda2dc8ceba7a7,True,-111.08399218595031,-6.464274751809513e-05,3,1,True,False,3
2021_10pct_x10,19,0.09,90,25,2,2155558656,v4p8_rigid_length_scan_common_v1,False,12,True,True,,2075.301330664799,0.3912238959618483,0.02918815006379436,0.6633670469044173,0.13914904567557138,0.02653468187617669,14.743869845038393,1.1,25.0,0.5897547938015357,13.403518040943993,0.043091061422755206,229.080699270985,1e-08,1e+18,1.0,18,0.084554803125,0.095445196875,0.0024200875,0.04,0.3,False,False,False,False,False,False,0,,398,71,327,0.04,0.3,0.0006250000000000006,8cbca30a64351039ff8c2ef0c4d04de9f8d2b87b2fcd7d711dcda2dc8ceba7a7,True,-92.64368766947901,-5.390702054517317e-05,3,0,True,False,3
2021_10pct_x10,19,0.11,110,15,0,2272837436,v4p8_rigid_length_scan_common_v1,False,12,True,True,,2068.536202176432,0.36853818773546987,0.027026133767267792,0.36853818773546987,0.09980061302459649,0.02456921251569799,15.0,1.1,15.0,1.0,13.636363636363635,0.04901818289751632,121.81333466399249,1e-08,1e+18,1.0,20,0.103843803125,0.116156196875,0.0027360875000000005,0.04,0.3,False,True,False,True,False,False,2,"ConvergenceWarning: lbfgs failed to converge (status=2):
ABNORMAL_TERMINATION_IN_LNSRCH.

Increase the number of iterations (max_iter) or scale the data as shown in:
    https://scikit-learn.org/stable/modules/preprocessing.html | ConvergenceWarning: The optimal value found for dimension 0 of parameter k2__length_scale is close to the specified upper bound 0.36853818773546987. Increasing the bound and calling fit again may find a better value.",396,102,294,0.04,0.3,0.0006250000000000006,fdc79b02694361f2dc7e05efde8559d9ab6efe69693aa44922d8252a9edfa328,True,-24.799673755159706,-2.639170853145529e-05,3,2,True,False,3
2021_10pct_x10,19,0.11,110,20,0,2272837436,v4p8_rigid_length_scan_common_v1,False,12,True,True,,2069.028681083043,0.3840580482501041,0.027026133767267792,0.4913842503139598,0.11523982159008091,0.02456921251569799,15.631679200329197,1.1,20.0,0.7815839600164599,14.210617454844725,0.051505373417229175,190.47922592064532,1e-08,1e+18,1.0,20,0.103843803125,0.116156196875,0.0027360875000000005,0.04,0.3,False,False,False,False,False,False,1,"ConvergenceWarning: lbfgs failed to converge (status=2):
ABNORMAL_TERMINATION_IN_LNSRCH.

Increase the number of iterations (max_iter) or scale the data as shown in:
    https://scikit-learn.org/stable/modules/preprocessing.html",396,102,294,0.04,0.3,0.0006250000000000006,fdc79b02694361f2dc7e05efde8559d9ab6efe69693aa44922d8252a9edfa328,True,-50.23728697284122,-5.657536820746108e-05,3,2,True,False,3
2021_10pct_x10,19,0.11,110,25,0,2272837436,v4p8_rigid_length_scan_common_v1,False,12,True,True,,2069.0287001704396,0.38405803039959174,0.027026133767267792,0.6142303128924498,0.1288420373951844,0.02456921251569799,15.631678473789332,1.1,25.0,0.6252671389515733,14.210616794353937,0.051505370534275535,190.47926461614128,1e-08,1e+18,1.0,20,0.103843803125,0.116156196875,0.0027360875000000005,0.04,0.3,False,False,False,False,False,False,0,,396,102,294,0.04,0.3,0.0006250000000000006,fdc79b02694361f2dc7e05efde8559d9ab6efe69693aa44922d8252a9edfa328,True,-55.813825876538075,-6.285572392048015e-05,3,2,True,False,3
2021_10pct_x10,19,0.11,110,15,1,1165770727,v4p8_rigid_length_scan_common_v1,False,12,True,True,,2068.5361832772205,0.36853818773546987,0.027026133767267792,0.36853818773546987,0.09980061302459649,0.02456921251569799,15.0,1.1,15.0,1.0,13.636363636363635,0.04901818289751632,121.84040235223999,1e-08,1e+18,1.0,20,0.103843803125,0.116156196875,0.0027360875000000005,0.04,0.3,False,True,False,True,False,False,1,ConvergenceWarning: The optimal value found for dimension 0 of parameter k2__length_scale is close to the specified upper bound 0.36853818773546987. Increasing the bound and calling fit again may find a better value.,396,102,294,0.04,0.3,0.0006250000000000006,fdc79b02694361f2dc7e05efde8559d9ab6efe69693aa44922d8252a9edfa328,True,-33.086441168417004,-3.520996167879986e-05,3,2,True,False,3
2021_10pct_x10,19,0.11,110,20,1,1165770727,v4p8_rigid_length_scan_common_v1,False,12,True,True,,2069.0286655468317,0.38405548048616467,0.027026133767267792,0.4913842503139598,0.11523982159008091,0.02456921251569799,15.631574688882695,1.1,20.0,0.7815787344441348,14.210522444438814,0.05150495871008773,190.47607733048721,1e-08,1e+18,1.0,20,0.103843803125,0.116156196875,0.0027360875000000005,0.04,0.3,False,False,False,False,False,False,1,"ConvergenceWarning: lbfgs failed to converge (status=2):
ABNORMAL_TERMINATION_IN_LNSRCH.

Increase the number of iterations (max_iter) or scale the data as shown in:
    https://scikit-learn.org/stable/modules/preprocessing.html",396,102,294,0.04,0.3,0.0006250000000000006,fdc79b02694361f2dc7e05efde8559d9ab6efe69693aa44922d8252a9edfa328,True,-58.68562974800527,-6.608846611364674e-05,3,2,True,False,3
2021_10pct_x10,19,0.11,110,25,1,1165770727,v4p8_rigid_length_scan_common_v1,False,12,True,True,,2069.0286697268966,0.38405812110918486,0.027026133767267792,0.6142303128924498,0.1288420373951844,0.02456921251569799,15.631682165791796,1.1,25.0,0.6252672866316719,14.210620150719814,0.051505385184362644,190.47953353743088,1e-08,1e+18,1.0,20,0.103843803125,0.116156196875,0.0027360875000000005,0.04,0.3,False,False,False,False,False,False,0,,396,102,294,0.04,0.3,0.0006250000000000006,fdc79b02694361f2dc7e05efde8559d9ab6efe69693aa44922d8252a9edfa328,True,-51.6299166418663,-5.814345158524539e-05,3,2,True,False,3
2021_10pct_x10,19,0.11,110,15,2,1163324185,v4p8_rigid_length_scan_common_v1,False,12,True,True,,2068.536219570374,0.36853818773546987,0.027026133767267792,0.36853818773546987,0.09980061302459649,0.02456921251569799,15.0,1.1,15.0,1.0,13.636363636363635,0.04901818289751632,121.91800878948432,1e-08,1e+18,1.0,20,0.103843803125,0.116156196875,0.0027360875000000005,0.04,0.3,False,True,False,True,False,False,3,"ConvergenceWarning: lbfgs failed to converge (status=2):
ABNORMAL_TERMINATION_IN_LNSRCH.

Increase the number of iterations (max_iter) or scale the data as shown in:
    https://scikit-learn.org/stable/modules/preprocessing.html | ConvergenceWarning: lbfgs failed to converge (status=2):
ABNORMAL_TERMINATION_IN_LNSRCH.

Increase the number of iterations (max_iter) or scale the data as shown in:
    https://scikit-learn.org/stable/modules/preprocessing.html | ConvergenceWarning: The optimal value found for dimension 0 of parameter k2__length_scale is close to the specified upper bound 0.36853818773546987. Increasing the bound and calling fit again may find a better value.",396,102,294,0.04,0.3,0.0006250000000000006,fdc79b02694361f2dc7e05efde8559d9ab6efe69693aa44922d8252a9edfa328,True,-29.06548241961891,-3.092973525118849e-05,3,2,True,True,3
2021_10pct_x10,19,0.11,110,20,2,1163324185,v4p8_rigid_length_scan_common_v1,False,12,True,True,,2069.028698671275,0.3840579328658385,0.027026133767267792,0.4913842503139598,0.11523982159008091,0.02456921251569799,15.631674504034374,1.1,20.0,0.7815837252017186,14.210613185485792,0.05150535478205136,190.47756908266607,1e-08,1e+18,1.0,20,0.103843803125,0.116156196875,0.0027360875000000005,0.04,0.3,False,False,False,False,False,False,0,,396,102,294,0.04,0.3,0.0006250000000000006,fdc79b02694361f2dc7e05efde8559d9ab6efe69693aa44922d8252a9edfa328,True,-48.532775875937226,-5.465558128652979e-05,3,2,True,True,3
2021_10pct_x10,19,0.11,110,25,2,1163324185,v4p8_rigid_length_scan_common_v1,False,12,True,True,,2069.028702400896,0.384079228624515,0.027026133767267792,0.6142303128924498,0.1288420373951844,0.02456921251569799,15.632541270059653,1.1,25.0,0.6253016508023861,14.211401154599683,0.05150879419773411,190.67561958551812,1e-08,1e+18,1.0,20,0.103843803125,0.116156196875,0.0027360875000000005,0.04,0.3,False,False,False,False,False,False,2,"ConvergenceWarning: lbfgs failed to converge (status=2):
ABNORMAL_TERMINATION_IN_LNSRCH.

Increase the number of iterations (max_iter) or scale the data as shown in:
    https://scikit-learn.org/stable/modules/preprocessing.html | ConvergenceWarning: lbfgs failed to converge (status=2):
ABNORMAL_TERMINATION_IN_LNSRCH.

Increase the number of iterations (max_iter) or scale the data as shown in:
    https://scikit-learn.org/stable/modules/preprocessing.html",396,102,294,0.04,0.3,0.0006250000000000006,fdc79b02694361f2dc7e05efde8559d9ab6efe69693aa44922d8252a9edfa328,True,-63.30209048086003,-7.12908669460931e-05,3,2,True,True,3
2021_10pct_x10,19,0.13,130,15,0,3308172049,v4p8_rigid_length_scan_common_v1,False,12,True,True,,2047.9603945191266,0.3558366347244402,0.026094686546458946,0.35583663472444016,0.09636101620925899,0.023722442314962677,15.000000000000002,1.1,15.0,1.0000000000000002,13.636363636363638,0.0555586649556174,92.92718957375898,1e-08,1e+18,1.0,22,0.122978228125,0.137021771875,0.0031207875000000005,0.04,0.3,False,True,False,True,False,False,4,"ConvergenceWarning: lbfgs failed to converge (status=2):
ABNORMAL_TERMINATION_IN_LNSRCH.

Increase the number of iterations (max_iter) or scale the data as shown in:
    https://scikit-learn.org/stable/modules/preprocessing.html | ConvergenceWarning: lbfgs failed to converge (status=2):
ABNORMAL_TERMINATION_IN_LNSRCH.

Increase the number of iterations (max_iter) or scale the data as shown in:
    https://scikit-learn.org/stable/modules/preprocessing.html | ConvergenceWarning: lbfgs failed to converge (status=2):
ABNORMAL_TERMINATION_IN_LNSRCH.

Increase the number of iterations (max_iter) or scale the data as shown in:
    https://scikit-learn.org/stable/modules/preprocessing.html | ConvergenceWarning: The optimal value found for dimension 0 of parameter k2__length_scale is close to the specified upper bound 0.35583663472444016. Increasing the bound and calling fit again may find a better value.",394,133,261,0.04,0.3,0.0006250000000000006,ba23157708f6132ca38a18747ef7a82931997cb0b7fb1869ba202c19cd7b6c65,True,-12.85956382355549,-2.6486132300425176e-05,3,1,True,False,3
2021_10pct_x10,19,0.13,130,20,0,3308172049,v4p8_rigid_length_scan_common_v1,False,12,True,True,,2049.9067164035328,0.387609929542348,0.026094686546458946,0.47444884629925355,0.11126811729560314,0.023722442314962677,16.33937705047626,1.1,20.0,0.8169688525238128,14.853979136796596,0.061549139722393065,210.84177674391657,1e-08,1e+18,1.0,22,0.122978228125,0.137021771875,0.0031207875000000005,0.04,0.3,False,False,False,False,False,False,1,"ConvergenceWarning: lbfgs failed to converge (status=2):
ABNORMAL_TERMINATION_IN_LNSRCH.

Increase the number of iterations (max_iter) or scale the data as shown in:
    https://scikit-learn.org/stable/modules/preprocessing.html",394,133,261,0.04,0.3,0.0006250000000000006,ba23157708f6132ca38a18747ef7a82931997cb0b7fb1869ba202c19cd7b6c65,True,-21.175808528940014,-4.8653294214282816e-05,3,2,True,False,3
2021_10pct_x10,19,0.13,130,25,0,3308172049,v4p8_rigid_length_scan_common_v1,False,12,True,True,,2049.9067115688777,0.3876112302200483,0.026094686546458946,0.5930610578740669,0.12440153700069435,0.023722442314962677,16.33943187947249,1.1,25.0,0.6535772751788995,14.854028981338624,0.06154938886624964,210.84515032077684,1e-08,1e+18,1.0,22,0.122978228125,0.137021771875,0.0031207875000000005,0.04,0.3,False,False,False,False,False,False,2,"ConvergenceWarning: lbfgs failed to converge (status=2):
ABNORMAL_TERMINATION_IN_LNSRCH.

Increase the number of iterations (max_iter) or scale the data as shown in:
    https://scikit-learn.org/stable/modules/preprocessing.html | ConvergenceWarning: lbfgs failed to converge (status=2):
ABNORMAL_TERMINATION_IN_LNSRCH.

Increase the number of iterations (max_iter) or scale the data as shown in:
    https://scikit-learn.org/stable/modules/preprocessing.html",394,133,261,0.04,0.3,0.0006250000000000006,ba23157708f6132ca38a18747ef7a82931997cb0b7fb1869ba202c19cd7b6c65,True,-24.332530672167547,-5.5906778802178797e-05,3,0,True,True,3
2021_10pct_x10,19,0.13,130,15,1,4284520392,v4p8_rigid_length_scan_common_v1,False,12,True,True,,2047.9604226480665,0.3558366347244402,0.026094686546458946,0.35583663472444016,0.09636101620925899,0.023722442314962677,15.000000000000002,1.1,15.0,1.0000000000000002,13.636363636363638,0.0555586649556174,92.91611440605637,1e-08,1e+18,1.0,22,0.122978228125,0.137021771875,0.0031207875000000005,0.04,0.3,False,True,False,True,False,False,1,ConvergenceWarning: The optimal value found for dimension 0 of parameter k2__length_scale is close to the specified upper bound 0.35583663472444016. Increasing the bound and calling fit again may find a better value.,394,133,261,0.04,0.3,0.0006250000000000006,ba23157708f6132ca38a18747ef7a82931997cb0b7fb1869ba202c19cd7b6c65,True,-11.080047740235742,-2.282109715760811e-05,3,1,True,True,3
2021_10pct_x10,19,0.13,130,20,1,4284520392,v4p8_rigid_length_scan_common_v1,False,12,True,True,,2049.906723879487,0.3876098476892984,0.026094686546458946,0.47444884629925355,0.11126811729560314,0.023722442314962677,16.339373600028427,1.1,20.0,0.8169686800014213,14.853976000025842,0.06154912404351246,210.85731191361785,1e-08,1e+18,1.0,22,0.122978228125,0.137021771875,0.0031207875000000005,0.04,0.3,False,False,False,False,False,False,2,"ConvergenceWarning: lbfgs failed to converge (status=2):
ABNORMAL_TERMINATION_IN_LNSRCH.

Increase the number of iterations (max_iter) or scale the data as shown in:
    https://scikit-learn.org/stable/modules/preprocessing.html | ConvergenceWarning: lbfgs failed to converge (status=2):
ABNORMAL_TERMINATION_IN_LNSRCH.

Increase the number of iterations (max_iter) or scale the data as shown in:
    https://scikit-learn.org/stable/modules/preprocessing.html",394,133,261,0.04,0.3,0.0006250000000000006,ba23157708f6132ca38a18747ef7a82931997cb0b7fb1869ba202c19cd7b6c65,True,-26.319033732168712,-6.047008003843182e-05,3,2,True,False,3
2021_10pct_x10,19,0.13,130,25,1,4284520392,v4p8_rigid_length_scan_common_v1,False,12,True,True,,2049.9067091247666,0.3874776000098751,0.026094686546458946,0.5930610578740669,0.12440153700069435,0.023722442314962677,16.33379880812178,1.1,25.0,0.6533519523248712,14.848908007383436,0.06152379379133259,209.6764106954845,1e-08,1e+18,1.0,22,0.122978228125,0.137021771875,0.0031207875000000005,0.04,0.3,False,False,False,False,False,False,2,"ConvergenceWarning: lbfgs failed to converge (status=2):
ABNORMAL_TERMINATION_IN_LNSRCH.

Increase the number of iterations (max_iter) or scale the data as shown in:
    https://scikit-learn.org/stable/modules/preprocessing.html | ConvergenceWarning: lbfgs failed to converge (status=2):
ABNORMAL_TERMINATION_IN_LNSRCH.

Increase the number of iterations (max_iter) or scale the data as shown in:
    https://scikit-learn.org/stable/modules/preprocessing.html",394,133,261,0.04,0.3,0.0006250000000000006,ba23157708f6132ca38a18747ef7a82931997cb0b7fb1869ba202c19cd7b6c65,True,-28.07970446608219,-6.449567712092759e-05,3,0,True,False,3
2021_10pct_x10,19,0.13,130,15,2,3663866604,v4p8_rigid_length_scan_common_v1,False,12,True,True,,2047.9604124103753,0.3558366347244402,0.026094686546458946,0.35583663472444016,0.09636101620925899,0.023722442314962677,15.000000000000002,1.1,15.0,1.0000000000000002,13.636363636363638,0.0555586649556174,93.01628603822955,1e-08,1e+18,1.0,22,0.122978228125,0.137021771875,0.0031207875000000005,0.04,0.3,False,True,False,True,False,False,3,"ConvergenceWarning: lbfgs failed to converge (status=2):
ABNORMAL_TERMINATION_IN_LNSRCH.

Increase the number of iterations (max_iter) or scale the data as shown in:
    https://scikit-learn.org/stable/modules/preprocessing.html | ConvergenceWarning: lbfgs failed to converge (status=2):
ABNORMAL_TERMINATION_IN_LNSRCH.

Increase the number of iterations (max_iter) or scale the data as shown in:
    https://scikit-learn.org/stable/modules/preprocessing.html | ConvergenceWarning: The optimal value found for dimension 0 of parameter k2__length_scale is close to the specified upper bound 0.35583663472444016. Increasing the bound and calling fit again may find a better value.",394,133,261,0.04,0.3,0.0006250000000000006,ba23157708f6132ca38a18747ef7a82931997cb0b7fb1869ba202c19cd7b6c65,True,-12.102244817734201,-2.4925074742489425e-05,3,1,True,False,3
2021_10pct_x10,19,0.13,130,20,2,3663866604,v4p8_rigid_length_scan_common_v1,False,12,True,True,,2049.9067395131888,0.3876099091675604,0.026094686546458946,0.47444884629925355,0.11126811729560314,0.023722442314962677,16.33937619159388,1.1,20.0,0.816968809579694,14.853978355994435,0.06154913581962007,210.84163440352685,1e-08,1e+18,1.0,22,0.122978228125,0.137021771875,0.0031207875000000005,0.04,0.3,False,False,False,False,False,False,3,"ConvergenceWarning: lbfgs failed to converge (status=2):
ABNORMAL_TERMINATION_IN_LNSRCH.

Increase the number of iterations (max_iter) or scale the data as shown in:
    https://scikit-learn.org/stable/modules/preprocessing.html | ConvergenceWarning: lbfgs failed to converge (status=2):
ABNORMAL_TERMINATION_IN_LNSRCH.

Increase the number of iterations (max_iter) or scale the data as shown in:
    https://scikit-learn.org/stable/modules/preprocessing.html | ConvergenceWarning: lbfgs failed to converge (status=2):
ABNORMAL_TERMINATION_IN_LNSRCH.

Increase the number of iterations (max_iter) or scale the data as shown in:
    https://scikit-learn.org/stable/modules/preprocessing.html",394,133,261,0.04,0.3,0.0006250000000000006,ba23157708f6132ca38a18747ef7a82931997cb0b7fb1869ba202c19cd7b6c65,True,-23.989915117485868,-5.511895312578856e-05,3,2,True,True,3
2021_10pct_x10,19,0.13,130,25,2,3663866604,v4p8_rigid_length_scan_common_v1,False,12,True,True,,2049.9067085345055,0.38757956953543554,0.026094686546458946,0.5930610578740669,0.12440153700069435,0.023722442314962677,16.338097249412378,1.1,25.0,0.6535238899764951,14.85281568128398,0.0615433243774644,210.54737060395314,1e-08,1e+18,1.0,22,0.122978228125,0.137021771875,0.0031207875000000005,0.04,0.3,False,False,False,False,False,False,3,"ConvergenceWarning: lbfgs failed to converge (status=2):
ABNORMAL_TERMINATION_IN_LNSRCH.

Increase the number of iterations (max_iter) or scale the data as shown in:
    https://scikit-learn.org/stable/modules/preprocessing.html | ConvergenceWarning: lbfgs failed to converge (status=2):
ABNORMAL_TERMINATION_IN_LNSRCH.

Increase the number of iterations (max_iter) or scale the data as shown in:
    https://scikit-learn.org/stable/modules/preprocessing.html | ConvergenceWarning: lbfgs failed to converge (status=2):
ABNORMAL_TERMINATION_IN_LNSRCH.

Increase the number of iterations (max_iter) or scale the data as shown in:
    https://scikit-learn.org/stable/modules/preprocessing.html",394,133,261,0.04,0.3,0.0006250000000000006,ba23157708f6132ca38a18747ef7a82931997cb0b7fb1869ba202c19cd7b6c65,True,-20.74133092758798,-4.765197233040541e-05,3,0,True,False,3
2021_10pct_x10,19,0.15,150,15,0,2841118878,v4p8_rigid_length_scan_common_v1,False,12,True,True,,2032.308878685493,0.35322693547653494,0.025903308601612565,0.35322693547653494,0.09565430631210795,0.02354846236510233,15.0,1.1,15.0,1.0,13.636363636363635,0.06354812766273712,88.02117078398356,1e-08,1e+18,1.0,26,0.141958078125,0.158041921875,0.0035741875,0.04,0.3,False,True,False,True,False,False,2,"ConvergenceWarning: lbfgs failed to converge (status=2):
ABNORMAL_TERMINATION_IN_LNSRCH.

Increase the number of iterations (max_iter) or scale the data as shown in:
    https://scikit-learn.org/stable/modules/preprocessing.html | ConvergenceWarning: The optimal value found for dimension 0 of parameter k2__length_scale is close to the specified upper bound 0.35322693547653494. Increasing the bound and calling fit again may find a better value.",390,163,227,0.04,0.3,0.0006250000000000006,8c670b3106d5c6d5041520c3b8cd0212b84c7ca4e219b5ad98798b1b5939d15f,True,-5.416310843760868,-2.0061271276002655e-05,3,1,True,False,3
2021_10pct_x10,19,0.15,150,20,0,2841118878,v4p8_rigid_length_scan_common_v1,False,12,True,True,,2034.1039313453136,0.38287243224544415,0.025903308601612565,0.4709692473020466,0.11045207899688489,0.02354846236510233,16.258914332039037,1.1,20.0,0.8129457166019519,14.780831210944578,0.06997364117684322,189.4771729949933,1e-08,1e+18,1.0,26,0.141958078125,0.158041921875,0.0035741875,0.04,0.3,False,False,False,False,False,False,1,"ConvergenceWarning: lbfgs failed to converge (status=2):
ABNORMAL_TERMINATION_IN_LNSRCH.

Increase the number of iterations (max_iter) or scale the data as shown in:
    https://scikit-learn.org/stable/modules/preprocessing.html",390,163,227,0.04,0.3,0.0006250000000000006,8c670b3106d5c6d5041520c3b8cd0212b84c7ca4e219b5ad98798b1b5939d15f,True,-9.548578955354895,-3.925893877328131e-05,3,1,True,False,3
2021_10pct_x10,19,0.15,150,25,0,2841118878,v4p8_rigid_length_scan_common_v1,False,12,True,True,,2034.1039640816755,0.3828624467042764,0.025903308601612565,0.5887115591275582,0.12348917844660569,0.02354846236510233,16.25849028986537,1.1,25.0,0.6503396115946148,14.780445718059427,0.06997144463196027,189.41778865787757,1e-08,1e+18,1.0,26,0.141958078125,0.158041921875,0.0035741875,0.04,0.3,False,False,False,False,False,False,1,"ConvergenceWarning: lbfgs failed to converge (status=2):
ABNORMAL_TERMINATION_IN_LNSRCH.

Increase the number of iterations (max_iter) or scale the data as shown in:
    https://scikit-learn.org/stable/modules/preprocessing.html",390,163,227,0.04,0.3,0.0006250000000000006,8c670b3106d5c6d5041520c3b8cd0212b84c7ca4e219b5ad98798b1b5939d15f,True,-9.904072067769434,-4.0718866501450147e-05,3,2,True,False,3
2021_10pct_x10,19,0.15,150,15,1,1123233400,v4p8_rigid_length_scan_common_v1,False,12,True,True,,2032.3089000975867,0.35322693547653494,0.025903308601612565,0.35322693547653494,0.09565430631210795,0.02354846236510233,15.0,1.1,15.0,1.0,13.636363636363635,0.06354812766273712,88.02961461491972,1e-08,1e+18,1.0,26,0.141958078125,0.158041921875,0.0035741875,0.04,0.3,False,True,False,True,False,False,2,"ConvergenceWarning: lbfgs failed to converge (status=2):
ABNORMAL_TERMINATION_IN_LNSRCH.

Increase the number of iterations (max_iter) or scale the data as shown in:
    https://scikit-learn.org/stable/modules/preprocessing.html | ConvergenceWarning: The optimal value found for dimension 0 of parameter k2__length_scale is close to the specified upper bound 0.35322693547653494. Increasing the bound and calling fit again may find a better value.",390,163,227,0.04,0.3,0.0006250000000000006,8c670b3106d5c6d5041520c3b8cd0212b84c7ca4e219b5ad98798b1b5939d15f,True,-4.37802579116944,-1.621550251283362e-05,3,1,True,True,3
2021_10pct_x10,19,0.15,150,20,1,1123233400,v4p8_rigid_length_scan_common_v1,False,12,True,True,,2034.1039685998182,0.3828428884825254,0.025903308601612565,0.4709692473020466,0.11045207899688489,0.02354846236510233,16.257659737897786,1.1,20.0,0.8128829868948892,14.779690670816167,0.0699671424237392,189.346863567723,1e-08,1e+18,1.0,26,0.141958078125,0.158041921875,0.0035741875,0.04,0.3,False,False,False,False,False,False,1,"ConvergenceWarning: lbfgs failed to converge (status=2):
ABNORMAL_TERMINATION_IN_LNSRCH.

Increase the number of iterations (max_iter) or scale the data as shown in:
    https://scikit-learn.org/stable/modules/preprocessing.html",390,163,227,0.04,0.3,0.0006250000000000006,8c670b3106d5c6d5041520c3b8cd0212b84c7ca4e219b5ad98798b1b5939d15f,True,-9.617829724375643,-3.9539188718537354e-05,3,1,True,True,3
2021_10pct_x10,19,0.15,150,25,1,1123233400,v4p8_rigid_length_scan_common_v1,False,12,True,True,,2034.1039398579285,0.38283610963000597,0.025903308601612565,0.5887115591275582,0.12348917844660569,0.02354846236510233,16.257371869738314,1.1,25.0,0.6502948747895325,14.779428972489374,0.06996565130397564,189.13056888161984,1e-08,1e+18,1.0,26,0.141958078125,0.158041921875,0.0035741875,0.04,0.3,False,False,False,False,False,False,0,,390,163,227,0.04,0.3,0.0006250000000000006,8c670b3106d5c6d5041520c3b8cd0212b84c7ca4e219b5ad98798b1b5939d15f,True,-9.01346580566788,-3.7055912816424183e-05,3,2,True,False,3
2021_10pct_x10,19,0.15,150,15,2,3886934528,v4p8_rigid_length_scan_common_v1,False,12,True,True,,2032.3088890961392,0.35322693547653494,0.025903308601612565,0.35322693547653494,0.09565430631210795,0.02354846236510233,15.0,1.1,15.0,1.0,13.636363636363635,0.06354812766273712,88.0183550984081,1e-08,1e+18,1.0,26,0.141958078125,0.158041921875,0.0035741875,0.04,0.3,False,True,False,True,False,False,2,"ConvergenceWarning: lbfgs failed to converge (status=2):
ABNORMAL_TERMINATION_IN_LNSRCH.

Increase the number of iterations (max_iter) or scale the data as shown in:
    https://scikit-learn.org/stable/modules/preprocessing.html | ConvergenceWarning: The optimal value found for dimension 0 of parameter k2__length_scale is close to the specified upper bound 0.35322693547653494. Increasing the bound and calling fit again may find a better value.",390,163,227,0.04,0.3,0.0006250000000000006,8c670b3106d5c6d5041520c3b8cd0212b84c7ca4e219b5ad98798b1b5939d15f,True,-5.332236655020718,-1.9749929385439146e-05,3,1,True,False,3
2021_10pct_x10,19,0.15,150,20,2,3886934528,v4p8_rigid_length_scan_common_v1,False,12,True,True,,2034.10394435816,0.382864496879044,0.025903308601612565,0.4709692473020466,0.11045207899688489,0.02354846236510233,16.258577351803254,1.1,20.0,0.8129288675901627,14.780524865275684,0.06997189561232796,189.42750861550556,1e-08,1e+18,1.0,26,0.141958078125,0.158041921875,0.0035741875,0.04,0.3,False,False,False,False,False,False,0,,390,163,227,0.04,0.3,0.0006250000000000006,8c670b3106d5c6d5041520c3b8cd0212b84c7ca4e219b5ad98798b1b5939d15f,True,-9.33792072841641,-3.839148950175597e-05,3,1,True,False,3
2021_10pct_x10,19,0.15,150,25,2,3886934528,v4p8_rigid_length_scan_common_v1,False,12,True,True,,2034.1039703547992,0.38288503107643035,0.025903308601612565,0.5887115591275582,0.12348917844660569,0.02354846236510233,16.259449349179047,1.1,25.0,0.6503779739671619,14.781317590162768,0.06997641260502817,189.52924994798582,1e-08,1e+18,1.0,26,0.141958078125,0.158041921875,0.0035741875,0.04,0.3,False,False,False,False,False,False,1,"ConvergenceWarning: lbfgs failed to converge (status=2):
ABNORMAL_TERMINATION_IN_LNSRCH.

Increase the number of iterations (max_iter) or scale the data as shown in:
    https://scikit-learn.org/stable/modules/preprocessing.html",390,163,227,0.04,0.3,0.0006250000000000006,8c670b3106d5c6d5041520c3b8cd0212b84c7ca4e219b5ad98798b1b5939d15f,True,-9.967289717344288,-4.0981830055691423e-05,3,2,True,True,3
2021_10pct_x10,19,0.17,170,15,0,812635875,v4p8_rigid_length_scan_common_v1,False,12,True,True,,2024.3128291239414,0.3571512831715639,0.026191094099248028,0.35715128317156397,0.0967170246916933,0.02381008554477093,14.999999999999998,1.1,15.0,0.9999999999999999,13.636363636363633,0.07297285279866361,93.98417656753628,1e-08,1e+18,1.0,30,0.160783353125,0.17921664687500002,0.0040962875,0.04,0.3,False,True,False,True,False,False,2,"ConvergenceWarning: lbfgs failed to converge (status=2):
ABNORMAL_TERMINATION_IN_LNSRCH.

Increase the number of iterations (max_iter) or scale the data as shown in:
    https://scikit-learn.org/stable/modules/preprocessing.html | ConvergenceWarning: The optimal value found for dimension 0 of parameter k2__length_scale is close to the specified upper bound 0.35715128317156397. Increasing the bound and calling fit again may find a better value.",386,193,193,0.04,0.3,0.0006250000000000006,508023c408738764057ef42b45c164c50e271609f1c45a0fed99256e7283d35d,True,-1.8615020147380887,-1.2660023343860076e-05,3,2,True,False,3
2021_10pct_x10,19,0.17,170,20,0,812635875,v4p8_rigid_length_scan_common_v1,False,12,True,True,,2026.283815774384,0.39247771950695226,0.026191094099248028,0.47620171089541863,0.11167920048193762,0.02381008554477093,16.483675321911917,1.1,20.0,0.8241837660955958,14.985159383556287,0.08170962882066436,232.78235777915637,1e-08,1e+18,1.0,30,0.160783353125,0.17921664687500002,0.0040962875,0.04,0.3,False,False,False,False,False,False,1,"ConvergenceWarning: lbfgs failed to converge (status=2):
ABNORMAL_TERMINATION_IN_LNSRCH.

Increase the number of iterations (max_iter) or scale the data as shown in:
    https://scikit-learn.org/stable/modules/preprocessing.html",386,193,193,0.04,0.3,0.0006250000000000006,508023c408738764057ef42b45c164c50e271609f1c45a0fed99256e7283d35d,True,-4.242915947108738,-3.243606993087466e-05,3,2,True,False,3
2021_10pct_x10,19,0.17,170,25,0,812635875,v4p8_rigid_length_scan_common_v1,False,12,True,True,,2026.283858894927,0.39247591336096915,0.026191094099248028,0.5952521386192733,0.12486114197521989,0.02381008554477093,16.483599465570297,1.1,25.0,0.6593439786228118,14.98509042324572,0.0817091741967399,232.78222306486404,1e-08,1e+18,1.0,30,0.160783353125,0.17921664687500002,0.0040962875,0.04,0.3,False,False,False,False,False,False,0,,386,193,193,0.04,0.3,0.0006250000000000006,508023c408738764057ef42b45c164c50e271609f1c45a0fed99256e7283d35d,True,-3.7582116385907853,-2.873030531360973e-05,3,1,True,False,3
2021_10pct_x10,19,0.17,170,15,1,1973923411,v4p8_rigid_length_scan_common_v1,False,12,True,True,,2024.3128295757037,0.3571512831715639,0.026191094099248028,0.35715128317156397,0.0967170246916933,0.02381008554477093,14.999999999999998,1.1,15.0,0.9999999999999999,13.636363636363633,0.07297285279866361,93.93706792298978,1e-08,1e+18,1.0,30,0.160783353125,0.17921664687500002,0.0040962875,0.04,0.3,False,True,False,True,False,False,3,"ConvergenceWarning: lbfgs failed to converge (status=2):
ABNORMAL_TERMINATION_IN_LNSRCH.

Increase the number of iterations (max_iter) or scale the data as shown in:
    https://scikit-learn.org/stable/modules/preprocessing.html | ConvergenceWarning: lbfgs failed to converge (status=2):
ABNORMAL_TERMINATION_IN_LNSRCH.

Increase the number of iterations (max_iter) or scale the data as shown in:
    https://scikit-learn.org/stable/modules/preprocessing.html | ConvergenceWarning: The optimal value found for dimension 0 of parameter k2__length_scale is close to the specified upper bound 0.35715128317156397. Increasing the bound and calling fit again may find a better value.",386,193,193,0.04,0.3,0.0006250000000000006,508023c408738764057ef42b45c164c50e271609f1c45a0fed99256e7283d35d,True,-1.976613068529221,-1.3443241670518405e-05,3,2,True,False,3
2021_10pct_x10,19,0.17,170,20,1,1973923411,v4p8_rigid_length_scan_common_v1,False,12,True,True,,2026.2838481012518,0.39254476592194654,0.026191094099248028,0.47620171089541863,0.11167920048193762,0.02381008554477093,16.486491204906887,1.1,20.0,0.8243245602453443,14.987719277188075,0.08172650561465426,233.16477226852902,1e-08,1e+18,1.0,30,0.160783353125,0.17921664687500002,0.0040962875,0.04,0.3,False,False,False,False,False,False,0,,386,193,193,0.04,0.3,0.0006250000000000006,508023c408738764057ef42b45c164c50e271609f1c45a0fed99256e7283d35d,True,-3.7806076298234883,-2.890786751415655e-05,3,2,True,False,3
2021_10pct_x10,19,0.17,170,25,1,1973923411,v4p8_rigid_length_scan_common_v1,False,12,True,True,,2026.2839244359488,0.39241386905015424,0.026191094099248028,0.5952521386192733,0.12486114197521989,0.02381008554477093,16.480993665994387,1.1,25.0,0.6592397466397755,14.98272151454035,0.08169355755896787,232.17486205291027,1e-08,1e+18,1.0,30,0.160783353125,0.17921664687500002,0.0040962875,0.04,0.3,False,False,False,False,False,False,1,"ConvergenceWarning: lbfgs failed to converge (status=2):
ABNORMAL_TERMINATION_IN_LNSRCH.

Increase the number of iterations (max_iter) or scale the data as shown in:
    https://scikit-learn.org/stable/modules/preprocessing.html",386,193,193,0.04,0.3,0.0006250000000000006,508023c408738764057ef42b45c164c50e271609f1c45a0fed99256e7283d35d,True,-3.891190173495941,-2.97429994947519e-05,3,1,True,True,3
2021_10pct_x10,19,0.17,170,15,2,3709016148,v4p8_rigid_length_scan_common_v1,False,12,True,True,,2024.3128320954625,0.3571512831715639,0.026191094099248028,0.35715128317156397,0.0967170246916933,0.02381008554477093,14.999999999999998,1.1,15.0,0.9999999999999999,13.636363636363633,0.07297285279866361,93.93644219868492,1e-08,1e+18,1.0,30,0.160783353125,0.17921664687500002,0.0040962875,0.04,0.3,False,True,False,True,False,False,2,"ConvergenceWarning: lbfgs failed to converge (status=2):
ABNORMAL_TERMINATION_IN_LNSRCH.

Increase the number of iterations (max_iter) or scale the data as shown in:
    https://scikit-learn.org/stable/modules/preprocessing.html | ConvergenceWarning: The optimal value found for dimension 0 of parameter k2__length_scale is close to the specified upper bound 0.35715128317156397. Increasing the bound and calling fit again may find a better value.",386,193,193,0.04,0.3,0.0006250000000000006,508023c408738764057ef42b45c164c50e271609f1c45a0fed99256e7283d35d,True,-1.9293491435006047,-1.3121808210036331e-05,3,2,True,True,3
2021_10pct_x10,19,0.17,170,20,2,3709016148,v4p8_rigid_length_scan_common_v1,False,12,True,True,,2026.2839083561362,0.39247408099004877,0.026191094099248028,0.47620171089541863,0.11167920048193762,0.02381008554477093,16.483522507807294,1.1,20.0,0.8241761253903648,14.985020461642993,0.08170871297259127,232.74892120192158,1e-08,1e+18,1.0,30,0.160783353125,0.17921664687500002,0.0040962875,0.04,0.3,False,False,False,False,False,False,4,"ConvergenceWarning: lbfgs failed to converge (status=2):
ABNORMAL_TERMINATION_IN_LNSRCH.

Increase the number of iterations (max_iter) or scale the data as shown in:
    https://scikit-learn.org/stable/modules/preprocessing.html | ConvergenceWarning: lbfgs failed to converge (status=2):
ABNORMAL_TERMINATION_IN_LNSRCH.

Increase the number of iterations (max_iter) or scale the data as shown in:
    https://scikit-learn.org/stable/modules/preprocessing.html | ConvergenceWarning: lbfgs failed to converge (status=2):
ABNORMAL_TERMINATION_IN_LNSRCH.

Increase the number of iterations (max_iter) or scale the data as shown in:
    https://scikit-learn.org/stable/modules/preprocessing.html | ConvergenceWarning: lbfgs failed to converge (status=2):
ABNORMAL_TERMINATION_IN_LNSRCH.

Increase the number of iterations (max_iter) or scale the data as shown in:
    https://scikit-learn.org/stable/modules/preprocessing.html",386,193,193,0.04,0.3,0.0006250000000000006,508023c408738764057ef42b45c164c50e271609f1c45a0fed99256e7283d35d,True,-3.350536677461517,-2.561371566827178e-05,3,2,True,True,3
2021_10pct_x10,19,0.17,170,25,2,3709016148,v4p8_rigid_length_scan_common_v1,False,12,True,True,,2026.2839208979171,0.3924775278180417,0.026191094099248028,0.5952521386192733,0.12486114197521989,0.02381008554477093,16.48366727116761,1.1,25.0,0.6593466908467045,14.985152064697829,0.08170958057072443,232.7814571239344,1e-08,1e+18,1.0,30,0.160783353125,0.17921664687500002,0.0040962875,0.04,0.3,False,False,False,False,False,False,4,"ConvergenceWarning: lbfgs failed to converge (status=2):
ABNORMAL_TERMINATION_IN_LNSRCH.

Increase the number of iterations (max_iter) or scale the data as shown in:
    https://scikit-learn.org/stable/modules/preprocessing.html | ConvergenceWarning: lbfgs failed to converge (status=2):
ABNORMAL_TERMINATION_IN_LNSRCH.

Increase the number of iterations (max_iter) or scale the data as shown in:
    https://scikit-learn.org/stable/modules/preprocessing.html | ConvergenceWarning: lbfgs failed to converge (status=2):
ABNORMAL_TERMINATION_IN_LNSRCH.

Increase the number of iterations (max_iter) or scale the data as shown in:
    https://scikit-learn.org/stable/modules/preprocessing.html | ConvergenceWarning: lbfgs failed to converge (status=2):
ABNORMAL_TERMINATION_IN_LNSRCH.

Increase the number of iterations (max_iter) or scale the data as shown in:
    https://scikit-learn.org/stable/modules/preprocessing.html",386,193,193,0.04,0.3,0.0006250000000000006,508023c408738764057ef42b45c164c50e271609f1c45a0fed99256e7283d35d,True,-3.98507856819134,-3.046485317339307e-05,3,1,True,False,3
2021_10pct_x10,19,0.19,190,15,0,237374898,v4p8_rigid_length_scan_common_v1,False,12,True,True,,1997.5627602268305,0.3655427705841774,0.026806469842839676,0.3655427705841774,0.09898945022542965,0.02436951803894516,15.0,1.1,15.0,1.0,13.636363636363637,0.08384625691094569,111.63026183249335,1e-08,1e+18,1.0,34,0.179454053125,0.200545946875,0.0046870875,0.04,0.3,False,True,False,True,False,False,2,"ConvergenceWarning: lbfgs failed to converge (status=2):
ABNORMAL_TERMINATION_IN_LNSRCH.

Increase the number of iterations (max_iter) or scale the data as shown in:
    https://scikit-learn.org/stable/modules/preprocessing.html | ConvergenceWarning: The optimal value found for dimension 0 of parameter k2__length_scale is close to the specified upper bound 0.3655427705841774. Increasing the bound and calling fit again may find a better value.",382,223,159,0.04,0.3,0.0006250000000000006,3826c7ba01acb9de0d7c95ed28cc16e387d8680a5baf9dcfdfe4301edc2f6a65,True,-0.6316415117908731,-7.917084478083068e-06,3,0,True,True,3
2021_10pct_x10,19,0.19,190,20,0,237374898,v4p8_rigid_length_scan_common_v1,False,12,True,True,,1998.7401329422678,0.3923510871960554,0.026806469842839676,0.4873903607789032,0.11430317146916974,0.02436951803894516,16.100075781927053,1.1,20.0,0.8050037890963526,14.636432529024592,0.09128690406287397,230.5912509660674,1e-08,1e+18,1.0,34,0.179454053125,0.200545946875,0.0046870875,0.04,0.3,False,False,False,False,False,False,2,"ConvergenceWarning: lbfgs failed to converge (status=2):
ABNORMAL_TERMINATION_IN_LNSRCH.

Increase the number of iterations (max_iter) or scale the data as shown in:
    https://scikit-learn.org/stable/modules/preprocessing.html | ConvergenceWarning: lbfgs failed to converge (status=2):
ABNORMAL_TERMINATION_IN_LNSRCH.

Increase the number of iterations (max_iter) or scale the data as shown in:
    https://scikit-learn.org/stable/modules/preprocessing.html",382,223,159,0.04,0.3,0.0006250000000000006,3826c7ba01acb9de0d7c95ed28cc16e387d8680a5baf9dcfdfe4301edc2f6a65,True,-1.2783062970842585,-1.7132701349256975e-05,3,2,True,False,3
2021_10pct_x10,19,0.19,190,25,0,237374898,v4p8_rigid_length_scan_common_v1,False,12,True,True,,1998.7401561525126,0.3923127102557009,0.026806469842839676,0.609237950973629,0.12779483072443903,0.02436951803894516,16.098500989175996,1.1,25.0,0.6439400395670398,14.635000899250905,0.0912761093392698,230.96985601779357,1e-08,1e+18,1.0,34,0.179454053125,0.200545946875,0.0046870875,0.04,0.3,False,False,False,False,False,False,1,"ConvergenceWarning: lbfgs failed to converge (status=2):
ABNORMAL_TERMINATION_IN_LNSRCH.

Increase the number of iterations (max_iter) or scale the data as shown in:
    https://scikit-learn.org/stable/modules/preprocessing.html",382,223,159,0.04,0.3,0.0006250000000000006,3826c7ba01acb9de0d7c95ed28cc16e387d8680a5baf9dcfdfe4301edc2f6a65,True,-1.1441076563752683,-1.533088914333209e-05,3,2,True,False,3
2021_10pct_x10,19,0.19,190,15,1,1401797691,v4p8_rigid_length_scan_common_v1,False,12,True,True,,1997.5627545233856,0.3655427705841774,0.026806469842839676,0.3655427705841774,0.09898945022542965,0.02436951803894516,15.0,1.1,15.0,1.0,13.636363636363637,0.08384625691094569,111.65834855071618,1e-08,1e+18,1.0,34,0.179454053125,0.200545946875,0.0046870875,0.04,0.3,False,True,False,True,False,False,3,"ConvergenceWarning: lbfgs failed to converge (status=2):
ABNORMAL_TERMINATION_IN_LNSRCH.

Increase the number of iterations (max_iter) or scale the data as shown in:
    https://scikit-learn.org/stable/modules/preprocessing.html | ConvergenceWarning: lbfgs failed to converge (status=2):
ABNORMAL_TERMINATION_IN_LNSRCH.

Increase the number of iterations (max_iter) or scale the data as shown in:
    https://scikit-learn.org/stable/modules/preprocessing.html | ConvergenceWarning: The optimal value found for dimension 0 of parameter k2__length_scale is close to the specified upper bound 0.3655427705841774. Increasing the bound and calling fit again may find a better value.",382,223,159,0.04,0.3,0.0006250000000000006,3826c7ba01acb9de0d7c95ed28cc16e387d8680a5baf9dcfdfe4301edc2f6a65,True,-0.6315938431028926,-7.91640995389393e-06,3,0,True,False,3
2021_10pct_x10,19,0.19,190,20,1,1401797691,v4p8_rigid_length_scan_common_v1,False,12,True,True,,1998.7401899814872,0.3923044379102313,0.026806469842839676,0.4873903607789032,0.11430317146916974,0.02436951803894516,16.098161534556645,1.1,20.0,0.8049080767278324,14.634692304142405,0.09127378253574504,230.90101029922107,1e-08,1e+18,1.0,34,0.179454053125,0.200545946875,0.0046870875,0.04,0.3,False,False,False,False,False,False,2,"ConvergenceWarning: lbfgs failed to converge (status=2):
ABNORMAL_TERMINATION_IN_LNSRCH.

Increase the number of iterations (max_iter) or scale the data as shown in:
    https://scikit-learn.org/stable/modules/preprocessing.html | ConvergenceWarning: lbfgs failed to converge (status=2):
ABNORMAL_TERMINATION_IN_LNSRCH.

Increase the number of iterations (max_iter) or scale the data as shown in:
    https://scikit-learn.org/stable/modules/preprocessing.html",382,223,159,0.04,0.3,0.0006250000000000006,3826c7ba01acb9de0d7c95ed28cc16e387d8680a5baf9dcfdfe4301edc2f6a65,True,-1.2631982721751815,-1.6926399405274764e-05,3,2,True,False,3
2021_10pct_x10,19,0.19,190,25,1,1401797691,v4p8_rigid_length_scan_common_v1,False,12,True,True,,1998.7401299316416,0.3923123759468383,0.026806469842839676,0.609237950973629,0.12779483072443903,0.02436951803894516,16.098487270855344,1.1,25.0,0.6439394908342138,14.634988428050312,0.09127601530618934,230.95123044889348,1e-08,1e+18,1.0,34,0.179454053125,0.200545946875,0.0046870875,0.04,0.3,False,False,False,False,False,False,3,"ConvergenceWarning: lbfgs failed to converge (status=2):
ABNORMAL_TERMINATION_IN_LNSRCH.

Increase the number of iterations (max_iter) or scale the data as shown in:
    https://scikit-learn.org/stable/modules/preprocessing.html | ConvergenceWarning: lbfgs failed to converge (status=2):
ABNORMAL_TERMINATION_IN_LNSRCH.

Increase the number of iterations (max_iter) or scale the data as shown in:
    https://scikit-learn.org/stable/modules/preprocessing.html | ConvergenceWarning: lbfgs failed to converge (status=2):
ABNORMAL_TERMINATION_IN_LNSRCH.

Increase the number of iterations (max_iter) or scale the data as shown in:
    https://scikit-learn.org/stable/modules/preprocessing.html",382,223,159,0.04,0.3,0.0006250000000000006,3826c7ba01acb9de0d7c95ed28cc16e387d8680a5baf9dcfdfe4301edc2f6a65,True,-1.0890716437988974,-1.4593414082167685e-05,3,2,True,False,3
2021_10pct_x10,19,0.19,190,15,2,2749008437,v4p8_rigid_length_scan_common_v1,False,12,True,True,,1997.562747078196,0.3655427705841774,0.026806469842839676,0.3655427705841774,0.09898945022542965,0.02436951803894516,15.0,1.1,15.0,1.0,13.636363636363637,0.08384625691094569,111.5815402741236,1e-08,1e+18,1.0,34,0.179454053125,0.200545946875,0.0046870875,0.04,0.3,False,True,False,True,False,False,3,"ConvergenceWarning: lbfgs failed to converge (status=2):
ABNORMAL_TERMINATION_IN_LNSRCH.

Increase the number of iterations (max_iter) or scale the data as shown in:
    https://scikit-learn.org/stable/modules/preprocessing.html | ConvergenceWarning: lbfgs failed to converge (status=2):
ABNORMAL_TERMINATION_IN_LNSRCH.

Increase the number of iterations (max_iter) or scale the data as shown in:
    https://scikit-learn.org/stable/modules/preprocessing.html | ConvergenceWarning: The optimal value found for dimension 0 of parameter k2__length_scale is close to the specified upper bound 0.3655427705841774. Increasing the bound and calling fit again may find a better value.",382,223,159,0.04,0.3,0.0006250000000000006,3826c7ba01acb9de0d7c95ed28cc16e387d8680a5baf9dcfdfe4301edc2f6a65,True,-0.5810540215571035,-7.283159144881749e-06,3,0,True,False,3
2021_10pct_x10,19,0.19,190,20,2,2749008437,v4p8_rigid_length_scan_common_v1,False,12,True,True,,1998.7402001869464,0.392313073879807,0.026806469842839676,0.4873903607789032,0.11430317146916974,0.02436951803894516,16.098515910443847,1.1,20.0,0.8049257955221925,14.635014464039863,0.09127621161806221,230.97219394238553,1e-08,1e+18,1.0,34,0.179454053125,0.200545946875,0.0046870875,0.04,0.3,False,False,False,False,False,False,3,"ConvergenceWarning: lbfgs failed to converge (status=2):
ABNORMAL_TERMINATION_IN_LNSRCH.

Increase the number of iterations (max_iter) or scale the data as shown in:
    https://scikit-learn.org/stable/modules/preprocessing.html | ConvergenceWarning: lbfgs failed to converge (status=2):
ABNORMAL_TERMINATION_IN_LNSRCH.

Increase the number of iterations (max_iter) or scale the data as shown in:
    https://scikit-learn.org/stable/modules/preprocessing.html | ConvergenceWarning: lbfgs failed to converge (status=2):
ABNORMAL_TERMINATION_IN_LNSRCH.

Increase the number of iterations (max_iter) or scale the data as shown in:
    https://scikit-learn.org/stable/modules/preprocessing.html",382,223,159,0.04,0.3,0.0006250000000000006,3826c7ba01acb9de0d7c95ed28cc16e387d8680a5baf9dcfdfe4301edc2f6a65,True,-1.239689124881136,-1.661169615133363e-05,3,2,True,True,3
2021_10pct_x10,19,0.19,190,25,2,2749008437,v4p8_rigid_length_scan_common_v1,False,12,True,True,,1998.7401635261635,0.3921865222933858,0.026806469842839676,0.609237950973629,0.12779483072443903,0.02436951803894516,16.09332288257112,1.1,25.0,0.6437329153028447,14.630293529610109,0.09124061791952641,229.77526762953835,1e-08,1e+18,1.0,34,0.179454053125,0.200545946875,0.0046870875,0.04,0.3,False,False,False,False,False,False,1,"ConvergenceWarning: lbfgs failed to converge (status=2):
ABNORMAL_TERMINATION_IN_LNSRCH.

Increase the number of iterations (max_iter) or scale the data as shown in:
    https://scikit-learn.org/stable/modules/preprocessing.html",382,223,159,0.04,0.3,0.0006250000000000006,3826c7ba01acb9de0d7c95ed28cc16e387d8680a5baf9dcfdfe4301edc2f6a65,True,-1.0980754549612481,-1.4710985119334693e-05,3,2,True,True,3
2021_10pct_x10,19,0.21,210,15,0,1435008319,v4p8_rigid_length_scan_common_v1,False,12,True,True,,1995.8765855768677,0.3771185154055612,0.027655357796407824,0.3771185154055612,0.10212417674180257,0.025141234360370746,15.0,1.1,15.0,1.0,13.636363636363635,0.09619619178349216,149.475920239629,1e-08,1e+18,1.0,38,0.197970178125,0.22202982187499998,0.0053465875,0.04,0.3,False,True,False,True,False,False,5,"ConvergenceWarning: lbfgs failed to converge (status=2):
ABNORMAL_TERMINATION_IN_LNSRCH.

Increase the number of iterations (max_iter) or scale the data as shown in:
    https://scikit-learn.org/stable/modules/preprocessing.html | ConvergenceWarning: lbfgs failed to converge (status=2):
ABNORMAL_TERMINATION_IN_LNSRCH.

Increase the number of iterations (max_iter) or scale the data as shown in:
    https://scikit-learn.org/stable/modules/preprocessing.html | ConvergenceWarning: lbfgs failed to converge (status=2):
ABNORMAL_TERMINATION_IN_LNSRCH.

Increase the number of iterations (max_iter) or scale the data as shown in:
    https://scikit-learn.org/stable/modules/preprocessing.html | ConvergenceWarning: lbfgs failed to converge (status=2):
ABNORMAL_TERMINATION_IN_LNSRCH.

Increase the number of iterations (max_iter) or scale the data as shown in:
    https://scikit-learn.org/stable/modules/preprocessing.html | ConvergenceWarning: The optimal value found for dimension 0 of parameter k2__length_scale is close to the specified upper bound 0.3771185154055612. Increasing the bound and calling fit again may find a better value.",378,253,125,0.04,0.3,0.0006250000000000006,d7e1e1b95f957758aef31e8a8ced8be4e4b049242d8a00aab9076ff074cd6183,True,-0.38960908190088994,-9.05790694108304e-06,3,1,True,False,3
2021_10pct_x10,19,0.21,210,20,0,1435008319,v4p8_rigid_length_scan_common_v1,False,12,True,True,,1996.1922634061805,0.39120357033087266,0.027655357796407824,0.5028246872074149,0.11792284186529728,0.025141234360370746,15.560237207267486,1.1,20.0,0.7780118603633743,14.145670188424987,0.10053949801104167,225.4904717547632,1e-08,1e+18,1.0,38,0.197970178125,0.22202982187499998,0.0053465875,0.04,0.3,False,False,False,False,False,False,2,"ConvergenceWarning: lbfgs failed to converge (status=2):
ABNORMAL_TERMINATION_IN_LNSRCH.

Increase the number of iterations (max_iter) or scale the data as shown in:
    https://scikit-learn.org/stable/modules/preprocessing.html | ConvergenceWarning: lbfgs failed to converge (status=2):
ABNORMAL_TERMINATION_IN_LNSRCH.

Increase the number of iterations (max_iter) or scale the data as shown in:
    https://scikit-learn.org/stable/modules/preprocessing.html",378,253,125,0.04,0.3,0.0006250000000000006,d7e1e1b95f957758aef31e8a8ced8be4e4b049242d8a00aab9076ff074cd6183,True,-0.4346148390805628,-1.0406005325282023e-05,3,0,True,True,3
2021_10pct_x10,19,0.21,210,25,0,1435008319,v4p8_rigid_length_scan_common_v1,False,12,True,True,,1996.1922537473276,0.3911483556048389,0.027655357796407824,0.6285308590092686,0.1318417452553814,0.025141234360370746,15.558041025280463,1.1,25.0,0.6223216410112186,14.143673659345875,0.10052235213109319,225.01362365553527,1e-08,1e+18,1.0,38,0.197970178125,0.22202982187499998,0.0053465875,0.04,0.3,False,False,False,False,False,False,2,"ConvergenceWarning: lbfgs failed to converge (status=2):
ABNORMAL_TERMINATION_IN_LNSRCH.

Increase the number of iterations (max_iter) or scale the data as shown in:
    https://scikit-learn.org/stable/modules/preprocessing.html | ConvergenceWarning: lbfgs failed to converge (status=2):
ABNORMAL_TERMINATION_IN_LNSRCH.

Increase the number of iterations (max_iter) or scale the data as shown in:
    https://scikit-learn.org/stable/modules/preprocessing.html",378,253,125,0.04,0.3,0.0006250000000000006,d7e1e1b95f957758aef31e8a8ced8be4e4b049242d8a00aab9076ff074cd6183,True,-0.43637666946053394,-1.0447246785177309e-05,3,1,True,False,3
2021_10pct_x10,19,0.21,210,15,1,3481125268,v4p8_rigid_length_scan_common_v1,False,12,True,True,,1995.8766438140408,0.3771185154055612,0.027655357796407824,0.3771185154055612,0.10212417674180257,0.025141234360370746,15.0,1.1,15.0,1.0,13.636363636363635,0.09619619178349216,149.383727654123,1e-08,1e+18,1.0,38,0.197970178125,0.22202982187499998,0.0053465875,0.04,0.3,False,True,False,True,False,False,3,"ConvergenceWarning: lbfgs failed to converge (status=2):
ABNORMAL_TERMINATION_IN_LNSRCH.

Increase the number of iterations (max_iter) or scale the data as shown in:
    https://scikit-learn.org/stable/modules/preprocessing.html | ConvergenceWarning: lbfgs failed to converge (status=2):
ABNORMAL_TERMINATION_IN_LNSRCH.

Increase the number of iterations (max_iter) or scale the data as shown in:
    https://scikit-learn.org/stable/modules/preprocessing.html | ConvergenceWarning: The optimal value found for dimension 0 of parameter k2__length_scale is close to the specified upper bound 0.3771185154055612. Increasing the bound and calling fit again may find a better value.",378,253,125,0.04,0.3,0.0006250000000000006,d7e1e1b95f957758aef31e8a8ced8be4e4b049242d8a00aab9076ff074cd6183,True,-0.33485095582312774,-7.78503269882349e-06,3,1,True,True,3
2021_10pct_x10,19,0.21,210,20,1,3481125268,v4p8_rigid_length_scan_common_v1,False,12,True,True,,1996.1922548533391,0.39120044663501047,0.027655357796407824,0.5028246872074149,0.11792284186529728,0.025141234360370746,15.560112961344736,1.1,20.0,0.7780056480672368,14.145557237586122,0.10053852798161172,225.4908064949942,1e-08,1e+18,1.0,38,0.197970178125,0.22202982187499998,0.0053465875,0.04,0.3,False,False,False,False,False,False,0,,378,253,125,0.04,0.3,0.0006250000000000006,d7e1e1b95f957758aef31e8a8ced8be4e4b049242d8a00aab9076ff074cd6183,True,-0.38595404332028416,-9.240830020195244e-06,3,0,True,False,3
2021_10pct_x10,19,0.21,210,25,1,3481125268,v4p8_rigid_length_scan_common_v1,False,12,True,True,,1996.1923193519626,0.3911814185057115,0.027655357796407824,0.6285308590092686,0.1318417452553814,0.025141234360370746,15.559356111898673,1.1,25.0,0.6223742444759469,14.144869192635156,0.1005326190705669,225.49852883194407,1e-08,1e+18,1.0,38,0.197970178125,0.22202982187499998,0.0053465875,0.04,0.3,False,False,False,False,False,False,2,"ConvergenceWarning: lbfgs failed to converge (status=2):
ABNORMAL_TERMINATION_IN_LNSRCH.

Increase the number of iterations (max_iter) or scale the data as shown in:
    https://scikit-learn.org/stable/modules/preprocessing.html | ConvergenceWarning: lbfgs failed to converge (status=2):
ABNORMAL_TERMINATION_IN_LNSRCH.

Increase the number of iterations (max_iter) or scale the data as shown in:
    https://scikit-learn.org/stable/modules/preprocessing.html",378,253,125,0.04,0.3,0.0006250000000000006,d7e1e1b95f957758aef31e8a8ced8be4e4b049242d8a00aab9076ff074cd6183,True,-0.4053303338685855,-9.704153322239513e-06,3,1,True,True,3
2021_10pct_x10,19,0.21,210,15,2,1024534754,v4p8_rigid_length_scan_common_v1,False,12,True,True,,1995.8765685929359,0.3771185154055612,0.027655357796407824,0.3771185154055612,0.10212417674180257,0.025141234360370746,15.0,1.1,15.0,1.0,13.636363636363635,0.09619619178349216,149.47646075491647,1e-08,1e+18,1.0,38,0.197970178125,0.22202982187499998,0.0053465875,0.04,0.3,False,True,False,True,False,False,2,"ConvergenceWarning: lbfgs failed to converge (status=2):
ABNORMAL_TERMINATION_IN_LNSRCH.

Increase the number of iterations (max_iter) or scale the data as shown in:
    https://scikit-learn.org/stable/modules/preprocessing.html | ConvergenceWarning: The optimal value found for dimension 0 of parameter k2__length_scale is close to the specified upper bound 0.3771185154055612. Increasing the bound and calling fit again may find a better value.",378,253,125,0.04,0.3,0.0006250000000000006,d7e1e1b95f957758aef31e8a8ced8be4e4b049242d8a00aab9076ff074cd6183,True,-0.3579936184281854,-8.322882859055803e-06,3,1,True,False,3
2021_10pct_x10,19,0.21,210,20,2,1024534754,v4p8_rigid_length_scan_common_v1,False,12,True,True,,1996.1922492189326,0.3911939476714237,0.027655357796407824,0.5028246872074149,0.11792284186529728,0.025141234360370746,15.559854463154327,1.1,20.0,0.7779927231577164,14.145322239231206,0.10053650980958409,225.43191473900185,1e-08,1e+18,1.0,38,0.197970178125,0.22202982187499998,0.0053465875,0.04,0.3,False,False,False,False,False,False,1,"ConvergenceWarning: lbfgs failed to converge (status=2):
ABNORMAL_TERMINATION_IN_LNSRCH.

Increase the number of iterations (max_iter) or scale the data as shown in:
    https://scikit-learn.org/stable/modules/preprocessing.html",378,253,125,0.04,0.3,0.0006250000000000006,d7e1e1b95f957758aef31e8a8ced8be4e4b049242d8a00aab9076ff074cd6183,True,-0.40698735133599123,-9.744324785917267e-06,3,0,True,False,3
2021_10pct_x10,19,0.21,210,25,2,1024534754,v4p8_rigid_length_scan_common_v1,False,12,True,True,,1996.1922545159462,0.39120025438718464,0.027655357796407824,0.6285308590092686,0.1318417452553814,0.025141234360370746,15.560105314630853,1.1,25.0,0.6224042125852342,14.145550286028046,0.1005384682812606,225.49231466040592,1e-08,1e+18,1.0,38,0.197970178125,0.22202982187499998,0.0053465875,0.04,0.3,False,False,False,False,False,False,1,"ConvergenceWarning: lbfgs failed to converge (status=2):
ABNORMAL_TERMINATION_IN_LNSRCH.

Increase the number of iterations (max_iter) or scale the data as shown in:
    https://scikit-learn.org/stable/modules/preprocessing.html",378,253,125,0.04,0.3,0.0006250000000000006,d7e1e1b95f957758aef31e8a8ced8be4e4b049242d8a00aab9076ff074cd6183,True,-0.40575454844547565,-9.714896895579163e-06,3,1,True,False,3
2021_10pct_x10,19,0.23,230,15,0,3036386616,v4p8_rigid_length_scan_common_v1,False,12,True,True,,1977.0188027509885,0.38666349143393614,0.02867627629665082,0.39104013131796567,0.1058941681527014,0.026069342087864378,14.832115445442449,1.1,15.0,0.98880769636283,13.483741314038589,0.10857404075598329,209.07713941427718,1e-08,1e+18,1.0,44,0.216331728125,0.243668271875,0.006074787500000001,0.04,0.3,False,False,False,True,False,False,1,"ConvergenceWarning: lbfgs failed to converge (status=2):
ABNORMAL_TERMINATION_IN_LNSRCH.

Increase the number of iterations (max_iter) or scale the data as shown in:
    https://scikit-learn.org/stable/modules/preprocessing.html",372,282,90,0.04,0.3,0.0006250000000000006,e4808c35d60e0437ff1ca342c833f6757c9f8f8502064db96f267b7203105b18,True,-0.13444989132363225,-4.865098852883122e-06,3,0,True,True,3
2021_10pct_x10,19,0.23,230,20,0,3036386616,v4p8_rigid_length_scan_common_v1,False,12,True,True,,1977.0187726484637,0.3865218997618532,0.02867627629665082,0.5213868417572876,0.12227605297714732,0.026069342087864378,14.826684097324582,1.1,20.0,0.7413342048662291,13.478803724840528,0.10852610488516892,207.75302087521123,1e-08,1e+18,1.0,44,0.216331728125,0.243668271875,0.006074787500000001,0.04,0.3,False,False,False,False,False,False,2,"ConvergenceWarning: lbfgs failed to converge (status=2):
ABNORMAL_TERMINATION_IN_LNSRCH.

Increase the number of iterations (max_iter) or scale the data as shown in:
    https://scikit-learn.org/stable/modules/preprocessing.html | ConvergenceWarning: lbfgs failed to converge (status=2):
ABNORMAL_TERMINATION_IN_LNSRCH.

Increase the number of iterations (max_iter) or scale the data as shown in:
    https://scikit-learn.org/stable/modules/preprocessing.html",372,282,90,0.04,0.3,0.0006250000000000006,e4808c35d60e0437ff1ca342c833f6757c9f8f8502064db96f267b7203105b18,True,-0.12313717831237136,-4.454825503979425e-06,3,2,True,False,3
2021_10pct_x10,19,0.23,230,25,0,3036386616,v4p8_rigid_length_scan_common_v1,False,12,True,True,,1977.0187820445053,0.38658683571395436,0.02867627629665082,0.6517335521966094,0.13670878323863347,0.026069342087864378,14.829174990722747,1.1,25.0,0.5931669996289098,13.481068173384314,0.10854808811384392,208.1868832664739,1e-08,1e+18,1.0,44,0.216331728125,0.243668271875,0.006074787500000001,0.04,0.3,False,False,False,False,False,False,0,,372,282,90,0.04,0.3,0.0006250000000000006,e4808c35d60e0437ff1ca342c833f6757c9f8f8502064db96f267b7203105b18,True,-0.1316769348939587,-4.764612291874803e-06,3,0,True,True,3
2021_10pct_x10,19,0.23,230,15,1,1434576800,v4p8_rigid_length_scan_common_v1,False,12,True,True,,1977.0187918555348,0.38658080499611064,0.02867627629665082,0.39104013131796567,0.1058941681527014,0.026069342087864378,14.82894365700426,1.1,15.0,0.988596243800284,13.48085787000387,0.10854604643200444,208.48264334687545,1e-08,1e+18,1.0,44,0.216331728125,0.243668271875,0.006074787500000001,0.04,0.3,False,False,False,True,False,False,3,"ConvergenceWarning: lbfgs failed to converge (status=2):
ABNORMAL_TERMINATION_IN_LNSRCH.

Increase the number of iterations (max_iter) or scale the data as shown in:
    https://scikit-learn.org/stable/modules/preprocessing.html | ConvergenceWarning: lbfgs failed to converge (status=2):
ABNORMAL_TERMINATION_IN_LNSRCH.

Increase the number of iterations (max_iter) or scale the data as shown in:
    https://scikit-learn.org/stable/modules/preprocessing.html | ConvergenceWarning: lbfgs failed to converge (status=2):
ABNORMAL_TERMINATION_IN_LNSRCH.

Increase the number of iterations (max_iter) or scale the data as shown in:
    https://scikit-learn.org/stable/modules/preprocessing.html",372,282,90,0.04,0.3,0.0006250000000000006,e4808c35d60e0437ff1ca342c833f6757c9f8f8502064db96f267b7203105b18,True,-0.13581934272717675,-4.913649047701457e-06,3,0,True,False,3
2021_10pct_x10,19,0.23,230,20,1,1434576800,v4p8_rigid_length_scan_common_v1,False,12,True,True,,1977.0188018394051,0.3865954093118575,0.02867627629665082,0.5213868417572876,0.12227605297714732,0.026069342087864378,14.829503867373115,1.1,20.0,0.7414751933686557,13.481367152157375,0.10855099070146508,208.46790938638162,1e-08,1e+18,1.0,44,0.216331728125,0.243668271875,0.006074787500000001,0.04,0.3,False,False,False,False,False,False,2,"ConvergenceWarning: lbfgs failed to converge (status=2):
ABNORMAL_TERMINATION_IN_LNSRCH.

Increase the number of iterations (max_iter) or scale the data as shown in:
    https://scikit-learn.org/stable/modules/preprocessing.html | ConvergenceWarning: lbfgs failed to converge (status=2):
ABNORMAL_TERMINATION_IN_LNSRCH.

Increase the number of iterations (max_iter) or scale the data as shown in:
    https://scikit-learn.org/stable/modules/preprocessing.html",372,282,90,0.04,0.3,0.0006250000000000006,e4808c35d60e0437ff1ca342c833f6757c9f8f8502064db96f267b7203105b18,True,-0.13398558963471044,-4.847751988986145e-06,3,2,True,False,3
2021_10pct_x10,19,0.23,230,25,1,1434576800,v4p8_rigid_length_scan_common_v1,False,12,True,True,,1977.0187763880494,0.38659563260874047,0.02867627629665082,0.6517335521966094,0.13670878323863347,0.026069342087864378,14.829512432870557,1.1,25.0,0.5931804973148223,13.481374938973232,0.1085510662988545,208.46702328458693,1e-08,1e+18,1.0,44,0.216331728125,0.243668271875,0.006074787500000001,0.04,0.3,False,False,False,False,False,False,1,"ConvergenceWarning: lbfgs failed to converge (status=2):
ABNORMAL_TERMINATION_IN_LNSRCH.

Increase the number of iterations (max_iter) or scale the data as shown in:
    https://scikit-learn.org/stable/modules/preprocessing.html",372,282,90,0.04,0.3,0.0006250000000000006,e4808c35d60e0437ff1ca342c833f6757c9f8f8502064db96f267b7203105b18,True,-0.1652152463047018,-5.977690670278473e-06,3,0,True,False,3
2021_10pct_x10,19,0.23,230,15,2,950183256,v4p8_rigid_length_scan_common_v1,False,12,True,True,,1977.0187600194454,0.38659497758358635,0.02867627629665082,0.39104013131796567,0.1058941681527014,0.026069342087864378,14.829487306607227,1.1,15.0,0.9886324871071485,13.48135209691566,0.10855084453946277,208.46138181156803,1e-08,1e+18,1.0,44,0.216331728125,0.243668271875,0.006074787500000001,0.04,0.3,False,False,False,True,False,False,1,"ConvergenceWarning: lbfgs failed to converge (status=2):
ABNORMAL_TERMINATION_IN_LNSRCH.

Increase the number of iterations (max_iter) or scale the data as shown in:
    https://scikit-learn.org/stable/modules/preprocessing.html",372,282,90,0.04,0.3,0.0006250000000000006,e4808c35d60e0437ff1ca342c833f6757c9f8f8502064db96f267b7203105b18,True,-0.1339372725901023,-4.8460055547077675e-06,3,0,True,False,3
2021_10pct_x10,19,0.23,230,20,2,950183256,v4p8_rigid_length_scan_common_v1,False,12,True,True,,1977.0188389060395,0.38657638459234267,0.02867627629665082,0.5213868417572876,0.12227605297714732,0.026069342087864378,14.828774093700625,1.1,20.0,0.7414387046850313,13.480703721546021,0.10854454992509273,207.95816564417882,1e-08,1e+18,1.0,44,0.216331728125,0.243668271875,0.006074787500000001,0.04,0.3,False,False,False,False,False,False,1,"ConvergenceWarning: lbfgs failed to converge (status=2):
ABNORMAL_TERMINATION_IN_LNSRCH.

Increase the number of iterations (max_iter) or scale the data as shown in:
    https://scikit-learn.org/stable/modules/preprocessing.html",372,282,90,0.04,0.3,0.0006250000000000006,e4808c35d60e0437ff1ca342c833f6757c9f8f8502064db96f267b7203105b18,True,-0.14536669368710622,-5.260205659082961e-06,3,2,True,True,3
2021_10pct_x10,19,0.23,230,25,2,950183256,v4p8_rigid_length_scan_common_v1,False,12,True,True,,1977.0187621499063,0.3865994283510141,0.02867627629665082,0.6517335521966094,0.13670878323863347,0.026069342087864378,14.829658034637598,1.1,25.0,0.593186321385504,13.481507304215997,0.10855235135388748,208.49766087957613,1e-08,1e+18,1.0,44,0.216331728125,0.243668271875,0.006074787500000001,0.04,0.3,False,False,False,False,False,False,1,"ConvergenceWarning: lbfgs failed to converge (status=2):
ABNORMAL_TERMINATION_IN_LNSRCH.

Increase the number of iterations (max_iter) or scale the data as shown in:
    https://scikit-learn.org/stable/modules/preprocessing.html",372,282,90,0.04,0.3,0.0006250000000000006,e4808c35d60e0437ff1ca342c833f6757c9f8f8502064db96f267b7203105b18,True,-0.14419114687105056,-5.217049509602932e-06,3,0,True,False,3
2021_10pct_x10,19,0.25,250,15,0,2893962527,v4p8_rigid_length_scan_common_v1,False,12,True,True,,1962.154952083429,0.38809402447684205,0.029827349120775296,0.4067365789196631,0.1101447862571196,0.02711577192797754,14.312482989887299,1.1,15.0,0.9541655326591533,13.011348172624816,0.11854209642082963,205.04993397115797,1e-08,1e+18,1.0,50,0.234538703125,0.265461296875,0.006871687500000001,0.04,0.3,False,False,False,False,False,False,2,"ConvergenceWarning: lbfgs failed to converge (status=2):
ABNORMAL_TERMINATION_IN_LNSRCH.

Increase the number of iterations (max_iter) or scale the data as shown in:
    https://scikit-learn.org/stable/modules/preprocessing.html | ConvergenceWarning: lbfgs failed to converge (status=2):
ABNORMAL_TERMINATION_IN_LNSRCH.

Increase the number of iterations (max_iter) or scale the data as shown in:
    https://scikit-learn.org/stable/modules/preprocessing.html",366,311,55,0.04,0.3,0.0006250000000000006,94d3fded426beeb0aa4ac5526ae508bd6974ebef9abb3160f1d0225f11f306eb,True,-0.0522396051762248,-2.3809617820240805e-06,3,0,True,True,3
2021_10pct_x10,19,0.25,250,20,0,2893962527,v4p8_rigid_length_scan_common_v1,False,12,True,True,,1962.1548762579366,0.38810101501024247,0.029827349120775296,0.5423154385595508,0.1271842439907636,0.02711577192797754,14.312740793110418,1.1,20.0,0.715637039655521,13.011582539191288,0.11854467273566904,205.07793023039477,1e-08,1e+18,1.0,50,0.234538703125,0.265461296875,0.006871687500000001,0.04,0.3,False,False,False,False,False,False,0,,366,311,55,0.04,0.3,0.0006250000000000006,94d3fded426beeb0aa4ac5526ae508bd6974ebef9abb3160f1d0225f11f306eb,True,-0.057628445324582854,-2.6266310782453578e-06,3,1,True,False,2
2021_10pct_x10,19,0.25,250,25,0,2893962527,v4p8_rigid_length_scan_common_v1,False,12,True,True,,1962.1549520321894,0.38810764929745195,0.029827349120775296,0.6778942981994385,0.14219630761513327,0.02711577192797754,14.312985458363803,1.1,25.0,0.5725194183345521,13.011804962148911,0.11854711777498805,205.09788456745054,1e-08,1e+18,1.0,50,0.234538703125,0.265461296875,0.006871687500000001,0.04,0.3,False,False,False,False,False,False,0,,366,311,55,0.04,0.3,0.0006250000000000006,94d3fded426beeb0aa4ac5526ae508bd6974ebef9abb3160f1d0225f11f306eb,True,-0.0603823266361751,-2.752216926138357e-06,3,0,True,True,2
2021_10pct_x10,19,0.25,250,15,1,2315207774,v4p8_rigid_length_scan_common_v1,False,12,True,True,,1962.1549428481273,0.3879813010877825,0.029827349120775296,0.4067365789196631,0.1101447862571196,0.02711577192797754,14.308325874635004,1.1,15.0,0.9538883916423336,13.007568976940911,0.11850055544807359,204.02370844551882,1e-08,1e+18,1.0,50,0.234538703125,0.265461296875,0.006871687500000001,0.04,0.3,False,False,False,False,False,False,1,"ConvergenceWarning: lbfgs failed to converge (status=2):
ABNORMAL_TERMINATION_IN_LNSRCH.

Increase the number of iterations (max_iter) or scale the data as shown in:
    https://scikit-learn.org/stable/modules/preprocessing.html",366,311,55,0.04,0.3,0.0006250000000000006,94d3fded426beeb0aa4ac5526ae508bd6974ebef9abb3160f1d0225f11f306eb,True,-0.05626322633378018,-2.5640816835353374e-06,3,0,True,False,3
2021_10pct_x10,19,0.25,250,20,1,2315207774,v4p8_rigid_length_scan_common_v1,False,12,True,True,,1962.1549547036946,0.3881023151816804,0.029827349120775296,0.5423154385595508,0.1271842439907636,0.02711577192797754,14.312788742010468,1.1,20.0,0.7156394371005235,13.011626129100424,0.11854515190723763,205.0756874168596,1e-08,1e+18,1.0,50,0.234538703125,0.265461296875,0.006871687500000001,0.04,0.3,False,False,False,False,False,False,0,,366,311,55,0.04,0.3,0.0006250000000000006,94d3fded426beeb0aa4ac5526ae508bd6974ebef9abb3160f1d0225f11f306eb,True,-0.05783743770428393,-2.636176886644357e-06,3,1,True,True,2
2021_10pct_x10,19,0.25,250,25,1,2315207774,v4p8_rigid_length_scan_common_v1,False,12,True,True,,1962.1549102626448,0.3882056192207058,0.029827349120775296,0.6778942981994385,0.14219630761513327,0.02711577192797754,14.316598481939678,1.1,25.0,0.5726639392775872,13.01508952903607,0.11858322607656674,205.19306962536677,1e-08,1e+18,1.0,50,0.234538703125,0.265461296875,0.006871687500000001,0.04,0.3,False,False,False,False,False,False,1,"ConvergenceWarning: lbfgs failed to converge (status=2):
ABNORMAL_TERMINATION_IN_LNSRCH.

Increase the number of iterations (max_iter) or scale the data as shown in:
    https://scikit-learn.org/stable/modules/preprocessing.html",366,311,55,0.04,0.3,0.0006250000000000006,94d3fded426beeb0aa4ac5526ae508bd6974ebef9abb3160f1d0225f11f306eb,True,-0.06077639712664043,-2.7714193644442283e-06,3,0,True,False,2
2021_10pct_x10,19,0.25,250,15,2,525893913,v4p8_rigid_length_scan_common_v1,False,12,True,True,,1962.1549387638681,0.38810835255710485,0.029827349120775296,0.4067365789196631,0.1101447862571196,0.02711577192797754,14.313011393810331,1.1,15.0,0.9542007595873554,13.011828539827572,0.11854737695939727,205.1344920462349,1e-08,1e+18,1.0,50,0.234538703125,0.265461296875,0.006871687500000001,0.04,0.3,False,False,False,False,False,False,1,"ConvergenceWarning: lbfgs failed to converge (status=2):
ABNORMAL_TERMINATION_IN_LNSRCH.

Increase the number of iterations (max_iter) or scale the data as shown in:
    https://scikit-learn.org/stable/modules/preprocessing.html",366,311,55,0.04,0.3,0.0006250000000000006,94d3fded426beeb0aa4ac5526ae508bd6974ebef9abb3160f1d0225f11f306eb,True,-0.05478282799421669,-2.4969605124853104e-06,3,0,True,False,3
2021_10pct_x10,19,0.25,250,20,2,525893913,v4p8_rigid_length_scan_common_v1,False,12,True,True,,1152.4996383407454,0.1271842439907636,0.029827349120775296,0.5423154385595508,0.1271842439907636,0.02711577192797754,4.690415759823431,1.1,20.0,0.23452078799117151,4.264014327112209,0.033906557704138474,1.0,1e-08,1e+18,1.0,50,0.234538703125,0.265461296875,0.006871687500000001,0.04,0.3,False,False,False,False,False,False,0,,366,311,55,0.04,0.3,0.0006250000000000006,94d3fded426beeb0aa4ac5526ae508bd6974ebef9abb3160f1d0225f11f306eb,True,-0.00017513435005096396,-5.866813434905778e-10,3,1,False,False,2
2021_10pct_x10,19,0.25,250,25,2,525893913,v4p8_rigid_length_scan_common_v1,False,12,True,True,,1241.5061171024934,0.14219630761513327,0.029827349120775296,0.6778942981994385,0.14219630761513327,0.02711577192797754,5.244044240850758,1.1,25.0,0.20976176963403032,4.767312946227961,0.038200732579957375,1.0,1e-08,1e+18,1.0,50,0.234538703125,0.265461296875,0.006871687500000001,0.04,0.3,False,False,False,False,False,False,0,,366,311,55,0.04,0.3,0.0006250000000000006,94d3fded426beeb0aa4ac5526ae508bd6974ebef9abb3160f1d0225f11f306eb,True,-0.00017361255958869284,-9.004238580932216e-10,3,0,False,False,2
