model,scenario,mass_GeV,mass_MeV,inj_nsigma,n_generated,raw_n,raw_pull_mean,raw_pull_width,raw_pull_median,raw_pull_mad_scaled,raw_pull_trimmed_mean_10pct,raw_pull_mean_ci90_low,raw_pull_mean_ci90_high,raw_pull_width_ci90_low,raw_pull_width_ci90_high,raw_max_leave_one_out_mean_change,accepted_n,accepted_pull_mean,accepted_pull_width,accepted_pull_median,accepted_pull_mad_scaled,accepted_pull_trimmed_mean_10pct,accepted_pull_mean_ci90_low,accepted_pull_mean_ci90_high,accepted_pull_width_ci90_low,accepted_pull_width_ci90_high,accepted_max_leave_one_out_mean_change,n_excluded,sample_size_eligible,accepted_nominal_Z_residual_mean,accepted_upper_boundary_fraction,accepted_lower_boundary_fraction,accepted_constant_lower_boundary_fraction,accepted_constant_upper_boundary_fraction,accepted_pull_identity_max_abs_residual,accepted_ls_at_lower_fraction,accepted_ls_at_upper_fraction,accepted_const_at_lower_fraction,accepted_const_at_upper_fraction,accepted_min_y_train,accepted_max_y_train,accepted_max_n_zero_train,accepted_median_recovery,accepted_recovery_q16,accepted_recovery_q84
regional_blend,2021_10pct,0.065,65.0,0.0,20,20,-0.7761207398068908,0.6400205358797466,-0.7104097269839653,0.46945876878546355,-0.7695728860803515,-1.0235820244755636,-0.5286594551382179,0.5081286410130881,0.8770907970997592,0.054419285696465036,20,-0.776127760061202,0.6400104046975238,-0.7104602217091622,0.469466458634262,-0.7695808190589619,-1.023585127550304,-0.5286703925720999,0.5081205976089063,0.8770769132223002,0.05441965518353398,0,True,-0.776127760061202,0.0,0.0,0.0,0.0,0.0,0.0,0.0,0.0,0.0,4072.0,1156477.0,0,,,
regional_blend,2021_10pct,0.065,65.0,1.0,20,20,-0.9626385230031473,1.1077241235225976,-0.742098365715827,0.47937034398684863,-0.7962100583662182,-1.390935459270339,-0.5343415867359557,0.8794504581470314,1.5180366566388055,0.20791273641004582,20,-0.8039424997681381,0.641049383213742,-0.742098365715827,0.47937034398684863,-0.7961775756314151,-1.0518015839896777,-0.5560834155465986,0.5089454691745696,0.8785007401838942,0.05571721066269575,0,True,-0.8041351676946965,0.0,0.0,0.0,0.0,0.0,0.0,0.0,0.0,0.0,4072.0,1156477.0,0,0.2578033315105116,-0.7176949654060863,0.9565669720824568
regional_blend,2021_10pct,0.065,65.0,3.0,20,20,-1.4223708977015188,1.9687684336104645,-0.8208971158269047,0.4965162836743039,-1.0634050962719486,-2.183587043878296,-0.6611547515247417,1.5630555154997623,2.698020732048343,0.41688810208693683,20,-0.853074525643805,0.6249999411311161,-0.7718732641240523,0.4356479892965586,-0.844006209008767,-1.0947281596753395,-0.6114208916122704,0.49620340741673363,0.8565064178768648,0.054115732797840654,0,True,-0.8547788351204522,0.0,0.0,0.0,0.0,0.0,0.0,0.0,0.0,0.0,4072.0,1156477.0,0,0.7425525091828389,0.4217608843539352,0.9603003768866811
regional_blend,2021_10pct,0.065,65.0,5.0,20,20,-1.2151255516742188,1.5918975776531754,-0.806069319216953,0.7501963955980084,-0.956787173498273,-1.8306261450817705,-0.5996249582666671,1.2638481227060452,2.181552992461071,0.32274745159807483,20,-0.9219077687294165,0.6487127596119131,-0.806069319216953,0.4434328203161176,-0.9105776259358271,-1.1727298656389542,-0.6710856718198789,0.5150296193173801,0.8890027108813005,0.05563283245801576,0,True,-0.9266303332729177,0.0,0.0,0.0,0.0,0.0,0.0,0.0,0.0,0.0,4072.0,1156477.0,0,0.838671996915092,0.6368505996113385,0.9656037081961297
regional_blend,2021_10pct,0.09,90.0,0.0,20,20,-1.5860849255544343,3.0146272191197223,-1.1282748699087368,1.5780027892975732,-0.9770370698369482,-2.751678031742955,-0.42049181936591373,2.3933895025833714,4.1312764862175415,0.5317199184908403,20,-0.7141965453741994,1.2624893092292924,-0.8687213540607962,0.8225367571976132,-0.627891003620412,-1.2023327985538101,-0.22606029219458873,1.0023224897158072,1.7301284763304818,0.1413216639712812,0,True,-0.7141965453741994,0.0,0.0,0.0,0.0,0.0,0.0,0.0,0.0,0.0,4072.0,1156477.0,0,,,
regional_blend,2021_10pct,0.09,90.0,1.0,20,20,-0.7392780137790319,1.2633310955631825,-0.9078075238577761,0.8132812376843966,-0.6580169116904679,-1.2277397401519592,-0.2508162874061046,1.0029908053742649,1.7312820690750714,0.14048141967900218,20,-0.7392780137790319,1.2633310955631825,-0.9078075238577761,0.8132812376843966,-0.6580169116904679,-1.2277397401519592,-0.2508162874061046,1.0029908053742649,1.7312820690750714,0.14048141967900218,0,True,-0.7395485454966416,0.0,0.0,0.0,0.0,0.0,0.0,0.0,0.0,0.0,4072.0,1156477.0,0,0.09193110926245707,-0.4349138827647519,1.6751574779884288
regional_blend,2021_10pct,0.09,90.0,3.0,20,20,-0.7933401748969622,1.2518797240023871,-0.9506636607367813,0.8020702402561258,-0.7084906015288882,-1.277374275969152,-0.3093060738247723,0.9938992691770323,1.715588990420435,0.1388640212515726,20,-0.7933401748969622,1.2518797240023871,-0.9506636607367813,0.8020702402561258,-0.7084906015288882,-1.277374275969152,-0.3093060738247723,0.9938992691770323,1.715588990420435,0.1388640212515726,0,True,-0.7959442804850229,0.0,0.0,0.0,0.0,0.0,0.0,0.0,0.0,0.0,4072.0,1156477.0,0,0.6828118465711137,0.5045549949189219,1.2052252218808546
regional_blend,2021_10pct,0.09,90.0,5.0,20,20,-0.8355071421556104,1.282939221558593,-0.9848722647873349,0.8495603006549897,-0.7399131854399452,-1.3315502690879741,-0.3394640152232467,1.0185581971317277,1.7581532488182454,0.14540480257861788,20,-0.8355071421556104,1.282939221558593,-0.9848722647873349,0.8495603006549897,-0.7399131854399452,-1.3315502690879741,-0.3394640152232467,1.0185581971317277,1.7581532488182454,0.14540480257861788,0,True,-0.8426739744284923,0.0,0.0,0.0,0.0,0.0,0.0,0.0,0.0,0.0,4072.0,1156477.0,0,0.8027127551457488,0.6946434845062319,1.1073179725190774
regional_blend,2021_10pct,0.12,120.0,0.0,20,20,-0.4778516555600863,0.899789340989669,-0.3879293911738114,1.1942738657572054,-0.44520290782673977,-0.8257514709096334,-0.12995184021053913,0.7143657264163903,1.2330806686158862,0.08797021702657776,20,-0.4778105274000132,0.8998051711767842,-0.38785629322785314,1.1942100339733968,-0.44516115090276964,-0.8257164634257269,-0.12990459137429944,0.7143782944060326,1.2331023624689061,0.08797238166658156,0,True,-0.4778105274000132,0.0,0.0,0.0,0.0,0.0,0.0,0.0,0.0,0.0,4072.0,1156477.0,0,,,
regional_blend,2021_10pct,0.12,120.0,1.0,20,20,-1.0993999553940108,2.6638306727711796,-0.5313997632269208,1.3672449347414837,-0.5863640962843605,-2.129359032437794,-0.06944087835022761,2.1148831697777295,3.6505412516304814,0.5615682676147494,20,-0.5074749082881105,0.8984687810833639,-0.40267457597141,1.182281677966871,-0.4694972531733887,-0.8548641346290613,-0.16008568194715972,0.7133173001973085,1.2312709595895235,0.08944176540108778,0,True,-0.5074810793538286,0.0,0.0,0.0,0.0,0.0,0.0,0.0,0.0,0.0,4072.0,1156477.0,0,0.5973553299884732,-0.4943746835371601,1.4318538771081422
regional_blend,2021_10pct,0.12,120.0,3.0,20,20,-1.0542825951966497,2.645052107905134,-0.4674355847290016,1.2661690013040228,-0.532781319250292,-2.0769810180497075,-0.03158417234359212,2.099974387776783,3.6248069110845025,0.556787938658938,20,-0.5520873719825786,0.9097828890773928,-0.4674355847290016,1.2661690013040228,-0.5140294744025729,-0.9038511512357011,-0.2003235927294561,0.7222998593450065,1.2467759308250403,0.08898567305245475,0,True,-0.5521669930834529,0.0,0.0,0.0,0.0,0.0,0.0,0.0,0.0,0.0,4072.0,1156477.0,0,0.8441956707942581,0.48488378392243964,1.1324204725264917
regional_blend,2021_10pct,0.12,120.0,5.0,20,20,-1.0531096224295347,2.267428124217963,-0.5217433592490277,1.1986306073087292,-0.634361122124476,-1.9298012988014337,-0.1764179460576355,1.8001690676534876,3.1073070774254172,0.4666391166455137,20,-0.6078340330707988,0.891805472501231,-0.5217433592490277,1.1676013174048896,-0.5849946536131526,-0.9526469187954099,-0.26302114734618764,0.7080271294220285,1.2221394922256033,0.08695877240784433,0,True,-0.607990617381299,0.0,0.0,0.0,0.0,0.0,0.0,0.0,0.0,0.0,4072.0,1156477.0,0,0.8956708186170987,0.6807987173585789,1.0549059517311261
regional_blend,2021_10pct,0.18,180.0,0.0,20,20,0.3669644049443564,0.9599014451268076,0.4204681032738981,0.8473534200676288,0.47284995178753975,-0.004177506056803282,0.7381063159455161,0.7620902603513148,1.3154589211519783,0.11672751545245647,20,0.3669575073372719,0.9599214547773871,0.4204686410772766,0.847355780351134,0.4728477863108802,-0.004192140312261672,0.7381071549868055,0.7621061465236891,1.3154863425851864,0.11673053595334554,0,True,0.3669575073372719,0.0,0.0,0.0,0.0,0.0,0.0,0.0,0.0,0.0,4072.0,1156477.0,0,,,
regional_blend,2021_10pct,0.18,180.0,1.0,20,20,0.3405380944908273,0.9550375670502045,0.3738479767787027,0.8700542025777052,0.4417174818734189,-0.028723218232882486,0.709799407214537,0.7582287033878018,1.3087934120627427,0.11486025357590762,20,0.3405380944908273,0.9550375670502045,0.3738479767787027,0.8700542025777052,0.4417174818734189,-0.028723218232882486,0.709799407214537,0.7582287033878018,1.3087934120627427,0.11486025357590762,0,True,0.340346418116093,0.0,0.0,0.0,0.0,0.0,0.0,0.0,0.0,0.0,4072.0,1156477.0,0,1.3739160420401082,0.6866080982862127,2.2498721073851478
regional_blend,2021_10pct,0.18,180.0,3.0,20,20,0.28733816308763016,0.97228219093798,0.3636491701259732,0.8153051046161551,0.39200075229700543,-0.08859071191207946,0.6632670380873398,0.7719196504897297,1.3324256239426695,0.11753859012023099,20,0.28733816308763016,0.97228219093798,0.3636491701259732,0.8153051046161551,0.39200075229700543,-0.08859071191207946,0.6632670380873398,0.7719196504897297,1.3324256239426695,0.11753859012023099,0,True,0.2856048184176517,0.0,0.0,0.0,0.0,0.0,0.0,0.0,0.0,0.0,4072.0,1156477.0,0,1.1212893071640466,0.9030104520088761,1.397161257914598
regional_blend,2021_10pct,0.18,180.0,5.0,20,20,0.20715648913509144,0.9428861629436407,0.2538643750807613,0.8277011655016439,0.3114314875832328,-0.15740653360858647,0.5717195118787693,0.7485813934830002,1.292141001528669,0.11655964926559648,20,0.20715648913509144,0.9428861629436407,0.2538643750807613,0.8277011655016439,0.3114314875832328,-0.15740653360858647,0.5717195118787693,0.7485813934830002,1.292141001528669,0.11655964926559648,0,True,0.2024013719067259,0.0,0.0,0.0,0.0,0.0,0.0,0.0,0.0,0.0,4072.0,1156477.0,0,1.0508183832497064,0.9126291620090121,1.233138394043169
regional_blend,2021_10pct,0.21,210.0,0.0,20,20,4.280260607304744,1.4401144801796832,4.4586396626563705,0.893794670382879,4.413712443051336,3.723446318767319,4.837074895842168,1.143343647108322,1.9735478574909813,0.2224982294031772,20,4.4720710851684045,1.0500999088016139,4.458619394868732,0.858477236473271,4.483152201619394,4.066054312432649,4.87808785790416,0.8337011231270666,1.4390678336268958,0.11836442714062123,0,True,4.4720710851684045,0.0,0.0,0.0,0.0,0.0,0.0,0.0,0.0,0.0,4072.0,1156477.0,0,,,
regional_blend,2021_10pct,0.21,210.0,1.0,20,20,4.435465280299974,1.0469075501206626,4.437498117021709,0.8534070686322706,4.440317357256614,4.030682819802693,4.840247740797255,0.8311666280800469,1.434692992097389,0.1163945082615303,20,4.435465280299974,1.0469075501206626,4.437498117021709,0.8534070686322706,4.440317357256614,4.030682819802693,4.840247740797255,0.8311666280800469,1.434692992097389,0.1163945082615303,0,True,4.434816511018448,0.0,0.0,0.0,0.0,0.0,0.0,0.0,0.0,0.0,4072.0,1156477.0,0,5.4403473690235415,4.792919162490112,6.469145492293596
regional_blend,2021_10pct,0.21,210.0,3.0,20,20,4.340255927517863,1.064498455396616,4.2868575513514635,0.7765665291343847,4.354893410032458,3.9286720164826106,4.751839838553116,0.845132496815452,1.4587997515921989,0.11893586772985909,20,4.340255927517863,1.064498455396616,4.2868575513514635,0.7765665291343847,4.354893410032458,3.9286720164826106,4.751839838553116,0.845132496815452,1.4587997515921989,0.11893586772985909,0,True,4.334361460442505,0.0,0.0,0.0,0.0,0.0,0.0,0.0,0.0,0.0,4072.0,1156477.0,0,2.4318688695562845,2.2549073116460407,2.788899279927119
regional_blend,2021_10pct,0.21,210.0,5.0,20,20,4.724750830756295,2.239515195817075,4.251778188895044,0.8663542833259287,4.4042304434243045,3.8588515723361945,5.590650089176395,1.7780082812725584,3.0690549101150806,0.441582266355967,20,4.2497569207114685,1.0667038538291556,4.19508919389904,0.8510097963159459,4.254415607466746,3.8373203015227615,4.6621935399001755,0.846883418927472,1.4618220525351833,0.1210431922102142,0,True,4.233303458483558,0.0,0.0,0.0,0.0,0.0,0.0,0.0,0.0,0.0,4072.0,1156477.0,0,1.8419798645297747,1.7251630283643125,2.0508144104046626
regional_blend,2021_10pct_x10,0.065,65.0,0.0,20,20,-0.012054977337892837,1.1709824322403035,0.16852401544874204,1.345278655413308,-0.013078067151182766,-0.4648104762037575,0.4407005215279718,0.9296728442105211,1.6047265006453424,0.10246081191038604,20,0.011566100195798724,1.1908268657767158,0.1979237643258071,1.3453077151005333,0.01645143085013228,-0.44886216655975963,0.4719943669513571,0.9454278465569245,1.6319215186997558,0.10370650982059643,0,True,0.011566100195798724,0.0,0.0,0.0,0.0,0.0,0.0,0.0,0.0,0.0,41666.0,11547471.0,0,,,
regional_blend,2021_10pct_x10,0.065,65.0,1.0,20,20,-0.045112259466201766,1.1327371064340934,-0.20750409386743401,1.2781432079055677,-0.05176473489751457,-0.4830803617939733,0.3928558428615697,0.8993089037780477,1.5523147084977675,0.10203331808897093,20,-0.00697573475367731,1.1973053405278233,0.1906566474071797,1.344395795203036,-0.0018593157594817,-0.4699088768917091,0.45595740738435453,0.9505712730355654,1.6407996878597952,0.10404050360015638,0,True,-0.006716120150003779,0.0,0.0,0.0,0.0,0.0,0.0,0.0,0.0,0.0,41666.0,11547471.0,0,1.1905871431167974,-0.45890434281060266,2.0290754898593417
regional_blend,2021_10pct_x10,0.065,65.0,3.0,20,20,-0.1308095162719005,1.1934810094569541,0.1471276802041721,1.3850336512487054,-0.13988038908645484,-0.5922639966690324,0.3306449641252315,0.947535038976054,1.6355587847960968,0.10425361938686051,20,-0.03156152866943758,1.2138664800281427,0.1471276802041721,1.3850336512487054,-0.022659095798799676,-0.5008979666809258,0.43777490934205066,0.9637195844352274,1.6634952456284988,0.10542575581495817,0,True,-0.029208112838596124,0.0,0.0,0.0,0.0,0.0,0.0,0.0,0.0,0.0,41666.0,11547471.0,0,1.0489855378195938,0.4991426980137356,1.3463640436752184
regional_blend,2021_10pct_x10,0.065,65.0,5.0,20,20,-0.06010672605870996,1.2976664558373598,-0.18740346975605846,1.6474488596246406,-0.09611476959876919,-0.5618440770197303,0.44163062490231036,1.0302505243625484,1.7783356038029696,0.11791696158536574,20,-0.0744928586130878,1.206610905962796,0.08926686308233744,1.347199815986285,-0.07365331223087347,-0.5410239590165391,0.3920382417903635,0.9579591989742724,1.6535521314881945,0.103440378468874,0,True,-0.06867726212580796,0.0,0.0,0.0,0.0,0.0,0.0,0.0,0.0,0.0,41666.0,11547471.0,0,1.0178432466615708,0.6942809617243283,1.2039462965113408
regional_blend,2021_10pct_x10,0.09,90.0,0.0,20,20,-2.248586958605416,1.0664823966294295,-2.1095100698669,1.0655719471699066,-2.2151164637154093,-2.6609379522867034,-1.8362359649241282,0.8467075984035498,1.4615185652860372,0.13428025942450317,20,-2.2930496499917044,1.1077090076940121,-2.295247771992849,1.097807433575135,-2.2968447781185453,-2.721340741786491,-1.8647585581969177,0.8794384573048609,1.5180159417501426,0.13193737628859958,0,True,-2.2930496499917044,0.0,0.0,0.0,0.0,0.0,0.0,0.0,0.0,0.0,41666.0,11547471.0,0,,,
regional_blend,2021_10pct_x10,0.09,90.0,1.0,20,20,-2.1120888241014666,1.1193858888935544,-2.058367229111117,1.2885900710480902,-2.063077939662712,-2.5448947335631433,-1.67928291463979,0.8887090313607994,1.5340180611584953,0.14344345406303338,20,-2.3213131475517366,1.106161223898755,-2.329122423230354,1.0834637515701386,-2.324608343975549,-2.749005795164045,-1.893620499939428,0.878209632240076,1.515894842743758,0.13243164756565085,0,True,-2.321439766784885,0.0,0.0,0.0,0.0,0.0,0.0,0.0,0.0,0.0,41666.0,11547471.0,0,-1.3293716077085966,-2.304486422587389,-0.1037535848744941
regional_blend,2021_10pct_x10,0.09,90.0,3.0,20,20,-2.1108634504559682,1.358381650415647,-2.3638514970501787,1.5704541675557,-2.085122534073345,-2.63607607948537,-1.5856508214265665,1.0784538671935773,1.861540337750354,0.14587721618604643,20,-2.3876220074648016,1.1115520741124638,-2.37262108545667,1.1135308394118324,-2.3916755192167676,-2.8173990049448956,-1.9578450099847078,0.8824895658350687,1.5232825199289721,0.131310976343475,0,True,-2.38889607631361,0.0,0.0,0.0,0.0,0.0,0.0,0.0,0.0,0.0,41666.0,11547471.0,0,0.20883869311404196,-0.11738026195677427,0.6157168379133764
regional_blend,2021_10pct_x10,0.09,90.0,5.0,20,20,-2.130436686785486,1.0122414979794545,-2.1999376588677846,1.3023886621920848,-2.163016913071153,-2.5218156620563703,-1.7390577115146013,0.8036443643770733,1.387186273796483,0.0978512621532297,20,-2.449409766339465,1.109946442584373,-2.40980709331898,1.0993908044802534,-2.456889402383819,-2.8785659530511984,-2.0202535796277314,0.8812148139785286,1.5210821457880301,0.13052666260901136,0,True,-2.453055711403148,0.0,0.0,0.0,0.0,0.0,0.0,0.0,0.0,0.0,41666.0,11547471.0,0,0.5177159902902125,0.31164734086359647,0.7576132908644623
regional_blend,2021_10pct_x10,0.12,120.0,0.0,20,20,-3.019615515240267,1.1447236765476339,-2.842462956762927,0.7617780219322692,-2.9579050371435898,-3.4622181751685854,-2.5770128553119482,0.908825347768129,1.5687412288139102,0.16271900157770247,20,-3.0196175423234406,1.1447037736995491,-2.842462956762927,0.7617337114704491,-2.9579050331151002,-3.462212506898127,-2.577022577748754,0.9088095463889816,1.5687139537439516,0.16271889488911429,0,True,-3.0196175423234406,0.0,0.0,0.0,0.0,0.0,0.0,0.0,0.0,0.0,41666.0,11547471.0,0,,,
regional_blend,2021_10pct_x10,0.12,120.0,1.0,20,20,-2.9775143945548246,1.2375324489357509,-2.863913147875028,0.77915671333983,-2.9487360930516195,-3.4560011812512275,-2.4990276078584217,0.9825086012638068,1.6959273354907096,0.16677328051787654,20,-3.058046723472944,1.1411736134704293,-2.863913147875028,0.7551496953054058,-2.9966243051530723,-3.499276766242139,-2.6168166807037485,0.9060068620699301,1.5638761854604815,0.1625347368906067,0,True,-3.057918401885359,0.0,0.0,0.0,0.0,0.0,0.0,0.0,0.0,0.0,41666.0,11547471.0,0,-1.864279493896793,-2.613736905601284,-1.3713888569398556
regional_blend,2021_10pct_x10,0.12,120.0,3.0,20,20,-3.0987893272100884,1.6229191113352561,-2.9054474603887517,0.7771322311972326,-2.98900266490366,-3.7262842679034005,-2.4712943865167762,1.2884769101719824,2.224065224771044,0.27553746909207977,20,-3.1200541224038902,1.1291195328332722,-2.939655827153868,0.7735771893231955,-3.0576953776427267,-3.556623504908692,-2.6834847398990886,0.8964368197518322,1.5473571480208212,0.16089046806156793,0,True,-3.1187413753946815,0.0,0.0,0.0,0.0,0.0,0.0,0.0,0.0,0.0,41666.0,11547471.0,0,0.01973192212314938,-0.2301259017147639,0.20105842615185712
regional_blend,2021_10pct_x10,0.12,120.0,5.0,20,20,-3.4397814180688187,2.335586786275718,-2.9573359884593855,0.8964913428449205,-3.0430199183979467,-4.3428263583261115,-2.536736477811526,1.8542819693232313,3.2007124166014744,0.4443460899204097,20,-3.183693181703014,1.1170946687558287,-3.068069326944213,0.7402249910399886,-3.127861761994632,-3.615613200405012,-2.751773163001016,0.8868899732062919,1.5308781492583774,0.15932898545989538,0,True,-3.1792556194278747,0.0,0.0,0.0,0.0,0.0,0.0,0.0,0.0,0.0,41666.0,11547471.0,0,0.3917868372606518,0.2559078006621412,0.5067145751726461
regional_blend,2021_10pct_x10,0.18,180.0,0.0,20,20,1.8381693277900901,1.9881630687234846,2.1046470620610442,1.3124970191341478,2.127470071240925,1.0694543264177514,2.606884329162429,1.578453411395989,2.724599341666478,0.32690640876897503,20,2.2994424082463896,1.0739757687900098,2.09125009129005,0.5959684626150723,2.3470971484489507,1.8841941333101984,2.7146906831825808,0.8526567778424988,1.4717875604085988,0.16983647943709368,0,True,2.2994424082463896,0.0,0.0,0.0,0.0,0.0,0.0,0.0,0.0,0.0,41666.0,11547471.0,0,,,
regional_blend,2021_10pct_x10,0.18,180.0,1.0,20,20,2.0416308479138356,1.0961434746308698,2.0188706517379282,0.5188003806760405,2.1033208577226423,1.6178115214909978,2.4654501743366737,0.8702562853767548,1.5021664149856746,0.1580937104929796,20,2.2659161981391147,1.0733101317591536,2.074393791259594,0.6011191105092583,2.3145161866942545,1.8509252889990886,2.6809071072791406,0.8521283116122208,1.4708753645004313,0.1698982026100997,0,True,2.2657922639937627,0.0,0.0,0.0,0.0,0.0,0.0,0.0,0.0,0.0,41666.0,11547471.0,0,3.074836299718444,2.7051447654186247,4.324488475514955
regional_blend,2021_10pct_x10,0.18,180.0,3.0,20,20,1.7831560974623035,1.795004551887931,1.9730465644004527,0.83839372245371,2.035895707182405,1.0891250351843853,2.4771871597402217,1.4250999341910093,2.459892901794157,0.27767751469724633,20,2.1936132538066855,1.0734165975785064,2.0059964102448418,0.6203946938908751,2.245123017473606,1.7785811800993474,2.6086453275140236,0.8522128375439203,1.4710212663662698,0.17036600005070124,0,True,2.1925845214518067,0.0,0.0,0.0,0.0,0.0,0.0,0.0,0.0,0.0,41666.0,11547471.0,0,1.669006632234169,1.537674712958503,2.0742874297075273
regional_blend,2021_10pct_x10,0.18,180.0,5.0,20,20,1.587163971068996,2.0348514311517323,1.9643881529731835,1.0096525554281754,1.8724571921638749,0.8003971080799206,2.373930834058071,1.6155204941251118,2.7885815589889056,0.32934180902607,20,2.124541422354535,1.0770204781432613,1.9374965983403158,0.6311108688012786,2.1724895171525853,1.708115923179808,2.5409669215292623,0.8550740503192654,1.475960061764215,0.16945566058339878,0,True,2.121499160902063,0.0,0.0,0.0,0.0,0.0,0.0,0.0,0.0,0.0,41666.0,11547471.0,0,1.3875739227592065,1.3070176483148972,1.6406867529563784
regional_blend,2021_10pct_x10,0.21,210.0,0.0,20,20,6.332613449557756,3.3276185593497907,6.111090457274832,3.669411118542035,6.2997985285777185,5.0460035403114425,7.619223358804069,2.641881317211413,4.560203073253325,0.36607802303323744,20,6.167473043120003,2.5362818512694254,5.064145070869833,2.6012197829733896,6.014048863127648,5.186830188693067,7.148115897546939,2.013618904493772,3.4757470204323626,0.2285168695771862,0,True,6.167473043120003,0.0,0.0,0.0,0.0,0.0,0.0,0.0,0.0,0.0,41666.0,11547471.0,0,,,
regional_blend,2021_10pct_x10,0.21,210.0,1.0,20,20,5.955378332392681,3.0663179824630955,5.7708609980124175,4.11992686422867,6.001243704769302,4.769799207029209,7.140957457756153,2.4344281190935333,4.2021140457674315,0.24560447822217668,20,6.124446380045542,2.5479933711220233,5.000493266196017,2.586015839323055,5.96913924472401,5.139275315060233,7.109617445030852,2.02291697906058,3.491796609011024,0.230345631768472,0,True,6.1240043917587865,0.0,0.0,0.0,0.0,0.0,0.0,0.0,0.0,0.0,41666.0,11547471.0,0,6.003394836165712,4.685896245502738,10.369253748152236
regional_blend,2021_10pct_x10,0.21,210.0,3.0,20,20,5.513206477463136,3.0322912432687157,4.935531480793606,2.9001546088845354,5.713253600958678,4.340783649627762,6.68562930529851,2.4074134222585624,4.155483448576232,0.34237811903151716,20,6.0244366224529085,2.5428488960196174,4.935531480793606,2.6421554283556596,5.873066580865832,5.041254647420842,7.007618597484975,2.0188326489555815,3.4847465668400703,0.22859725195226677,0,True,6.020487409061891,0.0,0.0,0.0,0.0,0.0,0.0,0.0,0.0,0.0,41666.0,11547471.0,0,2.6480179995809996,2.2011889564257565,4.096982443608465
regional_blend,2021_10pct_x10,0.21,210.0,5.0,20,20,6.962888244447429,4.122885059339752,7.1638292268044825,4.129831645576975,6.622998437100831,5.368791842645115,8.556984646249742,3.273263692040491,5.650044553767924,0.6799805248222723,20,5.916111656911113,2.5435068231490523,4.748945877736858,2.587246883135775,5.75996190380119,4.932675297084276,6.89954801673795,2.0193549940983133,3.485648197019165,0.2306298574064103,0,True,5.9047615662937405,0.0,0.0,0.0,0.0,0.0,0.0,0.0,0.0,0.0,41666.0,11547471.0,0,1.9526941699016926,1.7003664141620385,2.834292709304134
regional_blend,2021_1pct,0.065,65.0,0.0,20,20,-1.5228456994133257,1.1376573165209378,-1.4346707253416762,1.1653686052459429,-1.5480181220433906,-1.962716180556578,-1.0829752182700734,0.9032151841624585,1.55905741555956,0.13147090630235425,20,-1.5228533228720857,1.1376578500529826,-1.4346707253416762,1.1654328484950993,-1.5480273560522315,-1.9627240103032895,-1.082982635440882,0.9032156077471681,1.5590581467174218,0.13147012148361292,0,True,-1.5228533228720857,0.0,0.0,0.0,0.0,0.0,0.0,0.0,0.0,0.0,342.0,102867.0,0,,,
regional_blend,2021_1pct,0.065,65.0,1.0,20,20,-1.5415413894826995,1.137231653169464,-1.4292913229746778,1.1390037696388067,-1.5696219783913115,-1.9812472896572375,-1.1018354893081614,0.9028772391619654,1.558474082076788,0.13093453504625407,20,-1.5415413894826995,1.137231653169464,-1.4292913229746778,1.1390037696388067,-1.5696219783913115,-1.9812472896572375,-1.1018354893081614,0.9028772391619654,1.558474082076788,0.13093453504625407,0,True,-1.5419915985105759,0.0,0.0,0.0,0.0,0.0,0.0,0.0,0.0,0.0,342.0,102867.0,0,-0.42999175116529154,-1.4776911550638274,0.307477856343442
regional_blend,2021_1pct,0.065,65.0,3.0,20,20,-1.5995923263708054,1.1369617967813845,-1.472224804190331,1.073875759583966,-1.6274744674380235,-2.039193887692562,-1.1599907650490486,0.9026629932869404,1.558104268076683,0.1324799748291572,20,-1.5995923263708054,1.1369617967813845,-1.472224804190331,1.073875759583966,-1.6274744674380235,-2.039193887692562,-1.1599907650490486,0.9026629932869404,1.558104268076683,0.1324799748291572,0,True,-1.60357294277998,0.0,0.0,0.0,0.0,0.0,0.0,0.0,0.0,0.0,342.0,102867.0,0,0.508529099262607,0.11340880199075214,0.7365655962154876
regional_blend,2021_1pct,0.065,65.0,5.0,20,20,-1.6377955149342676,1.1211447979481828,-1.538097720710533,1.1612627363599892,-1.6661069338242815,-2.0712814992839714,-1.2043095305845635,0.8901054741583192,1.5364284884155355,0.13263424625849463,20,-1.6377955149342676,1.1211447979481828,-1.538097720710533,1.1612627363599892,-1.6661069338242815,-2.0712814992839714,-1.2043095305845635,0.8901054741583192,1.5364284884155355,0.13263424625849463,0,True,-1.6488918659395935,0.0,0.0,0.0,0.0,0.0,0.0,0.0,0.0,0.0,342.0,102867.0,0,0.6918246582797816,0.4957073384982852,0.8409453750362692
regional_blend,2021_1pct,0.09,90.0,0.0,20,20,-3.1425137845001565,1.0624833488151026,-3.0556320642670327,0.9548101561499214,-3.08519404174628,-3.5533185629366093,-2.7317090060637037,0.8435326522614746,1.456038228580455,0.10593279714039561,20,-3.1425093130096102,1.062489713037458,-3.0556313597524776,0.9548135313385541,-3.0851904550688065,-3.5533165521462307,-2.73170207387299,0.8435377049800598,1.456046950176944,0.10593346024638262,0,True,-3.1425093130096102,0.0,0.0,0.0,0.0,0.0,0.0,0.0,0.0,0.0,342.0,102867.0,0,,,
regional_blend,2021_1pct,0.09,90.0,1.0,20,20,-3.1704254727595162,1.0658646281396777,-3.0824461817178106,0.9814862889816839,-3.1125263538756935,-3.582537608817444,-2.7583133367015886,0.8462171362299779,1.4606719689243208,0.1061057491764088,20,-3.1704254727595162,1.0658646281396777,-3.0824461817178106,0.9814862889816839,-3.1125263538756935,-3.582537608817444,-2.7583133367015886,0.8462171362299779,1.4606719689243208,0.1061057491764088,0,True,-3.1708119014662515,0.0,0.0,0.0,0.0,0.0,0.0,0.0,0.0,0.0,342.0,102867.0,0,-2.0837558174327233,-3.299574158418019,-1.0113191573012656
regional_blend,2021_1pct,0.09,90.0,3.0,20,20,-3.2785497165483113,1.0814694794836592,-3.2641856384125374,1.264798952116792,-3.231715145109277,-3.6966954036318125,-2.86040402946481,0.8586062260514932,1.4820570194603986,0.10284127185777114,20,-3.2106408845493606,1.0542155992371738,-3.178506667171612,0.8068448290031136,-3.146829105110588,-3.6182489719154853,-2.803032797183236,0.8369686748236336,1.4447080185934285,0.10641542091034806,0,True,-3.2140470429259964,0.0,0.0,0.0,0.0,0.0,0.0,0.0,0.0,0.0,342.0,102867.0,0,-0.06081862152054575,-0.47715338597136553,0.3199138611227507
regional_blend,2021_1pct,0.09,90.0,5.0,20,20,-3.2254651759684925,1.0455291282606443,-3.1207928307072788,1.0049334659616778,-3.1708209291732965,-3.629714675372851,-2.821215676564134,0.8300722637788904,1.4328039884480275,0.10411651625861795,20,-3.2254651759684925,1.0455291282606443,-3.1207928307072788,1.0049334659616778,-3.1708209291732965,-3.629714675372851,-2.821215676564134,0.8300722637788904,1.4328039884480275,0.10411651625861795,0,True,-3.2350861169837963,0.0,0.0,0.0,0.0,0.0,0.0,0.0,0.0,0.0,342.0,102867.0,0,0.37449659738334645,0.1321623411650786,0.578422505470629
regional_blend,2021_1pct,0.12,120.0,0.0,20,20,-1.7284409803874463,1.0698584788008358,-1.754487777700811,1.1872974055824832,-1.7222028070805995,-2.1420973222325,-1.3147846385423925,0.8493879562194864,1.4661451833971617,0.10514416025901574,20,-1.728439559752093,1.0698577129579538,-1.7544873744425606,1.187297197372883,-1.72220199685712,-2.142095605487174,-1.3147835140170119,0.8493873481972729,1.4661441338781134,0.105144085488734,0,True,-1.728439559752093,0.0,0.0,0.0,0.0,0.0,0.0,0.0,0.0,0.0,342.0,102867.0,0,,,
regional_blend,2021_1pct,0.12,120.0,1.0,20,20,-1.7459818838404833,1.0608874832913484,-1.7649266113417252,1.1558869012155373,-1.7396519952666134,-2.156169627493632,-1.3357941401873346,0.8422656538850706,1.4538512378733996,0.10381671970409667,20,-1.7459818838404833,1.0608874832913484,-1.7649266113417252,1.1558869012155373,-1.7396519952666134,-2.156169627493632,-1.3357941401873346,0.8422656538850706,1.4538512378733996,0.10381671970409667,0,True,-1.7465033445510982,0.0,0.0,0.0,0.0,0.0,0.0,0.0,0.0,0.0,342.0,102867.0,0,-0.7659316147695823,-1.8277567693414971,0.43720131405851004
regional_blend,2021_1pct,0.12,120.0,3.0,20,20,-1.7846621326938945,1.0777192195669048,-1.8313130153316814,1.1903791173908005,-1.7712406112313115,-2.2013577973409033,-1.3679664680468857,0.8556287989720216,1.4769176242764674,0.10509786410593991,20,-1.7846621326938945,1.0777192195669048,-1.8313130153316814,1.1903791173908005,-1.7712406112313115,-2.2013577973409033,-1.3679664680468857,0.8556287989720216,1.4769176242764674,0.10509786410593991,0,True,-1.7892995240698775,0.0,0.0,0.0,0.0,0.0,0.0,0.0,0.0,0.0,342.0,102867.0,0,0.3885483312050776,0.012433852132460082,0.8172178791521774
regional_blend,2021_1pct,0.12,120.0,5.0,20,20,-1.7957087220718335,1.0907758927273312,-1.7456061919831474,1.2117159660789765,-1.7920401080461086,-2.21745269522247,-1.373964748921197,0.8659948250871682,1.4948106249346544,0.10761268828280701,20,-1.7957087220718335,1.0907758927273312,-1.7456061919831474,1.2117159660789765,-1.7920401080461086,-2.21745269522247,-1.373964748921197,0.8659948250871682,1.4948106249346544,0.10761268828280701,0,True,-1.808655110781023,0.0,0.0,0.0,0.0,0.0,0.0,0.0,0.0,0.0,342.0,102867.0,0,0.6498765109419614,0.4258124044490822,0.8618031828737442
regional_blend,2021_1pct,0.18,180.0,0.0,20,20,-0.18501162886254868,1.0826041291180293,-0.13413628970416108,1.155342185530778,-0.2224976523576006,-0.6035960235193687,0.2335727657942714,0.85950705336002,1.4836119551170657,0.11301673721703526,20,-0.18500475208236047,1.0826105543720275,-0.134128532286975,1.1553326951571268,-0.22249409117301217,-0.6035916310369798,0.2335821268722588,0.8595121545331843,1.4836207603519525,0.11301652355367606,0,True,-0.18500475208236047,0.0,0.0,0.0,0.0,0.0,0.0,0.0,0.0,0.0,342.0,102867.0,0,,,
regional_blend,2021_1pct,0.18,180.0,1.0,20,20,-0.20197381906141634,1.0705844892117937,-0.14979215404734034,1.102835679623369,-0.23081317239976157,-0.6159108698195545,0.2119632316967218,0.8499643544173572,1.4671401156131643,0.11392426901047029,20,-0.20197381906141634,1.0705844892117937,-0.14979215404734034,1.102835679623369,-0.23081317239976157,-0.6159108698195545,0.2119632316967218,0.8499643544173572,1.4671401156131643,0.11392426901047029,0,True,-0.20289344594674114,0.0,0.0,0.0,0.0,0.0,0.0,0.0,0.0,0.0,342.0,102867.0,0,0.8500696958979117,-0.19264404339020935,1.6015569305098747
regional_blend,2021_1pct,0.18,180.0,3.0,20,20,-0.23654961034180916,1.0785629303058046,-0.2101539546120632,1.0888787643973958,-0.27401020046109253,-0.653571492245347,0.18047227156172874,0.8562986424647402,1.478073854245692,0.11480280353905176,20,-0.23537325864840705,1.0770658576778926,-0.2101539546120632,1.0888787643973958,-0.27253976084433984,-0.6518163036319137,0.18106978633509954,0.8551100782901967,1.476022250350316,0.11474089029203058,0,True,-0.24353589959039504,0.0,0.0,0.0,0.0,0.0,0.0,0.0,0.0,0.0,342.0,102867.0,0,0.9297589466544587,0.6073080508225341,1.2052257656886944
regional_blend,2021_1pct,0.18,180.0,5.0,20,20,-0.2885390598918651,1.0499920920701273,-0.23214109906074806,1.0976066338349126,-0.3240668780763445,-0.6945141457357373,0.11743602595200703,0.8336155246717398,1.4389200804570226,0.1046295567765903,20,-0.2885390598918651,1.0499920920701273,-0.23214109906074806,1.0976066338349126,-0.3240668780763445,-0.6945141457357373,0.11743602595200703,0.8336155246717398,1.4389200804570226,0.1046295567765903,0,True,-0.3113045444738677,0.0,0.0,0.0,0.0,0.0,0.0,0.0,0.0,0.0,342.0,102867.0,0,0.9533636043412113,0.7336557917230072,1.1025819408366553
regional_blend,2021_1pct,0.21,210.0,0.0,20,20,2.8578850280021464,0.9745163562217114,2.8089848065005554,1.1589328340121434,2.8709221785300363,2.481092322265327,3.2346777337389656,0.7736934113392323,1.3354873472776359,0.11735221502372228,20,2.857875578322889,0.9745155137636836,2.808925592493098,1.1589116925639602,2.8709091020713866,2.481083198318971,3.234667958326807,0.7736927424902988,1.3354861927643948,0.11735059837533202,0,True,2.857875578322889,0.0,0.0,0.0,0.0,0.0,0.0,0.0,0.0,0.0,342.0,102867.0,0,,,
regional_blend,2021_1pct,0.21,210.0,1.0,20,20,2.8291665638729766,0.9868660344826677,2.7677029022940722,1.142174308247552,2.8483954723766143,2.447598906276995,3.2107342214689583,0.7834981361564805,1.3524114747744806,0.11846266458010613,20,2.8291665638729766,0.9868660344826677,2.7677029022940722,1.142174308247552,2.8483954723766143,2.447598906276995,3.2107342214689583,0.7834981361564805,1.3524114747744806,0.11846266458010613,0,True,2.8277821189610903,0.0,0.0,0.0,0.0,0.0,0.0,0.0,0.0,0.0,342.0,102867.0,0,3.7722960322408015,2.935566276392091,4.849770733885601
regional_blend,2021_1pct,0.21,210.0,3.0,20,20,2.6255409352619887,1.011289684480045,2.5359866305714576,1.00969798105762,2.6205204216626137,2.2345299747314518,3.0165518957925257,0.802888695343285,1.385881898680238,0.11238058408876483,20,2.769965644791072,1.0106725833032772,2.642163409985081,1.0851802901858123,2.770413025474603,2.3791932838700984,3.1607380057120458,0.8023987629665253,1.3850362168111736,0.11998188459029535,0,True,2.757201392221306,0.0,0.0,0.0,0.0,0.0,0.0,0.0,0.0,0.0,342.0,102867.0,0,1.8851434343394793,1.6314623237076917,2.2344409217128764
regional_blend,2021_1pct,0.21,210.0,5.0,20,20,2.7332739343937695,0.9677256800351812,2.590914578731803,1.0091901072798164,2.7519839492126374,2.3591068154290653,3.1074410533584738,0.7683021201715535,1.3261813340243216,0.11611903266549906,20,2.7332739343937695,0.9677256800351812,2.590914578731803,1.0091901072798164,2.7519839492126374,2.3591068154290653,3.1074410533584738,0.7683021201715535,1.3261813340243216,0.11611903266549906,0,True,2.69886026961842,0.0,0.0,0.0,0.0,0.0,0.0,0.0,0.0,0.0,342.0,102867.0,0,1.5217822126513976,1.3734776673203117,1.7809191820464056
regional_blend,2021_1pct_x10,0.065,65.0,0.0,20,20,-0.9508801209649667,1.0488530273255512,-1.0479120773902717,0.9447933716277358,-1.0165741371752914,-1.3564147921514775,-0.5453454497784558,0.8327111920945174,1.4373590942874221,0.1136763747482401,20,-0.9508753093881473,1.0488483438322465,-1.0478713638482886,0.9447856424104587,-1.0165675280862172,-1.3564081697214045,-0.5453424490548903,0.8327074737496288,1.4373526759795,0.11367476167850044,0,True,-0.9508753093881473,0.0,0.0,0.0,0.0,0.0,0.0,0.0,0.0,0.0,3599.0,1024063.0,0,,,
regional_blend,2021_1pct_x10,0.065,65.0,1.0,20,20,-0.8823083598601338,0.991820548472183,-0.9268794711349886,1.014248666697232,-0.9518241209672487,-1.2657916597332324,-0.49882505998703514,0.7874316512848852,1.3592011922611744,0.10846111205888098,20,-0.9756446049026126,1.050573909575442,-1.0837526104799284,0.9497772105737788,-1.0403520464508043,-1.3818446480708775,-0.5694445617343478,0.8340774444410591,1.4397174092158596,0.11337354600848504,0,True,-0.9758617112447526,0.0,0.0,0.0,0.0,0.0,0.0,0.0,0.0,0.0,3599.0,1024063.0,0,-0.08387255385029559,-0.8033168953730692,0.8268978027436092
regional_blend,2021_1pct_x10,0.065,65.0,3.0,20,20,-1.0185983824459333,1.0578348957295975,-1.1305620440488102,0.9608046612761459,-1.0869808921867687,-1.4276058557839175,-0.609590909107949,0.839842126697472,1.4496679401389407,0.11643866424584859,20,-1.0185983824459333,1.0578348957295975,-1.1305620440488102,0.9608046612761459,-1.0869808921867687,-1.4276058557839175,-0.609590909107949,0.839842126697472,1.4496679401389407,0.11643866424584859,0,True,-1.0205755572757003,0.0,0.0,0.0,0.0,0.0,0.0,0.0,0.0,0.0,3599.0,1024063.0,0,0.6229796801340127,0.393391437153091,0.9212430007152883
regional_blend,2021_1pct_x10,0.065,65.0,5.0,20,20,-1.0882902359679945,1.0493494492876063,-1.2388256028650866,0.9935758946366241,-1.1553055229415408,-1.494016846646414,-0.6825636252895748,0.833105314162181,1.4380393961058604,0.11366526815576039,20,-1.0882902359679945,1.0493494492876063,-1.2388256028650866,0.9935758946366241,-1.1553055229415408,-1.494016846646414,-0.6825636252895748,0.833105314162181,1.4380393961058604,0.11366526815576039,0,True,-1.0939242374520175,0.0,0.0,0.0,0.0,0.0,0.0,0.0,0.0,0.0,3599.0,1024063.0,0,0.7520558964119493,0.6082249301429856,0.9422860031763319
regional_blend,2021_1pct_x10,0.09,90.0,0.0,20,20,-0.5154293024907972,1.2144063887296446,-0.6401112127701469,1.5340493946600529,-0.5922761114268625,-0.984974493961569,-0.045884111020025375,0.9641482317354085,1.6642351421268362,0.12512691607368998,20,-0.4906302382382924,1.2209067141874541,-0.6188337767862563,1.5656685071127818,-0.5612771861370829,-0.9626887535766224,-0.018571722899962284,0.9693090060478755,1.673143255722537,0.1238217021656634,0,True,-0.4906302382382924,0.0,0.0,0.0,0.0,0.0,0.0,0.0,0.0,0.0,3599.0,1024063.0,0,,,
regional_blend,2021_1pct_x10,0.09,90.0,1.0,20,20,-0.5187519864328033,1.2232936497452673,-0.6505524830452876,1.5920478158545288,-0.5870459453996073,-0.9917334005008529,-0.04577057236475368,0.9712040551176843,1.6764143370295617,0.12384807507538853,20,-0.5187519864328033,1.2232936497452673,-0.6505524830452876,1.5920478158545288,-0.5870459453996073,-0.9917334005008529,-0.04577057236475368,0.9712040551176843,1.6764143370295617,0.12384807507538853,0,True,-0.5190039754402826,0.0,0.0,0.0,0.0,0.0,0.0,0.0,0.0,0.0,3599.0,1024063.0,0,0.3491107680007896,-0.7284398562866307,2.0229748917892194
regional_blend,2021_1pct_x10,0.09,90.0,3.0,20,20,-1.1817460149777688,3.2726432366753784,-0.6859547523040739,1.5607962267717415,-0.6440741328734071,-2.4470999438118524,0.08360791385631461,2.5982350052045526,4.484864319444374,0.6824835334872406,20,-0.565802188332498,1.2178131780633714,-0.6859547523040739,1.5607962267717415,-0.6367543393519655,-1.036664600763939,-0.09493977590105684,0.9668529687513622,1.6689038416524882,0.126194990923163,0,True,-0.5680796196878833,0.0,0.0,0.0,0.0,0.0,0.0,0.0,0.0,0.0,3599.0,1024063.0,0,0.7709838443114292,0.40309764447792185,1.297879343596207
regional_blend,2021_1pct_x10,0.09,90.0,5.0,20,20,-0.62716918565264,1.2126680712499216,-0.8080338604438304,1.446999457336027,-0.6954211376688137,-1.0960422638823843,-0.15829610742289563,0.9627681371148401,1.661852933778151,0.12092730603393476,20,-0.62716918565264,1.2126680712499216,-0.8080338604438304,1.446999457336027,-0.6954211376688137,-1.0960422638823843,-0.15829610742289563,0.9627681371148401,1.661852933778151,0.12092730603393476,0,True,-0.6335361883560597,0.0,0.0,0.0,0.0,0.0,0.0,0.0,0.0,0.0,3599.0,1024063.0,0,0.8381532454656071,0.6381142659083617,1.1944402236094624
regional_blend,2021_1pct_x10,0.12,120.0,0.0,20,20,-0.7611552552782397,3.172273933436065,-0.03967293241323585,1.0134767781958292,-0.14827207904102965,-1.9877018094602592,0.46539129890377984,2.5185492532711096,4.347317182677099,0.6794864428725468,20,-0.03752534558251621,0.9433830512397549,0.09950431889882956,0.7497764293437592,0.01713260555240928,-0.40228048812423184,0.32722979695919946,0.7489758857851773,1.2928219424161504,0.09548064664920546,0,True,-0.03752534558251621,0.0,0.0,0.0,0.0,0.0,0.0,0.0,0.0,0.0,3599.0,1024063.0,0,,,
regional_blend,2021_1pct_x10,0.12,120.0,1.0,20,20,-0.38248297723644553,1.8436784052934234,-0.05935541475593595,0.8264669186326288,-0.06742996480625219,-1.095333582979389,0.33036762850649803,1.4637433488898937,2.526596056596305,0.36635254565738434,20,-0.05885748766330654,0.9447506079387576,0.06931186729601241,0.7729319483374474,-0.00590213076209356,-0.42414139032851933,0.3064264150019062,0.7500616239576525,1.2946960563358838,0.0948024613927162,0,True,-0.05888671060608995,0.0,0.0,0.0,0.0,0.0,0.0,0.0,0.0,0.0,3599.0,1024063.0,0,1.0693085529303825,0.06427725983408146,1.7034206387689044
regional_blend,2021_1pct_x10,0.12,120.0,3.0,20,20,-0.11166341555067652,0.9487391303264842,0.0007518898656651007,0.7913205251776205,-0.060962879273772835,-0.4784894638482007,0.2551626327468477,0.7532282136948707,1.3001619688874126,0.09545840589980092,20,-0.11166341555067652,0.9487391303264842,0.0007518898656651007,0.7913205251776205,-0.060962879273772835,-0.4784894638482007,0.2551626327468477,0.7532282136948707,1.3001619688874126,0.09545840589980092,0,True,-0.11191333073657428,0.0,0.0,0.0,0.0,0.0,0.0,0.0,0.0,0.0,3599.0,1024063.0,0,1.000248440077262,0.6526971888800942,1.2228786691088385
regional_blend,2021_1pct_x10,0.12,120.0,5.0,20,20,-0.1406328494288156,0.9502191701039922,-0.0396456918991968,0.7910546360337206,-0.08027181810138359,-0.5080311489654339,0.2267654501078027,0.7544032550546869,1.3021902307874929,0.09844498168354737,20,-0.1406328494288156,0.9502191701039922,-0.0396456918991968,0.7910546360337206,-0.08027181810138359,-0.5080311489654339,0.2267654501078027,0.7544032550546869,1.3021902307874929,0.09844498168354737,0,True,-0.14127450677647574,0.0,0.0,0.0,0.0,0.0,0.0,0.0,0.0,0.0,3599.0,1024063.0,0,0.9920685662069775,0.7951726419807749,1.1178313594544897
regional_blend,2021_1pct_x10,0.18,180.0,0.0,20,20,0.5784956652414762,1.07066164612925,0.24336636575514434,0.43180694416611126,0.5242023284570343,0.1645287820813378,0.9924625484016146,0.850025611263683,1.4672458522550993,0.11896469852998981,20,0.5785012044235136,1.0706720619220194,0.24337203786389064,0.43179580335409884,0.5242127061414837,0.16453029404031738,0.9924721148067098,0.8500338806274429,1.4672601261658105,0.11896352227694623,0,True,0.5785012044235136,0.0,0.0,0.0,0.0,0.0,0.0,0.0,0.0,0.0,3599.0,1024063.0,0,,,
regional_blend,2021_1pct_x10,0.18,180.0,1.0,20,20,0.542501987672807,1.0692014722005765,0.22829342170636735,0.4003485465455019,0.48417228337201035,0.12909967470373684,0.9559043006418771,0.8488663419083651,1.4652448147208206,0.12076720282743686,20,0.542501987672807,1.0692014722005765,0.22829342170636735,0.4003485465455019,0.48417228337201035,0.12909967470373684,0.9559043006418771,0.8488663419083651,1.4652448147208206,0.12076720282743686,0,True,0.5423009989428764,0.0,0.0,0.0,0.0,0.0,0.0,0.0,0.0,0.0,3599.0,1024063.0,0,1.2283533010928724,0.9560560840851224,2.6513293208065893
regional_blend,2021_1pct_x10,0.18,180.0,3.0,20,20,0.0669326217602613,2.2777867560091964,0.1986213944228754,0.5150609269339875,0.36429995586759234,-0.8137641766143952,0.9476294201349177,1.8083930498536829,3.1215026541378856,0.44922286705186276,20,0.4941181845562602,1.0779618155492798,0.1986213944228754,0.44374717111809986,0.44842771979428364,0.07732872117922862,0.9109076479332918,0.8558214021150911,1.47725008033315,0.11906957083616104,0,True,0.49228880254374097,0.0,0.0,0.0,0.0,0.0,0.0,0.0,0.0,0.0,3599.0,1024063.0,0,1.0662557306229565,0.953369115708601,1.555730821875477
regional_blend,2021_1pct_x10,0.18,180.0,5.0,20,20,0.42775770198083257,1.0439917649775845,0.0830457075311193,0.4064689678284525,0.3845674180405882,0.024102617711147245,0.8314127862505178,0.8288517118247397,1.4306971698199076,0.11055248546557889,20,0.42775770198083257,1.0439917649775845,0.0830457075311193,0.4064689678284525,0.3845674180405882,0.024102617711147245,0.8314127862505178,0.8288517118247397,1.4306971698199076,0.11055248546557889,0,True,0.42264692262657766,0.0,0.0,0.0,0.0,0.0,0.0,0.0,0.0,0.0,3599.0,1024063.0,0,1.016627374137953,0.9740316872187941,1.3170021153987865
regional_blend,2021_1pct_x10,0.21,210.0,0.0,20,20,4.229169517857319,1.5067683167971528,4.3077932315447445,2.0612007361478515,4.28920528924445,3.646583799947269,4.81175523576737,1.1962618294478757,2.0648909682369747,0.16148146757784154,20,4.229162578144939,1.5067440934579572,4.307817619872598,2.0612086231776554,4.289183944895529,3.6465862260884823,4.811738930201395,1.1962425979205478,2.0648577723210746,0.16147568673781887,0,True,4.229162578144939,0.0,0.0,0.0,0.0,0.0,0.0,0.0,0.0,0.0,3599.0,1024063.0,0,,,
regional_blend,2021_1pct_x10,0.21,210.0,1.0,20,20,4.179558798559883,1.513786757794143,4.234368509838054,2.039010566714851,4.236859236200618,3.5942594295587798,4.764858167560987,1.2018339489126506,2.0745091127547695,0.16117015113844513,20,4.179558798559883,1.513786757794143,4.234368509838054,2.039010566714851,4.236859236200618,3.5942594295587798,4.764858167560987,1.2018339489126506,2.0745091127547695,0.16117015113844513,0,True,4.178875362385371,0.0,0.0,0.0,0.0,0.0,0.0,0.0,0.0,0.0,3599.0,1024063.0,0,5.237080610793486,3.6075174768538507,6.83377113264512
regional_blend,2021_1pct_x10,0.21,210.0,3.0,20,20,3.8474143554589433,1.623781022072483,4.01260137303516,1.8479627973925334,3.9428787342064995,3.219586160555263,4.475242550362624,1.2891612031079578,2.2252463962072135,0.16428207481105384,20,4.104947152183312,1.5069196223771693,4.218943149209023,2.096137370528123,4.168531024671811,3.522302932598535,4.6875913717680895,1.1963819548101748,2.065098318977056,0.1656227577353624,0,True,4.0988081764278945,0.0,0.0,0.0,0.0,0.0,0.0,0.0,0.0,0.0,3599.0,1024063.0,0,2.409137163937481,1.871616082876736,2.91276626847364
regional_blend,2021_1pct_x10,0.21,210.0,5.0,20,20,4.12224734162417,2.246561520354014,3.9146312853684,2.2793957871917625,3.9993776902365865,3.2536236510579872,4.990871032190352,1.783602538191472,3.0787112665259455,0.34076375885628263,20,4.021990938686853,1.520595743124565,4.034422744598446,2.0082007697436737,4.069924372604859,3.4340589037591163,4.609922973614591,1.207239776177036,2.083840217049245,0.16462055901723804,0,True,4.004979508153166,0.0,0.0,0.0,0.0,0.0,0.0,0.0,0.0,0.0,3599.0,1024063.0,0,1.8094838732183713,1.4939666391230602,2.132529868915807
regional_blend,2021_1pct_x100,0.065,65.0,0.0,20,20,-0.17289149560571979,0.9501458286221985,0.037034085488303746,1.0100673413320223,-0.12199154723679845,-0.540261437962706,0.19447844675126644,0.7543450273801289,1.3020897228582615,0.09708497605645332,20,-0.03771648728357254,0.9485072022538872,0.0503037388307951,0.9892312866901589,-0.017619737905795407,-0.40445286155412713,0.3290198869869821,0.75304408007769,1.2998441322452114,0.09212645115874461,0,True,-0.03771648728357254,0.0,0.0,0.0,0.0,0.0,0.0,0.0,0.0,0.0,36925.0,10225796.0,0,,,
regional_blend,2021_1pct_x100,0.065,65.0,1.0,20,20,0.29647119280587997,1.8303625358812086,0.032260251544532506,1.1120914661387056,0.05413804904286529,-0.4112308872781212,1.0041732728898811,1.453171540254041,2.508347850699627,0.34513059344239955,20,-0.05413757305608585,0.9507122488082963,0.032260251544532506,0.987487785691445,-0.03258937796603048,-0.4217265194278751,0.3134513733157034,0.75479472282468,1.302865950970747,0.09379684348383216,0,True,-0.05402616890312865,0.0,0.0,0.0,0.0,0.0,0.0,0.0,0.0,0.0,36925.0,10225796.0,0,1.0322711495390948,-0.006151406902047685,1.7158715145823
regional_blend,2021_1pct_x100,0.065,65.0,3.0,20,20,-0.054799893655229207,0.9175776924128741,0.014637961064458704,0.9832039446864167,-0.025468118520146868,-0.4095775012763532,0.2999777139658948,0.7284883526882366,1.2574580103638722,0.09651905676342223,20,-0.08706399328902834,0.9581738893166158,0.014637961064458704,0.9832039446864167,-0.0657982430623958,-0.45753795200403324,0.2834099654259765,0.7607187096948965,1.313091460707115,0.09482094625638016,0,True,-0.08607001413307316,0.0,0.0,0.0,0.0,0.0,0.0,0.0,0.0,0.0,36925.0,10225796.0,0,1.0048421022548126,0.6451647811249018,1.2285260160299978
regional_blend,2021_1pct_x100,0.065,65.0,5.0,20,20,-0.06434861098790076,0.969223671617724,0.10048010827409795,0.8641150079848062,-0.027852900231941008,-0.4390949221826317,0.3103977002068301,0.7694914139276363,1.328234197264679,0.09563255074781316,20,-0.14112980935953007,0.9287726205270902,-0.0811958329612583,1.017629004343055,-0.12382939819647762,-0.5002358894867891,0.21797627076772896,0.7373762918870885,1.272799656252899,0.09159143504404321,0,True,-0.13860768786617667,0.0,0.0,0.0,0.0,0.0,0.0,0.0,0.0,0.0,36925.0,10225796.0,0,0.9837969206706682,0.7931221839608467,1.1213494749261876
regional_blend,2021_1pct_x100,0.09,90.0,0.0,20,20,-1.4996153665338978,1.341961250074804,-1.4519073178406994,1.546444667592877,-1.487487449053475,-2.018479115901909,-0.9807516171658864,1.0654172922052223,1.8390376503891581,0.1568730891475283,20,-1.8174419141950469,1.2764707862383813,-1.9233395067560557,1.2083663240867475,-1.8650834211719316,-2.3109840474492382,-1.3238997809408555,1.013422741213548,1.7492888377986922,0.15274943979753464,0,True,-1.8174419141950469,0.0,0.0,0.0,0.0,0.0,0.0,0.0,0.0,0.0,36925.0,10225796.0,0,,,
regional_blend,2021_1pct_x100,0.09,90.0,1.0,20,20,-1.626243459884216,1.476706549750138,-1.7263959233970227,1.4198934227184885,-1.685505109698325,-2.1972059202957563,-1.0552809994726755,1.1723950252131412,2.023694010103044,0.15171668987425324,20,-1.8504940324139298,1.274659729906259,-1.9619180463356216,1.226980333044428,-1.8970473782558896,-2.3433359282516166,-1.357652136576243,1.0119848973612808,1.7468069473703636,0.15252062130145627,0,True,-1.850835773932912,0.0,0.0,0.0,0.0,0.0,0.0,0.0,0.0,0.0,36925.0,10225796.0,0,-0.9630507787793053,-2.0781011486990324,0.04822954575540864
regional_blend,2021_1pct_x100,0.09,90.0,3.0,20,20,-1.725642492880004,1.4066280860460703,-1.7806963733315375,1.3232474375968566,-1.7965572151736109,-2.2695094060651133,-1.181775579694895,1.1167579440102915,1.927657754789393,0.14736975707478095,20,-1.9132463191018192,1.2670944262252528,-1.998380173696027,1.186439642033474,-1.961504976895761,-2.403163121660683,-1.4233295165429554,1.005978609652095,1.7364393765442891,0.15104574246292124,0,True,-1.9161883369909822,0.0,0.0,0.0,0.0,0.0,0.0,0.0,0.0,0.0,36925.0,10225796.0,0,0.33361100231905283,-0.0522045110883053,0.659860229922817
regional_blend,2021_1pct_x100,0.09,90.0,5.0,20,20,-1.9201317287725455,1.3489990790829058,-2.065091651273761,1.182953980874615,-1.9884587719409157,-2.441716625525663,-1.398546832019428,1.0710048043069298,1.8486823644389707,0.1490109663509731,20,-1.9677129022919115,1.2781137377942378,-2.065091651273761,1.182953980874615,-2.013358166847376,-2.461890275948353,-1.47353552863547,1.0147271223927865,1.7515403556937261,0.1515152386414651,0,True,-1.9758315311609482,0.0,0.0,0.0,0.0,0.0,0.0,0.0,0.0,0.0,36925.0,10225796.0,0,0.5867165474796159,0.35537970923158085,0.7925886035644802
regional_blend,2021_1pct_x100,0.12,120.0,0.0,20,20,-1.9300138140063137,1.5288137093042296,-2.464040864207301,1.1605437282457258,-2.07914468255292,-2.5211232914599977,-1.3389043365526299,1.2137642293041917,2.0951022033496582,0.17680711031084995,20,-2.3548110738048043,1.1558419399463822,-2.486824644054079,1.05596593486228,-2.4228299971894347,-2.8017125641451144,-1.907909583464494,0.917652420892378,1.5839778125797248,0.11600651134675255,0,True,-2.3548110738048043,0.0,0.0,0.0,0.0,0.0,0.0,0.0,0.0,0.0,36925.0,10225796.0,0,,,
regional_blend,2021_1pct_x100,0.12,120.0,1.0,20,20,-2.324773058875583,1.1404347169027167,-2.476193082459053,1.0052750202081282,-2.3766030513216894,-2.7657174103526514,-1.8838287073985147,0.9054202332232714,1.5628635939212765,0.11182814937279817,20,-2.3857748289566936,1.1547019979993662,-2.4989507240031283,1.0575313994669613,-2.4528552639230767,-2.832235565472959,-1.9393140924404282,0.9167473918817466,1.58241562428278,0.11503876885075126,0,True,-2.3858702396686846,0.0,0.0,0.0,0.0,0.0,0.0,0.0,0.0,0.0,36925.0,10225796.0,0,-1.4996890568646997,-2.7139277614771777,0.02405725020621506
regional_blend,2021_1pct_x100,0.12,120.0,3.0,20,20,-2.483361386725248,1.1154785000070981,-2.5741986892247097,1.0197903876075423,-2.56570750827267,-2.914656520486246,-2.0520662529642504,0.8856068555813058,1.5286633348007077,0.11925766346851496,20,-2.440486001562848,1.1541254573761899,-2.5741986892247097,1.0590268943732641,-2.5121132768196697,-2.886723821039305,-1.994248182086391,0.916289661563858,1.581625527018093,0.11700106424944146,0,True,-2.4414312716588134,0.0,0.0,0.0,0.0,0.0,0.0,0.0,0.0,0.0,36925.0,10225796.0,0,0.14112527052344742,-0.25547775457105215,0.6366851734363714
regional_blend,2021_1pct_x100,0.12,120.0,5.0,20,20,-2.494773143128092,1.1514210810082914,-2.6011774050581797,1.0631533339849761,-2.558742669648313,-2.9399653267027137,-2.04958095955347,0.9141425881317232,1.5779194215242789,0.11515796755925889,20,-2.5050934293458478,1.1517494282293839,-2.6300369994682646,1.0706304919488678,-2.571643027420508,-2.950412567011149,-2.0597742916805464,0.9144032713721519,1.578369391970114,0.11570114051808833,0,True,-2.5077691921779257,0.0,0.0,0.0,0.0,0.0,0.0,0.0,0.0,0.0,36925.0,10225796.0,0,0.4732218657171451,0.23929338451222779,0.7565358713882515
regional_blend,2021_1pct_x100,0.18,180.0,0.0,20,20,2.1982281651220754,0.8445838753116649,1.9877358544582284,0.860383064515697,2.1228749303618115,1.8716733140222035,2.524783016221947,0.6705366980041997,1.1574265244418598,0.0895085485443694,20,2.1602581849529345,0.8800130216387747,1.987805812306938,0.880275163740758,2.0924796739677136,1.8200048014258652,2.500511568480004,0.6986648016605965,1.2059789949495363,0.09150701085263746,0,True,2.1602581849529345,0.0,0.0,0.0,0.0,0.0,0.0,0.0,0.0,0.0,36925.0,10225796.0,0,,,
regional_blend,2021_1pct_x100,0.18,180.0,1.0,20,20,2.12013801365816,0.8802765487119399,1.9430093894529383,0.8751172089386201,2.049358575295476,1.7797827384816596,2.46049328883466,0.698874022530945,1.2063401351906728,0.09111843321707358,20,2.124544488404902,0.8766820517975974,1.9430093894529383,0.8751172089386201,2.054866668728904,1.7855790105462928,2.463509966263511,0.6960202596751952,1.201414199244821,0.0908865134935608,0,True,2.1244739793838394,0.0,0.0,0.0,0.0,0.0,0.0,0.0,0.0,0.0,36925.0,10225796.0,0,2.9432154600854323,2.3441195887042716,4.052159541657388
regional_blend,2021_1pct_x100,0.18,180.0,3.0,20,20,1.8967578266841798,1.0132060867463466,1.7570476886359048,0.9142852965120369,1.8654459340387528,1.5050058971687819,2.288509756199578,0.8044101760218256,1.3885081562721195,0.10284567636907016,20,2.059730982625032,0.8820470242288619,1.9081548846825007,0.903898689240429,1.9938611945875129,1.7186911604358492,2.400770804814215,0.7002796482381325,1.2087664132479046,0.09037919491170388,0,True,2.0591534704293797,0.0,0.0,0.0,0.0,0.0,0.0,0.0,0.0,0.0,36925.0,10225796.0,0,1.6362237501667392,1.4269870787493268,1.9989655249009508
regional_blend,2021_1pct_x100,0.18,180.0,5.0,20,20,1.3282028255316758,1.466404133026144,1.4263965050668053,1.0671273253638214,1.4734070348172987,0.7612237518003883,1.8951818992629632,1.1642156735898097,2.0095754711032274,0.1772151721081292,20,2.004993570771986,0.8838158841005571,1.8305101567619615,0.8998434820903785,1.9350066488246704,1.6632698262526442,2.3467173152913277,0.7016839912433325,1.2111904772081186,0.093883161933211,0,True,2.0031868004967257,0.0,0.0,0.0,0.0,0.0,0.0,0.0,0.0,0.0,36925.0,10225796.0,0,1.3662947784357935,1.2395848604511184,1.5878164157358992
regional_blend,2021_1pct_x100,0.21,210.0,0.0,20,20,8.185319544230053,3.8789285797679582,8.53267349493801,1.796716356851117,7.987651365348723,6.685547903046711,9.685091185413395,3.0795804155175586,5.315724057580786,0.6611296901070851,20,7.558108620192097,2.5545858435259183,8.391264423483282,1.9348799492963233,7.809360665630376,6.570388603104854,8.545828637279339,2.028150911185747,3.5008310017397553,0.27073270531228566,0,True,7.558108620192097,0.0,0.0,0.0,0.0,0.0,0.0,0.0,0.0,0.0,36925.0,10225796.0,0,,,
regional_blend,2021_1pct_x100,0.21,210.0,1.0,20,20,7.847341781403552,3.2758947583266123,8.650355922055814,1.9413191121306834,7.961416723282164,6.580730665214009,9.113952897593094,2.600816471243912,4.489320238523514,0.39544968983503725,20,7.519284272835611,2.5635512527396673,8.363358043345201,1.944332184808165,7.770625331957888,6.528097817474532,8.510470728196688,2.0352687784173766,3.513117291745753,0.27073291790741294,0,True,7.518924813092346,0.0,0.0,0.0,0.0,0.0,0.0,0.0,0.0,0.0,36925.0,10225796.0,0,9.365706173898653,5.928299427766416,10.591328491569836
regional_blend,2021_1pct_x100,0.21,210.0,3.0,20,20,7.6786734120659705,2.6005552797710974,8.30939949020355,1.801518838575739,7.825222796206352,6.6731795031877565,8.684167320944185,2.0646472200663566,3.5638279951457394,0.25546994559401615,20,7.26706767083386,2.6992930152235637,8.255345305142285,2.0534559394644774,7.478883192086824,6.223397226218777,8.310738115448943,2.1430376286853674,3.699139214453397,0.26234753995511184,0,True,7.248341310002654,0.0,0.0,0.0,0.0,0.0,0.0,0.0,0.0,0.0,36925.0,10225796.0,0,3.7540423685050173,2.403774024332961,4.180518662545153
regional_blend,2021_1pct_x100,0.21,210.0,5.0,20,20,7.374142432013232,2.6577735196162826,8.468216292155853,1.5602372287167516,7.63169150681173,6.346525328104867,8.401759535921599,2.1100742412692477,3.642240465966657,0.2735963736892426,20,7.167203981519269,2.704223471861546,8.169430844552252,2.0032171961910397,7.373018443694277,6.121627196302223,8.212780766736316,2.1469520440682865,3.705895963495409,0.26270487629482275,0,True,7.132282889265916,0.0,0.0,0.0,0.0,0.0,0.0,0.0,0.0,0.0,36925.0,10225796.0,0,2.6361526849309875,1.8193352592073728,2.888945799362229
