scenario,background_toy_index,mass_GeV,inj_nsigma,strength,role,attempt,optimizer_seed,optimizer_restarts,fit_ok,refit_fallback_used,error,gp_lml,gp_ls,gp_const,gp_const_lo,gp_const_hi,gp_ls_lo,gp_ls_hi,gp_ls_init,gp_const_init,sigma_A,sigmaA_reference,A_hat,Zhat,pull,amplitude_nll,n_blind,integral_density,A_per_eps2_unit,optimizer_warning_count,optimizer_warnings,n_train,n_train_low,n_train_high,train_domain_lo,train_domain_hi,bin_width_median,n_zero_train,min_y_train,max_y_train,training_counts_sha256,ls_at_lower,ls_at_upper,const_at_lower,const_at_upper,covariance_valid,covariance_min_eigenvalue,covariance_min_eigenvalue_relative,signal_seed,reference_attempt_selected,reference_gp_lml,reference_gp_ls,reference_gp_const,Nsig_full,Nsig_win,Nsig_train,signal_counts_sha256
2021_1pct_x10,10,0.065,0.0,0.0,reference_bonly,0,3266086786,12,True,False,,1630.3415620006901,0.39587541722618863,90.7549939355518,1e-08,1e+18,0.03533208047215282,0.4818010973475384,0.1304723539415717,1.0,5491.71965460666,5490.984046084368,5180.711563876276,0.9433678136739011,0.9433678136739011,-172320075.90745512,16,1371411554.7232068,2745119399.053598,2,"ConvergenceWarning: lbfgs failed to converge (status=2):
ABNORMAL_TERMINATION_IN_LNSRCH.

Increase the number of iterations (max_iter) or scale the data as shown in:
    https://scikit-learn.org/stable/modules/preprocessing.html | ConvergenceWarning: lbfgs failed to converge (status=2):
ABNORMAL_TERMINATION_IN_LNSRCH.

Increase the number of iterations (max_iter) or scale the data as shown in:
    https://scikit-learn.org/stable/modules/preprocessing.html",400,32,368,0.04,0.3,0.0006250000000000006,0,3897.0,1023666.0,fdce1e507d436a2b0a0cb63264760783d4e09b78b565d8d2e686afccea4ba648,False,False,False,False,True,-0.29390433509634734,-1.1053503675952517e-06,,,,,,,,,
2021_1pct_x10,10,0.065,0.0,0.0,reference_bonly,1,2820554213,12,True,False,,1610.8303595708542,0.3514073904612868,8.424713910955973,1e-08,1e+18,0.03533208047215282,0.4818010973475384,0.1304723539415717,1.0,5570.684774229806,5570.6075924977,2652.7274738774154,0.47619414513437036,0.47619414513437036,-172320075.68020755,16,1371411554.7232068,2745119399.053598,0,,400,32,368,0.04,0.3,0.0006250000000000006,0,3897.0,1023666.0,fdce1e507d436a2b0a0cb63264760783d4e09b78b565d8d2e686afccea4ba648,False,False,False,False,True,-0.029614983834855665,-1.0477869164878281e-07,,,,,,,,,
2021_1pct_x10,10,0.065,0.0,0.0,reference_bonly,2,3850695991,12,True,False,,1630.3415611917487,0.3958833983481136,90.7638386387027,1e-08,1e+18,0.03533208047215282,0.4818010973475384,0.1304723539415717,1.0,5491.663745423721,5490.928171598586,5180.529689528433,0.9433442995932589,0.9433442995932589,-172320075.9073075,16,1371411554.7232068,2745119399.053598,0,,400,32,368,0.04,0.3,0.0006250000000000006,0,3897.0,1023666.0,fdce1e507d436a2b0a0cb63264760783d4e09b78b565d8d2e686afccea4ba648,False,False,False,False,True,-0.23689273255101248,-8.9097012025807e-07,,,,,,,,,
2021_1pct_x10,10,0.065,1.0,5491.71965460666,injected_refit,0,2162944489,12,True,False,,1630.3610213311997,0.3958598224801564,90.61163945196178,1e-08,1e+18,0.03533208047215282,0.4818010973475384,0.1304723539415717,1.0,5492.618513864176,5491.71965460666,10586.835971952527,1.9274660974960847,0.9276297460828647,-172393258.79789886,16,1371411554.7232068,2745119399.053598,1,"ConvergenceWarning: lbfgs failed to converge (status=2):
ABNORMAL_TERMINATION_IN_LNSRCH.

Increase the number of iterations (max_iter) or scale the data as shown in:
    https://scikit-learn.org/stable/modules/preprocessing.html",400,32,368,0.04,0.3,0.0006250000000000006,0,3897.0,1023666.0,789f01c5cd751e0cdc6f2a26da121ece84e9b47768d24ff6de8a55b7a8938e50,False,False,False,False,True,-0.20893043959058002,-7.857912337390132e-07,176945712.0,0.0,1630.3415620006901,0.39587541722618863,90.7549939355518,5466.0,5358.0,108.0,b7096d88ba25205c0cbeb41274acf0f876811122d430a9a80bb7d5e1fd482acb
2021_1pct_x10,10,0.065,3.0,16475.15896381998,injected_refit,0,275325182,12,True,False,,1630.3839347353603,0.3958226273126338,90.30103964853579,1e-08,1e+18,0.03533208047215282,0.4818010973475384,0.1304723539415717,1.0,5494.439914295756,5491.71965460666,21298.853870414245,3.876437672017786,0.877922951535732,-172540705.711833,16,1371411554.7232068,2745119399.053598,0,,400,32,368,0.04,0.3,0.0006250000000000006,0,3897.0,1023666.0,236f369390d0ba6d348f4e189c79aaceb7a04da2ad98f02468470d4f6fa72fb7,False,False,False,False,True,-0.23039498917037884,-8.665561944403972e-07,2877849536.0,0.0,1630.3415620006901,0.39587541722618863,90.7549939355518,16477.0,16152.0,325.0,dc2480cf89b005cb4bb71f0411b4e4d3d3d75a0570a516c62278d3b5ea8bf742
2021_1pct_x10,10,0.065,5.0,27458.598273033298,injected_refit,0,854429169,12,True,False,,1630.4065802741845,0.3956982236419827,89.94162718382178,1e-08,1e+18,0.03533208047215282,0.4818010973475384,0.1304723539415717,1.0,5496.832618988288,5491.71965460666,31872.13704161315,5.7982731603494475,0.8029239881406794,-172685149.58592728,16,1371411554.7232068,2745119399.053598,0,,400,32,368,0.04,0.3,0.0006250000000000006,0,3897.0,1023666.0,d42383bf07732bd81b323835f370c392e6cba79d8694326b36507801b1449dee,False,False,False,False,True,-0.251321212394258,-9.448428701971871e-07,2773527841.0,0.0,1630.3415620006901,0.39587541722618863,90.7549939355518,27251.0,26726.0,525.0,b39cca17d7ad54086fcc3ef1fa80fbd6836445edcd6ed9c660d62d44ae3f196b
2021_1pct_x10,10,0.09,0.0,0.0,reference_bonly,0,3974156508,12,True,False,,1616.665343892062,0.38832109824443095,77.93137384170836,1e-08,1e+18,0.02918815006379436,0.39802022814265037,0.10778438730842861,1.0,5292.334979172869,5293.096508293626,-5352.692449810115,-1.0114046958242011,-1.0114046958242011,-217732270.64427602,18,1518821195.2289052,4209487618.933145,0,,398,71,327,0.04,0.3,0.0006250000000000006,0,3897.0,1023666.0,b9d86ff59226f4360f38fcbed08d91f0ffe64d79da6cf18bbeb06c8ae350a44c,False,False,False,False,True,-0.41396802213097694,-3.2380087925659195e-06,,,,,,,,,
2021_1pct_x10,10,0.09,0.0,0.0,reference_bonly,1,3967194924,12,True,False,,1616.6653440095533,0.3883194194522897,77.92812755187056,1e-08,1e+18,0.02918815006379436,0.39802022814265037,0.10778438730842861,1.0,5292.340656902757,5293.102184531117,-5352.683004867745,-1.011401826125135,-1.011401826125135,-217732270.64424747,18,1518821195.2289052,4209487618.933145,0,,398,71,327,0.04,0.3,0.0006250000000000006,0,3897.0,1023666.0,b9d86ff59226f4360f38fcbed08d91f0ffe64d79da6cf18bbeb06c8ae350a44c,False,False,False,False,True,-0.3298033233333629,-2.5796674710781116e-06,,,,,,,,,
2021_1pct_x10,10,0.09,0.0,0.0,reference_bonly,2,3450655832,12,True,False,,1616.665343946764,0.38832262441416426,77.9233055381987,1e-08,1e+18,0.02918815006379436,0.39802022814265037,0.10778438730842861,1.0,5292.319793135579,5293.081349429192,-5352.827062411134,-1.0114330334599273,-1.0114330334599273,-217732270.6443311,18,1518821195.2289052,4209487618.933145,0,,398,71,327,0.04,0.3,0.0006250000000000006,0,3897.0,1023666.0,b9d86ff59226f4360f38fcbed08d91f0ffe64d79da6cf18bbeb06c8ae350a44c,False,False,False,False,True,-0.3359024229215632,-2.6274252086765028e-06,,,,,,,,,
2021_1pct_x10,10,0.09,1.0,5292.340656902757,injected_refit,0,2013777537,12,True,False,,1616.6385275645166,0.38832739415136297,77.88422779219586,1e-08,1e+18,0.02918815006379436,0.39802022814265037,0.10778438730842861,1.0,5293.060362171731,5292.340656902757,-91.33883513664094,-0.017256337333580837,-1.017120365850218,-217804211.87575436,18,1518821195.2289052,4209487618.933145,0,,398,71,327,0.04,0.3,0.0006250000000000006,0,3897.0,1023666.0,f708c12e776f38a899e4262dcb13a1d8326ac482cc72ebf35c366f842b9f128d,False,False,False,False,True,-0.333216687256011,-2.6065273576579303e-06,4090187633.0,1.0,1616.6653440095533,0.3883194194522897,77.92812755187056,5335.0,5227.0,108.0,573ff1e8ed578eae2a2078845a67cb8298b6b743f958618831f4ef5cda59052a
2021_1pct_x10,10,0.09,3.0,15877.021970708269,injected_refit,0,3053123644,12,True,False,,1616.5497552897505,0.3882852481206248,77.69984482174576,1e-08,1e+18,0.02918815006379436,0.39802022814265037,0.10778438730842861,1.0,5294.691352791083,5292.340656902757,10068.311061669017,1.9015860209418125,-1.0970820623901343,-217946517.87098986,18,1518821195.2289052,4209487618.933145,0,,398,71,327,0.04,0.3,0.0006250000000000006,0,3897.0,1023666.0,832ca590f714087bf1cdc5d85ebea2409114792e104cf92509f2cf3eb5a41194,False,False,False,False,True,-0.3849825707603658,-3.0111997347476296e-06,1332639439.0,1.0,1616.6653440095533,0.3883194194522897,77.92812755187056,15902.0,15566.0,336.0,cd311c72df8f14d8bf9df7c8337213f2f5077115ec8a20786336a8099b9695ae
2021_1pct_x10,10,0.09,5.0,26461.703284513784,injected_refit,0,2176560139,12,True,False,,1616.517515505555,0.38834024716500026,77.70181940611283,1e-08,1e+18,0.02918815006379436,0.39802022814265037,0.10778438730842861,1.0,5295.999775242062,5292.340656902757,20786.271635697693,3.924900399896188,-1.0716449942743222,-218091291.20923984,18,1518821195.2289052,4209487618.933145,0,,398,71,327,0.04,0.3,0.0006250000000000006,0,3897.0,1023666.0,fb2debac8a5631efe37e8dd1605a9d16c62d987505184da642d9d1c3865921f2,False,False,False,False,True,-0.37258204355169733,-2.9149364808346904e-06,4061546681.0,1.0,1616.6653440095533,0.3883194194522897,77.92812755187056,26577.0,26084.0,493.0,ce25819eb5945e61a5ff3b20672342ac17a3132122a54ec2bfb1636a1c00af3c
2021_1pct_x10,10,0.12,0.0,0.0,reference_bonly,0,3622238849,12,True,False,,1598.66743357725,0.3606116126040492,47.74027425623658,1e-08,1e+18,0.026444851590963617,0.3606116126040493,0.09765408633176671,1.0,4283.714678467573,4283.3619201716,299.4351995782645,0.06990082721508015,0.06990082721508015,-149807499.65520722,22,889477662.0783651,3286974764.9017353,2,"ConvergenceWarning: lbfgs failed to converge (status=2):
ABNORMAL_TERMINATION_IN_LNSRCH.

Increase the number of iterations (max_iter) or scale the data as shown in:
    https://scikit-learn.org/stable/modules/preprocessing.html | ConvergenceWarning: The optimal value found for dimension 0 of parameter k2__length_scale is close to the specified upper bound 0.3606116126040493. Increasing the bound and calling fit again may find a better value.",394,117,277,0.04,0.3,0.0006250000000000006,0,3897.0,1023666.0,9b9d2a9aa49892b40afb1798601472d7685c01fca11113f6110e8fac5ced8663,False,True,False,False,True,-0.06118641741106761,-1.1333292868190033e-06,,,,,,,,,
2021_1pct_x10,10,0.12,0.0,0.0,reference_bonly,1,2426588774,12,True,False,,1598.6674342025435,0.3606116126040492,47.74028417613568,1e-08,1e+18,0.026444851590963617,0.3606116126040493,0.09765408633176671,1.0,4283.714728272036,4283.361970012277,299.43539679360055,0.06990087244077216,0.06990087244077216,-149807499.65520722,22,889477662.0783651,3286974764.9017353,1,ConvergenceWarning: The optimal value found for dimension 0 of parameter k2__length_scale is close to the specified upper bound 0.3606116126040493. Increasing the bound and calling fit again may find a better value.,394,117,277,0.04,0.3,0.0006250000000000006,0,3897.0,1023666.0,9b9d2a9aa49892b40afb1798601472d7685c01fca11113f6110e8fac5ced8663,False,True,False,False,True,-0.07291683662652897,-1.350606842751054e-06,,,,,,,,,
2021_1pct_x10,10,0.12,0.0,0.0,reference_bonly,2,2009503982,12,True,False,,1598.667434507231,0.3606116126040492,47.74338319438075,1e-08,1e+18,0.026444851590963617,0.3606116126040493,0.09765408633176671,1.0,4283.717898990452,4283.365135552242,299.4558528532154,0.06990559600663443,0.06990559600663443,-149807499.65520298,22,889477662.0783651,3286974764.9017353,2,"ConvergenceWarning: lbfgs failed to converge (status=2):
ABNORMAL_TERMINATION_IN_LNSRCH.

Increase the number of iterations (max_iter) or scale the data as shown in:
    https://scikit-learn.org/stable/modules/preprocessing.html | ConvergenceWarning: The optimal value found for dimension 0 of parameter k2__length_scale is close to the specified upper bound 0.3606116126040493. Increasing the bound and calling fit again may find a better value.",394,117,277,0.04,0.3,0.0006250000000000006,0,3897.0,1023666.0,9b9d2a9aa49892b40afb1798601472d7685c01fca11113f6110e8fac5ced8663,False,True,False,False,True,-0.06300446241962955,-1.1669993732946946e-06,,,,,,,,,
2021_1pct_x10,10,0.12,1.0,4283.717898990452,injected_refit,0,3924571600,12,True,False,,1598.6719090201668,0.3606116126040492,47.730899695472566,1e-08,1e+18,0.026444851590963617,0.3606116126040493,0.09765408633176671,1.0,4284.460766470556,4283.717898990452,4506.452224027002,1.051813161482003,0.051986547940788566,-149863360.82044184,22,889477662.0783651,3286974764.9017353,2,"ConvergenceWarning: lbfgs failed to converge (status=2):
ABNORMAL_TERMINATION_IN_LNSRCH.

Increase the number of iterations (max_iter) or scale the data as shown in:
    https://scikit-learn.org/stable/modules/preprocessing.html | ConvergenceWarning: The optimal value found for dimension 0 of parameter k2__length_scale is close to the specified upper bound 0.3606116126040493. Increasing the bound and calling fit again may find a better value.",394,117,277,0.04,0.3,0.0006250000000000006,0,3897.0,1023666.0,e1f1b9099b63faae0b8e0dd8ee99e224a70627521e976f91602bb5bbc5191b03,False,True,False,False,True,-0.07436023031036987,-1.3773423026545463e-06,3098645147.0,2.0,1598.667434507231,0.3606116126040492,47.74338319438075,4305.0,4223.0,82.0,d8ad8046f8de609b0b5111e5757144b9efb56258bced194d7d204969dfa58e22
2021_1pct_x10,10,0.12,1.0,4283.717898990452,injected_refit,1,3477393042,12,True,False,,1598.6719085988216,0.3606116126040492,47.72609107525806,1e-08,1e+18,0.026444851590963617,0.3606116126040493,0.09765408633176671,1.0,4284.455823909374,4283.717898990452,4506.422487335011,1.0518074342573343,0.05197966731311772,-149863360.82044804,22,889477662.0783651,3286974764.9017353,1,ConvergenceWarning: The optimal value found for dimension 0 of parameter k2__length_scale is close to the specified upper bound 0.3606116126040493. Increasing the bound and calling fit again may find a better value.,394,117,277,0.04,0.3,0.0006250000000000006,0,3897.0,1023666.0,e1f1b9099b63faae0b8e0dd8ee99e224a70627521e976f91602bb5bbc5191b03,False,True,False,False,True,-0.07450535016499961,-1.3800387825886421e-06,3098645147.0,2.0,1598.667434507231,0.3606116126040492,47.74338319438075,4305.0,4223.0,82.0,d8ad8046f8de609b0b5111e5757144b9efb56258bced194d7d204969dfa58e22
2021_1pct_x10,10,0.12,1.0,4283.717898990452,injected_refit,2,2435686,12,True,False,,1598.671908117276,0.3606116126040492,47.722255044842846,1e-08,1e+18,0.026444851590963617,0.3606116126040493,0.09765408633176671,1.0,4284.451928838773,4283.717898990452,4506.398379382882,1.0518027636277538,0.0519740877225301,-149863360.8204528,22,889477662.0783651,3286974764.9017353,1,ConvergenceWarning: The optimal value found for dimension 0 of parameter k2__length_scale is close to the specified upper bound 0.3606116126040493. Increasing the bound and calling fit again may find a better value.,394,117,277,0.04,0.3,0.0006250000000000006,0,3897.0,1023666.0,e1f1b9099b63faae0b8e0dd8ee99e224a70627521e976f91602bb5bbc5191b03,False,True,False,False,True,-0.07569669658140951,-1.402112725928851e-06,3098645147.0,2.0,1598.667434507231,0.3606116126040492,47.74338319438075,4305.0,4223.0,82.0,d8ad8046f8de609b0b5111e5757144b9efb56258bced194d7d204969dfa58e22
2021_1pct_x10,10,0.12,3.0,12851.153696971356,injected_refit,0,1311425774,12,True,False,,1598.6729979218862,0.3606116126040492,47.69901105519512,1e-08,1e+18,0.026444851590963617,0.3606116126040493,0.09765408633176671,1.0,4285.959437537106,4283.717898990452,12903.059375184414,3.010541644929579,0.012110632162885004,-149974486.94960454,22,889477662.0783651,3286974764.9017353,1,ConvergenceWarning: The optimal value found for dimension 0 of parameter k2__length_scale is close to the specified upper bound 0.3606116126040493. Increasing the bound and calling fit again may find a better value.,394,117,277,0.04,0.3,0.0006250000000000006,0,3897.0,1023666.0,b17b799118c29d2fd6f633fde4c0e13349a9cb622e556220696bf2f80d919234,False,True,False,False,True,-0.08774388547778786,-1.6252711282197153e-06,505782108.0,2.0,1598.667434507231,0.3606116126040492,47.74338319438075,12868.0,12625.0,243.0,8819ee89131ba3b4d4d4bed145bee106f26aa89f0a6f3183ae6f36b2d1228bc3
2021_1pct_x10,10,0.12,3.0,12851.153696971356,injected_refit,1,210540065,12,True,False,,1598.672998615924,0.3606116126040492,47.69453871493724,1e-08,1e+18,0.026444851590963617,0.3606116126040493,0.09765408633176671,1.0,4285.954872386025,4283.717898990452,12903.031984827192,3.010538460859708,0.012104254337833199,-149974486.94961098,22,889477662.0783651,3286974764.9017353,2,"ConvergenceWarning: lbfgs failed to converge (status=2):
ABNORMAL_TERMINATION_IN_LNSRCH.

Increase the number of iterations (max_iter) or scale the data as shown in:
    https://scikit-learn.org/stable/modules/preprocessing.html | ConvergenceWarning: The optimal value found for dimension 0 of parameter k2__length_scale is close to the specified upper bound 0.3606116126040493. Increasing the bound and calling fit again may find a better value.",394,117,277,0.04,0.3,0.0006250000000000006,0,3897.0,1023666.0,b17b799118c29d2fd6f633fde4c0e13349a9cb622e556220696bf2f80d919234,False,True,False,False,True,-0.06938265656648343,-1.285175195541111e-06,505782108.0,2.0,1598.667434507231,0.3606116126040492,47.74338319438075,12868.0,12625.0,243.0,8819ee89131ba3b4d4d4bed145bee106f26aa89f0a6f3183ae6f36b2d1228bc3
2021_1pct_x10,10,0.12,3.0,12851.153696971356,injected_refit,2,4081330697,12,True,False,,1598.6729979835723,0.3606116126040492,47.6927567337906,1e-08,1e+18,0.026444851590963617,0.3606116126040493,0.09765408633176671,1.0,4285.95307519636,4283.717898990452,12903.020894104071,3.010537135550165,0.01210167172218482,-149974486.94961295,22,889477662.0783651,3286974764.9017353,1,ConvergenceWarning: The optimal value found for dimension 0 of parameter k2__length_scale is close to the specified upper bound 0.3606116126040493. Increasing the bound and calling fit again may find a better value.,394,117,277,0.04,0.3,0.0006250000000000006,0,3897.0,1023666.0,b17b799118c29d2fd6f633fde4c0e13349a9cb622e556220696bf2f80d919234,False,True,False,False,True,-0.08953950266668635,-1.6585446394670441e-06,505782108.0,2.0,1598.667434507231,0.3606116126040492,47.74338319438075,12868.0,12625.0,243.0,8819ee89131ba3b4d4d4bed145bee106f26aa89f0a6f3183ae6f36b2d1228bc3
2021_1pct_x10,10,0.12,5.0,21418.589494952263,injected_refit,0,137413701,12,True,False,,1598.6454509522246,0.3606116126040492,47.66499841493263,1e-08,1e+18,0.026444851590963617,0.3606116126040493,0.09765408633176671,1.0,4287.426293423068,4283.717898990452,21370.42353302595,4.984441030696733,-0.011234236726168021,-150084988.88348642,22,889477662.0783651,3286974764.9017353,1,ConvergenceWarning: The optimal value found for dimension 0 of parameter k2__length_scale is close to the specified upper bound 0.3606116126040493. Increasing the bound and calling fit again may find a better value.,394,117,277,0.04,0.3,0.0006250000000000006,0,3897.0,1023666.0,70207cffb7e58f291024dfafda19d6fa09d53086a883909a424b3d7938c3136a,False,True,False,False,True,-0.0689737544557917,-1.277626376929621e-06,4194621441.0,2.0,1598.667434507231,0.3606116126040492,47.74338319438075,21348.0,20979.0,369.0,5d8c48cf9398e50284b13b2014212426daaa6b43652030795f7728b84a949bfc
2021_1pct_x10,10,0.12,5.0,21418.589494952263,injected_refit,1,2430540489,12,True,False,,1598.645451282718,0.3606116126040492,47.66581040425713,1e-08,1e+18,0.026444851590963617,0.3606116126040493,0.09765408633176671,1.0,4287.427004572747,4283.717898990452,21370.428595286,4.984441384656441,-0.011233054140605955,-150084988.88348547,22,889477662.0783651,3286974764.9017353,1,ConvergenceWarning: The optimal value found for dimension 0 of parameter k2__length_scale is close to the specified upper bound 0.3606116126040493. Increasing the bound and calling fit again may find a better value.,394,117,277,0.04,0.3,0.0006250000000000006,0,3897.0,1023666.0,70207cffb7e58f291024dfafda19d6fa09d53086a883909a424b3d7938c3136a,False,True,False,False,True,-0.06412748175654191,-1.1878558202786272e-06,4194621441.0,2.0,1598.667434507231,0.3606116126040492,47.74338319438075,21348.0,20979.0,369.0,5d8c48cf9398e50284b13b2014212426daaa6b43652030795f7728b84a949bfc
2021_1pct_x10,10,0.12,5.0,21418.589494952263,injected_refit,2,1058283989,12,True,False,,1598.6454507273202,0.3606116126040492,47.66479119287808,1e-08,1e+18,0.026444851590963617,0.3606116126040493,0.09765408633176671,1.0,4287.426036110942,4283.717898990452,21370.422999723425,4.984441205453006,-0.011234361787971166,-150084988.88348663,22,889477662.0783651,3286974764.9017353,1,ConvergenceWarning: The optimal value found for dimension 0 of parameter k2__length_scale is close to the specified upper bound 0.3606116126040493. Increasing the bound and calling fit again may find a better value.,394,117,277,0.04,0.3,0.0006250000000000006,0,3897.0,1023666.0,70207cffb7e58f291024dfafda19d6fa09d53086a883909a424b3d7938c3136a,False,True,False,False,True,-0.07207859297312232,-1.335139001663064e-06,4194621441.0,2.0,1598.667434507231,0.3606116126040492,47.74338319438075,21348.0,20979.0,369.0,5d8c48cf9398e50284b13b2014212426daaa6b43652030795f7728b84a949bfc
2021_1pct_x10,10,0.18,0.0,0.0,reference_bonly,0,858368479,12,True,False,,1575.199806533636,0.36088211163409106,47.41470687204628,1e-08,1e+18,0.02646468818650001,0.360882111634091,0.09772733781538258,1.0,2423.300096623199,2424.075748403355,-3137.6699806284196,-1.2947921658570787,-1.2947921658570787,-41025978.78241661,32,190442503.62283948,1055641524.6735511,1,ConvergenceWarning: The optimal value found for dimension 0 of parameter k2__length_scale is close to the specified upper bound 0.360882111634091. Increasing the bound and calling fit again may find a better value.,384,208,176,0.04,0.3,0.0006250000000000006,0,3897.0,1023666.0,9731ddedb093bcc960945077883884fcc2b6f7c27213cf04522b0fe40cc1d309,False,True,False,False,True,-0.004016984939326221,-4.981005669680454e-07,,,,,,,,,
2021_1pct_x10,10,0.18,0.0,0.0,reference_bonly,1,2925430996,12,True,False,,1575.1998067359514,0.36088211163409106,47.40692364506244,1e-08,1e+18,0.02646468818650001,0.360882111634091,0.09772733781538258,1.0,2423.294914408015,2424.070563177593,-3137.659673724109,-1.2947906815091905,-1.2947906815091905,-41025978.782414176,32,190442503.62283948,1055641524.6735511,1,ConvergenceWarning: The optimal value found for dimension 0 of parameter k2__length_scale is close to the specified upper bound 0.360882111634091. Increasing the bound and calling fit again may find a better value.,384,208,176,0.04,0.3,0.0006250000000000006,0,3897.0,1023666.0,9731ddedb093bcc960945077883884fcc2b6f7c27213cf04522b0fe40cc1d309,False,True,False,False,True,-0.003876792206800655,-4.807207068957907e-07,,,,,,,,,
2021_1pct_x10,10,0.18,0.0,0.0,reference_bonly,2,3824559515,12,True,False,,1575.1998065887042,0.36088211163409106,47.411543617248576,1e-08,1e+18,0.02646468818650001,0.360882111634091,0.09772733781538258,1.0,2423.2979911299685,2424.073641736974,-3137.665806399316,-1.2947915683024365,-1.2947915683024365,-41025978.78241569,32,190442503.62283948,1055641524.6735511,1,ConvergenceWarning: The optimal value found for dimension 0 of parameter k2__length_scale is close to the specified upper bound 0.360882111634091. Increasing the bound and calling fit again may find a better value.,384,208,176,0.04,0.3,0.0006250000000000006,0,3897.0,1023666.0,9731ddedb093bcc960945077883884fcc2b6f7c27213cf04522b0fe40cc1d309,False,True,False,False,True,-0.00369407452420912,-4.5806161077979963e-07,,,,,,,,,
2021_1pct_x10,10,0.18,1.0,2423.294914408015,injected_refit,0,2513266120,12,True,False,,1575.2290033040608,0.36088211163409106,47.4158967976376,1e-08,1e+18,0.02646468818650001,0.360882111634091,0.09772733781538258,1.0,2424.0488502482003,2423.294914408015,-854.8399787766933,-0.35264965006343235,-1.352338626694366,-41053455.09931081,32,190442503.62283948,1055641524.6735511,1,ConvergenceWarning: The optimal value found for dimension 0 of parameter k2__length_scale is close to the specified upper bound 0.360882111634091. Increasing the bound and calling fit again may find a better value.,384,208,176,0.04,0.3,0.0006250000000000006,0,3897.0,1023666.0,383b115428be0a8ce235c3805dec1c657136329446ad58637df8fee5a06f9eec,False,True,False,False,True,-0.003630337181056949,-4.501490490229657e-07,3854344955.0,1.0,1575.1998067359514,0.36088211163409106,47.40692364506244,2393.0,2352.0,41.0,45bb1721ca2263a856e65795b5f33beafc422ce46076887f6561229774118070
2021_1pct_x10,10,0.18,1.0,2423.294914408015,injected_refit,1,358059699,12,True,False,,1575.2290037598964,0.36088211163409106,47.40861107702415,1e-08,1e+18,0.02646468818650001,0.360882111634091,0.09772733781538258,1.0,2424.0440080184076,2423.294914408015,-854.8301016146897,-0.3526462798476546,-1.3523372534405784,-41053455.099308774,32,190442503.62283948,1055641524.6735511,2,"ConvergenceWarning: lbfgs failed to converge (status=2):
ABNORMAL_TERMINATION_IN_LNSRCH.

Increase the number of iterations (max_iter) or scale the data as shown in:
    https://scikit-learn.org/stable/modules/preprocessing.html | ConvergenceWarning: The optimal value found for dimension 0 of parameter k2__length_scale is close to the specified upper bound 0.360882111634091. Increasing the bound and calling fit again may find a better value.",384,208,176,0.04,0.3,0.0006250000000000006,0,3897.0,1023666.0,383b115428be0a8ce235c3805dec1c657136329446ad58637df8fee5a06f9eec,False,True,False,False,True,-0.0030688745686974937,-3.8053254755016135e-07,3854344955.0,1.0,1575.1998067359514,0.36088211163409106,47.40692364506244,2393.0,2352.0,41.0,45bb1721ca2263a856e65795b5f33beafc422ce46076887f6561229774118070
2021_1pct_x10,10,0.18,1.0,2423.294914408015,injected_refit,2,1858194316,12,True,False,,1575.229003331433,0.36088211163409106,47.40881675316219,1e-08,1e+18,0.02646468818650001,0.360882111634091,0.09772733781538258,1.0,2424.0441443260156,2423.294914408015,-854.8304207434705,-0.3526463916692197,-1.3523373090480328,-41053455.09930892,32,190442503.62283948,1055641524.6735511,1,ConvergenceWarning: The optimal value found for dimension 0 of parameter k2__length_scale is close to the specified upper bound 0.360882111634091. Increasing the bound and calling fit again may find a better value.,384,208,176,0.04,0.3,0.0006250000000000006,0,3897.0,1023666.0,383b115428be0a8ce235c3805dec1c657136329446ad58637df8fee5a06f9eec,False,True,False,False,True,-0.004506371913202719,-5.587784000012896e-07,3854344955.0,1.0,1575.1998067359514,0.36088211163409106,47.40692364506244,2393.0,2352.0,41.0,45bb1721ca2263a856e65795b5f33beafc422ce46076887f6561229774118070
2021_1pct_x10,10,0.18,3.0,7269.8847432240445,injected_refit,0,3152346111,12,True,False,,1575.2341008467115,0.36088211163409106,47.416982692097775,1e-08,1e+18,0.02646468818650001,0.360882111634091,0.09772733781538258,1.0,2425.578318306892,2423.294914408015,3964.8565597393576,1.6346025728441191,-1.3625732711000116,-41108666.461856686,32,190442503.62283948,1055641524.6735511,1,ConvergenceWarning: The optimal value found for dimension 0 of parameter k2__length_scale is close to the specified upper bound 0.360882111634091. Increasing the bound and calling fit again may find a better value.,384,208,176,0.04,0.3,0.0006250000000000006,0,3897.0,1023666.0,a5df544c2ff4bb5bbde70083041840024fd431a8bcfd6f28e65c9db0b85d08bd,False,True,False,False,True,-0.0032340020777425534,-4.009850498837062e-07,4134986912.0,1.0,1575.1998067359514,0.36088211163409106,47.40692364506244,7245.0,7079.0,166.0,ccfb92099ec87cade1167ec089bfb0b2d3ab08868c4b811ea5e1366ace2a8cea
2021_1pct_x10,10,0.18,3.0,7269.8847432240445,injected_refit,1,2260869189,12,True,False,,1575.2341009538545,0.36088211163409106,47.41940760569634,1e-08,1e+18,0.02646468818650001,0.360882111634091,0.09772733781538258,1.0,2425.579931344143,2423.294914408015,3964.8533652701217,1.6346001688235379,-1.3625736819657923,-41108666.461857416,32,190442503.62283948,1055641524.6735511,2,"ConvergenceWarning: lbfgs failed to converge (status=2):
ABNORMAL_TERMINATION_IN_LNSRCH.

Increase the number of iterations (max_iter) or scale the data as shown in:
    https://scikit-learn.org/stable/modules/preprocessing.html | ConvergenceWarning: The optimal value found for dimension 0 of parameter k2__length_scale is close to the specified upper bound 0.360882111634091. Increasing the bound and calling fit again may find a better value.",384,208,176,0.04,0.3,0.0006250000000000006,0,3897.0,1023666.0,a5df544c2ff4bb5bbde70083041840024fd431a8bcfd6f28e65c9db0b85d08bd,False,True,False,False,True,-0.0032211137608087917,-3.993860357116828e-07,4134986912.0,1.0,1575.1998067359514,0.36088211163409106,47.40692364506244,7245.0,7079.0,166.0,ccfb92099ec87cade1167ec089bfb0b2d3ab08868c4b811ea5e1366ace2a8cea
2021_1pct_x10,10,0.18,3.0,7269.8847432240445,injected_refit,2,620134723,12,True,False,,1575.2341013057062,0.36088211163409106,47.41667475394898,1e-08,1e+18,0.02646468818650001,0.360882111634091,0.09772733781538258,1.0,2425.578110613208,2423.294914408015,3964.85720467679,1.6346029786995555,-1.3625731218821535,-41108666.461856514,32,190442503.62283948,1055641524.6735511,1,ConvergenceWarning: The optimal value found for dimension 0 of parameter k2__length_scale is close to the specified upper bound 0.360882111634091. Increasing the bound and calling fit again may find a better value.,384,208,176,0.04,0.3,0.0006250000000000006,0,3897.0,1023666.0,a5df544c2ff4bb5bbde70083041840024fd431a8bcfd6f28e65c9db0b85d08bd,False,True,False,False,True,-0.003608836160809023,-4.474610170820696e-07,4134986912.0,1.0,1575.1998067359514,0.36088211163409106,47.40692364506244,7245.0,7079.0,166.0,ccfb92099ec87cade1167ec089bfb0b2d3ab08868c4b811ea5e1366ace2a8cea
2021_1pct_x10,10,0.18,5.0,12116.474572040075,injected_refit,0,2663007280,12,True,False,,1575.3034140878221,0.36088211163409106,47.419570588605815,1e-08,1e+18,0.02646468818650001,0.360882111634091,0.09772733781538258,1.0,2427.0623374891406,2423.294914408015,8638.792204111216,3.5593614843235843,-1.4328772336052202,-41162679.214863844,32,190442503.62283948,1055641524.6735511,1,ConvergenceWarning: The optimal value found for dimension 0 of parameter k2__length_scale is close to the specified upper bound 0.360882111634091. Increasing the bound and calling fit again may find a better value.,384,208,176,0.04,0.3,0.0006250000000000006,0,3897.0,1023666.0,2dba78c88933f1a39c06617ffade242638e6a271d46245c2d054b013a499cd68,False,True,False,False,True,-0.003526706299591912,-4.3726126981758403e-07,3736854014.0,1.0,1575.1998067359514,0.36088211163409106,47.40692364506244,11957.0,11702.0,255.0,1a7910bad436adfacdb1e0afb7d9c4f439ea7e2268fd6fd57a063c954ff6fac2
2021_1pct_x10,10,0.18,5.0,12116.474572040075,injected_refit,1,3540353866,12,True,False,,1575.3034132129137,0.36088211163409106,47.4129761929891,1e-08,1e+18,0.02646468818650001,0.360882111634091,0.09772733781538258,1.0,2427.0579525934904,2423.294914408015,8638.801956655805,3.5593719331772067,-1.4328758040854033,-41162679.21486182,32,190442503.62283948,1055641524.6735511,2,"ConvergenceWarning: lbfgs failed to converge (status=2):
ABNORMAL_TERMINATION_IN_LNSRCH.

Increase the number of iterations (max_iter) or scale the data as shown in:
    https://scikit-learn.org/stable/modules/preprocessing.html | ConvergenceWarning: The optimal value found for dimension 0 of parameter k2__length_scale is close to the specified upper bound 0.360882111634091. Increasing the bound and calling fit again may find a better value.",384,208,176,0.04,0.3,0.0006250000000000006,0,3897.0,1023666.0,2dba78c88933f1a39c06617ffade242638e6a271d46245c2d054b013a499cd68,False,True,False,False,True,-0.003635580964999161,-4.507632475765399e-07,3736854014.0,1.0,1575.1998067359514,0.36088211163409106,47.40692364506244,11957.0,11702.0,255.0,1a7910bad436adfacdb1e0afb7d9c4f439ea7e2268fd6fd57a063c954ff6fac2
2021_1pct_x10,10,0.18,5.0,12116.474572040075,injected_refit,2,2617192246,12,True,False,,1575.3034132878806,0.36088211163409106,47.427666287772745,1e-08,1e+18,0.02646468818650001,0.360882111634091,0.09772733781538258,1.0,2427.0677318939984,2423.294914408015,8638.78028217903,3.559348661208408,-1.4328789609621544,-41162679.21486606,32,190442503.62283948,1055641524.6735511,1,ConvergenceWarning: The optimal value found for dimension 0 of parameter k2__length_scale is close to the specified upper bound 0.360882111634091. Increasing the bound and calling fit again may find a better value.,384,208,176,0.04,0.3,0.0006250000000000006,0,3897.0,1023666.0,2dba78c88933f1a39c06617ffade242638e6a271d46245c2d054b013a499cd68,False,True,False,False,True,-0.003921774974184053,-4.862400624828754e-07,3736854014.0,1.0,1575.1998067359514,0.36088211163409106,47.40692364506244,11957.0,11702.0,255.0,1a7910bad436adfacdb1e0afb7d9c4f439ea7e2268fd6fd57a063c954ff6fac2
2021_1pct_x10,10,0.21,0.0,0.0,reference_bonly,0,3443414890,12,True,False,,1555.140336619608,0.3771185154055612,60.85912033960539,1e-08,1e+18,0.027655357796407824,0.3771185154055612,0.10212417674180257,1.0,1815.6212746384745,1814.8733584846984,1112.645464436303,0.6128180364365098,0.6128180364365098,-19931770.764563154,38,84161687.58816822,544269262.0273921,1,ConvergenceWarning: The optimal value found for dimension 0 of parameter k2__length_scale is close to the specified upper bound 0.3771185154055612. Increasing the bound and calling fit again may find a better value.,378,253,125,0.04,0.3,0.0006250000000000006,0,3897.0,1023666.0,5ec0f3c6da34244e7bd8e0569ad23822eaa5f697423d14e3bd8a6554919e58a8,False,True,False,False,True,-0.0008645259172952994,-2.616761418572105e-07,,,,,,,,,
2021_1pct_x10,10,0.21,0.0,0.0,reference_bonly,1,550280631,12,True,False,,1555.1403352879386,0.3771185154055612,60.85797947926381,1e-08,1e+18,0.027655357796407824,0.3771185154055612,0.10212417674180257,1.0,1815.620669053667,1814.872751622666,1112.64792307871,0.6128195949975836,0.6128195949975836,-19931770.764563177,38,84161687.58816822,544269262.0273921,1,ConvergenceWarning: The optimal value found for dimension 0 of parameter k2__length_scale is close to the specified upper bound 0.3771185154055612. Increasing the bound and calling fit again may find a better value.,378,253,125,0.04,0.3,0.0006250000000000006,0,3897.0,1023666.0,5ec0f3c6da34244e7bd8e0569ad23822eaa5f697423d14e3bd8a6554919e58a8,False,True,False,False,True,-0.0008267868713975023,-2.50253510521392e-07,,,,,,,,,
2021_1pct_x10,10,0.21,0.0,0.0,reference_bonly,2,333961380,12,True,False,,1555.140334726487,0.3771185154055612,60.85761485969557,1e-08,1e+18,0.027655357796407824,0.3771185154055612,0.10212417674180257,1.0,1815.620479393232,1814.8725616305546,1112.6486110292433,0.6128200379195342,0.6128200379195342,-19931770.764563095,38,84161687.58816822,544269262.0273921,1,ConvergenceWarning: The optimal value found for dimension 0 of parameter k2__length_scale is close to the specified upper bound 0.3771185154055612. Increasing the bound and calling fit again may find a better value.,378,253,125,0.04,0.3,0.0006250000000000006,0,3897.0,1023666.0,5ec0f3c6da34244e7bd8e0569ad23822eaa5f697423d14e3bd8a6554919e58a8,False,True,False,False,True,-0.0007335158161597855,-2.2202210825257156e-07,,,,,,,,,
2021_1pct_x10,10,0.21,1.0,1815.6212746384745,injected_refit,0,3062889394,12,True,False,,1555.17864926987,0.3771185154055612,60.88725822886015,1e-08,1e+18,0.027655357796407824,0.3771185154055612,0.10212417674180257,1.0,1816.3777409088568,1815.6212746384745,2798.3261465213486,1.5406080373574478,0.5410245070450821,-19949880.25281079,38,84161687.58816822,544269262.0273921,1,ConvergenceWarning: The optimal value found for dimension 0 of parameter k2__length_scale is close to the specified upper bound 0.3771185154055612. Increasing the bound and calling fit again may find a better value.,378,253,125,0.04,0.3,0.0006250000000000006,0,3897.0,1023666.0,033c65d36b624246655eb696123c1e86cae01a20963c2f47921ee56a8b75fdf5,False,True,False,False,True,-0.0007578940232467387,-2.2938579846392743e-07,32591279.0,0.0,1555.140336619608,0.3771185154055612,60.85912033960539,1717.0,1666.0,51.0,5e322389057cf66883b039d8793f7e90f9db747dacf5f2bd712978f5fa14c101
2021_1pct_x10,10,0.21,1.0,1815.6212746384745,injected_refit,1,1727254477,12,True,False,,1555.1786479942086,0.3771185154055612,60.88725025546913,1e-08,1e+18,0.027655357796407824,0.3771185154055612,0.10212417674180257,1.0,1816.3777353362366,1815.6212746384745,2798.326160758096,1.540608049921999,0.5410245165429257,-19949880.25281091,38,84161687.58816822,544269262.0273921,1,ConvergenceWarning: The optimal value found for dimension 0 of parameter k2__length_scale is close to the specified upper bound 0.3771185154055612. Increasing the bound and calling fit again may find a better value.,378,253,125,0.04,0.3,0.0006250000000000006,0,3897.0,1023666.0,033c65d36b624246655eb696123c1e86cae01a20963c2f47921ee56a8b75fdf5,False,True,False,False,True,-0.0007852653738574835,-2.3767007778328853e-07,32591279.0,0.0,1555.140336619608,0.3771185154055612,60.85912033960539,1717.0,1666.0,51.0,5e322389057cf66883b039d8793f7e90f9db747dacf5f2bd712978f5fa14c101
2021_1pct_x10,10,0.21,1.0,1815.6212746384745,injected_refit,2,157061544,12,True,False,,1555.1786488663245,0.3771185154055612,60.88834851846613,1e-08,1e+18,0.027655357796407824,0.3771185154055612,0.10212417674180257,1.0,1816.3783192226945,1815.6212746384745,2798.3238745246695,1.5406062960067655,0.5410230839502286,-19949880.252810802,38,84161687.58816822,544269262.0273921,1,ConvergenceWarning: The optimal value found for dimension 0 of parameter k2__length_scale is close to the specified upper bound 0.3771185154055612. Increasing the bound and calling fit again may find a better value.,378,253,125,0.04,0.3,0.0006250000000000006,0,3897.0,1023666.0,033c65d36b624246655eb696123c1e86cae01a20963c2f47921ee56a8b75fdf5,False,True,False,False,True,-0.0007862749304779933,-2.3797537826207605e-07,32591279.0,0.0,1555.140336619608,0.3771185154055612,60.85912033960539,1717.0,1666.0,51.0,5e322389057cf66883b039d8793f7e90f9db747dacf5f2bd712978f5fa14c101
2021_1pct_x10,10,0.21,3.0,5446.863823915423,injected_refit,0,166441016,12,True,False,,1555.2690704178724,0.3771185154055612,60.93779632300926,1e-08,1e+18,0.027655357796407824,0.3771185154055612,0.10212417674180257,1.0,1818.0478150607482,1815.6212746384745,6559.422569899644,3.607948325429751,0.6119524122345736,-19990429.5533965,38,84161687.58816822,544269262.0273921,1,ConvergenceWarning: The optimal value found for dimension 0 of parameter k2__length_scale is close to the specified upper bound 0.3771185154055612. Increasing the bound and calling fit again may find a better value.,378,253,125,0.04,0.3,0.0006250000000000006,0,3897.0,1023666.0,b8839e3189a822b9aa33038925e00e549e928626542a505aad4acdaa72e43c03,False,True,False,False,True,-0.0008086228692846401,-2.447134148530637e-07,1443679164.0,0.0,1555.140336619608,0.3771185154055612,60.85912033960539,5530.0,5401.0,129.0,ea7d2581fb822d49159da382c4a1bb71d7ec1d05c7ac50682b6401e2c955c9d6
2021_1pct_x10,10,0.21,3.0,5446.863823915423,injected_refit,1,1868204762,12,True,False,,1555.269071295915,0.3771185154055612,60.93400735429415,1e-08,1e+18,0.027655357796407824,0.3771185154055612,0.10212417674180257,1.0,1818.0458120054445,1815.6212746384745,6559.4308194845025,3.6079568381442186,0.6119576240720975,-19990429.553396642,38,84161687.58816822,544269262.0273921,1,ConvergenceWarning: The optimal value found for dimension 0 of parameter k2__length_scale is close to the specified upper bound 0.3771185154055612. Increasing the bound and calling fit again may find a better value.,378,253,125,0.04,0.3,0.0006250000000000006,0,3897.0,1023666.0,b8839e3189a822b9aa33038925e00e549e928626542a505aad4acdaa72e43c03,False,True,False,False,True,-0.0007890513471138611,-2.387913639820737e-07,1443679164.0,0.0,1555.140336619608,0.3771185154055612,60.85912033960539,5530.0,5401.0,129.0,ea7d2581fb822d49159da382c4a1bb71d7ec1d05c7ac50682b6401e2c955c9d6
2021_1pct_x10,10,0.21,3.0,5446.863823915423,injected_refit,2,3776547211,12,True,False,,1555.2690720713579,0.3771185154055612,60.93431888055862,1e-08,1e+18,0.027655357796407824,0.3771185154055612,0.10212417674180257,1.0,1818.0459759977819,1815.6212746384745,6559.430169543329,3.6079561552030475,0.6119572113776196,-19990429.553396694,38,84161687.58816822,544269262.0273921,1,ConvergenceWarning: The optimal value found for dimension 0 of parameter k2__length_scale is close to the specified upper bound 0.3771185154055612. Increasing the bound and calling fit again may find a better value.,378,253,125,0.04,0.3,0.0006250000000000006,0,3897.0,1023666.0,b8839e3189a822b9aa33038925e00e549e928626542a505aad4acdaa72e43c03,False,True,False,False,True,-0.0007812187622529893,-2.3642091764352602e-07,1443679164.0,0.0,1555.140336619608,0.3771185154055612,60.85912033960539,5530.0,5401.0,129.0,ea7d2581fb822d49159da382c4a1bb71d7ec1d05c7ac50682b6401e2c955c9d6
2021_1pct_x10,10,0.21,5.0,9078.106373192371,injected_refit,0,10973269,12,True,False,,1073.7465600600701,0.15371952413639783,0.9486131649170912,1e-08,1e+18,0.027655357796407824,0.3771185154055612,0.10212417674180257,1.0,2841.032261244388,1815.6212746384745,10406.481350985061,3.6629226260271204,0.4675677203365702,-20027396.519499544,38,84161687.58816822,544269262.0273921,0,,378,253,125,0.04,0.3,0.0006250000000000006,0,3897.0,1023666.0,c1fbbe142e631dba2279521f8ae110e6782180734808cb3b3a43aa02b7fc8eaf,False,False,False,False,True,-1.0158561429260946e-05,-5.541581520143939e-10,83393959.0,0.0,1555.140336619608,0.3771185154055612,60.85912033960539,9039.0,8802.0,237.0,64fc1197b514e966404f16ff74f3c3deee84afb60642ce3aead44d76c5a650e9
2021_1pct_x10,10,0.21,5.0,9078.106373192371,injected_refit,1,1800405351,12,True,False,,1555.398405235913,0.3771185154055612,60.9945576584157,1e-08,1e+18,0.027655357796407824,0.3771185154055612,0.10212417674180257,1.0,1819.5930915576955,1815.6212746384745,9932.889728015329,5.458852187393226,0.46976621245094125,-20027396.701077767,38,84161687.58816822,544269262.0273921,1,ConvergenceWarning: The optimal value found for dimension 0 of parameter k2__length_scale is close to the specified upper bound 0.3771185154055612. Increasing the bound and calling fit again may find a better value.,378,253,125,0.04,0.3,0.0006250000000000006,0,3897.0,1023666.0,c1fbbe142e631dba2279521f8ae110e6782180734808cb3b3a43aa02b7fc8eaf,False,True,False,False,True,-0.0007640915205185143,-2.3120589928751844e-07,83393959.0,0.0,1555.140336619608,0.3771185154055612,60.85912033960539,9039.0,8802.0,237.0,64fc1197b514e966404f16ff74f3c3deee84afb60642ce3aead44d76c5a650e9
2021_1pct_x10,10,0.21,5.0,9078.106373192371,injected_refit,2,2478879980,12,True,False,,1555.3984059925708,0.3771185154055612,60.99473250571145,1e-08,1e+18,0.027655357796407824,0.3771185154055612,0.10212417674180257,1.0,1819.5931849199574,1815.6212746384745,9932.889349037565,5.458851699026618,0.46976598007141623,-20027396.701077707,38,84161687.58816822,544269262.0273921,2,"ConvergenceWarning: lbfgs failed to converge (status=2):
ABNORMAL_TERMINATION_IN_LNSRCH.

Increase the number of iterations (max_iter) or scale the data as shown in:
    https://scikit-learn.org/stable/modules/preprocessing.html | ConvergenceWarning: The optimal value found for dimension 0 of parameter k2__length_scale is close to the specified upper bound 0.3771185154055612. Increasing the bound and calling fit again may find a better value.",378,253,125,0.04,0.3,0.0006250000000000006,0,3897.0,1023666.0,c1fbbe142e631dba2279521f8ae110e6782180734808cb3b3a43aa02b7fc8eaf,False,True,False,False,True,-0.0007029156140494336,-2.126946984336492e-07,83393959.0,0.0,1555.140336619608,0.3771185154055612,60.85912033960539,9039.0,8802.0,237.0,64fc1197b514e966404f16ff74f3c3deee84afb60642ce3aead44d76c5a650e9
