dataset,mass_GeV,toy,injection_toy,strength,inj_nsigma,sigmaA_ref,sigmaA_ref_prefit,sigmaA_ref_matched,sigmaA_ref_mode,sigmaA_ref_matched_ok,sigmaA_ref_error,integral_density,A_per_eps2_unit,sigma_val,sigma_x,kernel_ls_policy,kernel_ls_res_lower_factor,kernel_ls_res_upper_factor,ls_lo,ls_hi,ls_init,initial_ls_opt,initial_const_opt,refit_ls_opt,refit_const_opt,ls_opt,const_opt,f_win,f_full,f_train,f_train_frac,n_train,n_train_low,n_train_high,n_blind,blind_nsigma,train_exclude_nsigma,signal_model,inj_shape_mode,inj_background_mode,extract_background_mode,A_hat,sigma_A,Zhat,pull_param,Nsig_win,Nsig_train,success,nll,toy_mode,refit_gp_on_toy,refit_ok,refit_restarts,refit_optimize,refit_kernel_lock_mode,refit_lock_const_opt,refit_lock_ls_opt,refit_tail_alpha_scale,refit_tail_alpha_threshold,refit_tail_alpha_n_bins,refit_tail_alpha_max,refit_tail_alpha_mean,refit_fallback_used,refit_error,source_model,source_label,source_root,container,function_tag,toy_hist,toy_index,qmu_tilde,tmu_tilde,sqrt_qmu_tilde,sqrt_tmu_tilde,qmu_A_test,qmu_branch,qmu_ok,qmu_nll_fixed,qmu_nll_unbounded,qmu_nll_null
2016,0.06,0,0,0.0,0.0,12799.14935470154,39719.03121007681,12799.14935470154,matched_refit_bonly,1.0,,144793058.82352927,280434019.2976748,0.0024778544,0.0404676021306897,resolution_scaled_local,1.1,8.0,0.0445143623437587,0.3237408170455182,0.1200463078792043,0.0861122402558591,13.294530421601378,0.1200463078792043,1.0,0.1200463078792043,1.0,0.973558300293543,1.0,0.026441699706457,0.026441699706457,1156,218,938,44,2.25,2.25,default,full,fixed_hist,profiled,3972.841149667841,12792.650455958756,0.3105565311383388,0.3105565311383388,0,0,True,-15055428.480959058,full_refit,True,1.0,0,False,none,,,0.0,0.0,0,1.0,1.0,False,,functional_form,fShiftSigPowTail,/Users/emryspeets/Desktop/gp_mods/funcform_studies/func_form_inputs/funcform_2016_dataset_mod_toys_2.root,fShiftSigPowTail,fShiftSigPowTail,fShiftSigPowTail_toy_0,0,0.0,0.0,0.0,0.0,0.0,muhat_gt_test,True,-15055428.426737895,-15055428.480959058,-15055428.426737895
2016,0.06,0,0,12799.14935470154,1.0,12799.14935470154,39719.03121007681,12799.14935470154,matched_refit_bonly,1.0,,144793058.82352927,280434019.2976748,0.0024778544,0.0404676021306897,resolution_scaled_local,1.1,8.0,0.0445143623437587,0.3237408170455182,0.1200463078792043,0.0861122402558591,13.294530421601378,0.1200463078792043,1.0,0.1200463078792043,1.0,0.973558300293543,1.0,0.026441699706457,0.026441699706457,1156,218,938,44,2.25,2.25,default,full,fixed_hist,profiled,17462.24639755772,12876.180758334687,1.356166609128603,0.3621490821210925,12382,325,True,-15185473.22489585,full_refit,True,1.0,0,False,none,,,0.0,0.0,0,1.0,1.0,False,,functional_form,fShiftSigPowTail,/Users/emryspeets/Desktop/gp_mods/funcform_studies/func_form_inputs/funcform_2016_dataset_mod_toys_2.root,fShiftSigPowTail,fShiftSigPowTail,fShiftSigPowTail_toy_0,0,0.0,0.0,0.0,0.0,12799.14935470154,muhat_gt_test,True,-15185473.15922827,-15185473.22489585,-15185472.304191722
2016,0.06,0,0,25598.29870940308,2.0,12799.14935470154,39719.03121007681,12799.14935470154,matched_refit_bonly,1.0,,144793058.82352927,280434019.2976748,0.0024778544,0.0404676021306897,resolution_scaled_local,1.1,8.0,0.0445143623437587,0.3237408170455182,0.1200463078792043,0.0861122402558591,13.294530421601378,0.1200463078792043,1.0,0.1200463078792043,1.0,0.973558300293543,1.0,0.026441699706457,0.026441699706457,1156,218,938,44,2.25,2.25,default,full,fixed_hist,profiled,29121.304145670303,12976.78863108664,2.244107149584648,0.2714851521760678,24757,677,True,-15315566.793186454,full_refit,True,1.0,0,False,none,,,0.0,0.0,0,1.0,1.0,False,,functional_form,fShiftSigPowTail,/Users/emryspeets/Desktop/gp_mods/funcform_studies/func_form_inputs/funcform_2016_dataset_mod_toys_2.root,fShiftSigPowTail,fShiftSigPowTail,fShiftSigPowTail_toy_0,0,0.0,0.0,0.0,0.0,25598.29870940308,muhat_gt_test,True,-15315566.756880378,-15315566.793186454,-15315564.272567317
2016,0.06,0,0,38397.44806410462,3.0,12799.14935470154,39719.03121007681,12799.14935470154,matched_refit_bonly,1.0,,144793058.82352927,280434019.2976748,0.0024778544,0.0404676021306897,resolution_scaled_local,1.1,8.0,0.0445143623437587,0.3237408170455182,0.1200463078792043,0.0861122402558591,13.294530421601378,0.1200463078792043,1.0,0.1200463078792043,1.0,0.973558300293543,1.0,0.026441699706457,0.026441699706457,1156,218,938,44,2.25,2.25,default,full,fixed_hist,profiled,42316.916064050405,13077.777200666773,3.235788117103943,0.2997044482258004,37726,1026,True,-15452038.958763145,full_refit,True,1.0,0,False,none,,,0.0,0.0,0,1.0,1.0,False,,functional_form,fShiftSigPowTail,/Users/emryspeets/Desktop/gp_mods/funcform_studies/func_form_inputs/funcform_2016_dataset_mod_toys_2.root,fShiftSigPowTail,fShiftSigPowTail,fShiftSigPowTail_toy_0,0,0.0,0.0,0.0,0.0,38397.44806410462,muhat_gt_test,True,-15452038.915310098,-15452038.958763145,-15452033.728390511
2016,0.06,0,0,63995.7467735077,5.0,12799.14935470154,39719.03121007681,12799.14935470154,matched_refit_bonly,1.0,,144793058.82352927,280434019.2976748,0.0024778544,0.0404676021306897,resolution_scaled_local,1.1,8.0,0.0445143623437587,0.3237408170455182,0.1200463078792043,0.0861122402558591,13.294530421601378,0.1200463078792043,1.0,0.1200463078792043,1.0,0.973558300293543,1.0,0.026441699706457,0.026441699706457,1156,218,938,44,2.25,2.25,default,full,fixed_hist,profiled,63947.043760267705,13244.91937444744,4.82804326341439,-0.0036771090757981,62251,1693,True,-15710479.099632226,full_refit,True,1.0,0,False,none,,,0.0,0.0,0,1.0,1.0,False,,functional_form,fShiftSigPowTail,/Users/emryspeets/Desktop/gp_mods/funcform_studies/func_form_inputs/funcform_2016_dataset_mod_toys_2.root,fShiftSigPowTail,fShiftSigPowTail,fShiftSigPowTail_toy_0,0,0.002057958394289,0.002057958394289,0.04536472632221,0.04536472632221,63995.7467735077,interior,True,-15710479.098603249,-15710479.099632226,-15710467.476543857
2016,0.105,0,0,0.0,0.0,7287.938155868513,28752.546492155212,7287.938155868513,matched_refit_bonly,1.0,,37629448.27586207,127540716.6750074,0.00439793380625,0.0410316530546541,resolution_scaled_local,1.1,8.0,0.0451348183601195,0.3282532244372333,0.1217195533227841,0.0870041488214081,13.36400515050535,0.1217195533227841,1.0,0.1217195533227841,1.0,0.9770216863571828,1.0,0.0229783136428172,0.0229783136428172,1120,380,740,80,2.25,2.25,default,full,fixed_hist,profiled,874.726998967702,7280.067891209565,0.120153687031395,0.120153687031395,0,0,True,-6266251.722566321,full_refit,True,1.0,0,False,none,,,0.0,0.0,0,1.0,1.0,False,,functional_form,fShiftSigPowTail,/Users/emryspeets/Desktop/gp_mods/funcform_studies/func_form_inputs/funcform_2016_dataset_mod_toys_2.root,fShiftSigPowTail,fShiftSigPowTail,fShiftSigPowTail_toy_0,0,0.0,0.0,0.0,0.0,0.0,muhat_gt_test,True,-6266251.715969807,-6266251.722566321,-6266251.715969807
2016,0.105,0,0,7287.938155868513,1.0,7287.938155868513,28752.546492155212,7287.938155868513,matched_refit_bonly,1.0,,37629448.27586207,127540716.6750074,0.00439793380625,0.0410316530546541,resolution_scaled_local,1.1,8.0,0.0451348183601195,0.3282532244372333,0.1217195533227841,0.0870041488214081,13.36400515050535,0.1217195533227841,1.0,0.1217195533227841,1.0,0.9770216863571828,1.0,0.0229783136428172,0.0229783136428172,1120,380,740,80,2.25,2.25,default,full,fixed_hist,profiled,7442.399574173121,7335.101776345967,1.0146279903263464,0.0210578425513755,7120,161,True,-6331295.021564113,full_refit,True,1.0,0,False,none,,,0.0,0.0,0,1.0,1.0,False,,functional_form,fShiftSigPowTail,/Users/emryspeets/Desktop/gp_mods/funcform_studies/func_form_inputs/funcform_2016_dataset_mod_toys_2.root,fShiftSigPowTail,fShiftSigPowTail,fShiftSigPowTail_toy_0,0,0.0,0.0,0.0,0.0,7287.938155868513,muhat_gt_test,True,-6331295.020901018,-6331295.021564113,-6331294.51654482
2016,0.105,0,0,14575.876311737024,2.0,7287.938155868513,28752.546492155212,7287.938155868513,matched_refit_bonly,1.0,,37629448.27586207,127540716.6750074,0.00439793380625,0.0410316530546541,resolution_scaled_local,1.1,8.0,0.0451348183601195,0.3282532244372333,0.1217195533227841,0.0870041488214081,13.36400515050535,0.1217195533227841,1.0,0.1217195533227841,1.0,0.9770216863571828,1.0,0.0229783136428172,0.0229783136428172,1120,380,740,80,2.25,2.25,default,full,fixed_hist,profiled,14533.408132129962,7394.689862164417,1.965384404624111,-0.0057430643338209,14102,320,True,-6395165.270026238,full_refit,True,1.0,0,False,none,,,0.0,0.0,0,1.0,1.0,False,,functional_form,fShiftSigPowTail,/Users/emryspeets/Desktop/gp_mods/funcform_studies/func_form_inputs/funcform_2016_dataset_mod_toys_2.root,fShiftSigPowTail,fShiftSigPowTail,fShiftSigPowTail_toy_0,0,0.0001035165041685,0.0001035165041685,0.0101743060779844,0.0101743060779844,14575.876311737024,interior,True,-6395165.269974479,-6395165.270026238,-6395163.346270579
2016,0.105,0,0,21863.814467605534,3.0,7287.938155868513,28752.546492155212,7287.938155868513,matched_refit_bonly,1.0,,37629448.27586207,127540716.6750074,0.00439793380625,0.0410316530546541,resolution_scaled_local,1.1,8.0,0.0451348183601195,0.3282532244372333,0.1217195533227841,0.0870041488214081,13.36400515050535,0.1217195533227841,1.0,0.1217195533227841,1.0,0.9770216863571828,1.0,0.0229783136428172,0.0229783136428172,1120,380,740,80,2.25,2.25,default,full,fixed_hist,profiled,22725.597141800343,7457.540961485089,3.0473311858651577,0.1155585572570814,21206,499,True,-6460240.918251607,full_refit,True,1.0,0,False,none,,,0.0,0.0,0,1.0,1.0,False,,functional_form,fShiftSigPowTail,/Users/emryspeets/Desktop/gp_mods/funcform_studies/func_form_inputs/funcform_2016_dataset_mod_toys_2.root,fShiftSigPowTail,fShiftSigPowTail,fShiftSigPowTail_toy_0,0,0.0,0.0,0.0,0.0,21863.814467605534,muhat_gt_test,True,-6460240.9198314855,-6460240.918251607,-6460236.298706915
2016,0.105,0,0,36439.69077934256,5.0,7287.938155868513,28752.546492155212,7287.938155868513,matched_refit_bonly,1.0,,37629448.27586207,127540716.6750074,0.00439793380625,0.0410316530546541,resolution_scaled_local,1.1,8.0,0.0451348183601195,0.3282532244372333,0.1217195533227841,0.0870041488214081,13.36400515050535,0.1217195533227841,1.0,0.1217195533227841,1.0,0.9770216863571828,1.0,0.0229783136428172,0.0229783136428172,1120,380,740,80,2.25,2.25,default,full,fixed_hist,profiled,37049.12262926967,7587.838630770792,4.8826977525622635,0.0803169228527986,35610,827,True,-6592403.792130912,full_refit,True,1.0,0,False,none,,,0.0,0.0,0,1.0,1.0,False,,functional_form,fShiftSigPowTail,/Users/emryspeets/Desktop/gp_mods/funcform_studies/func_form_inputs/funcform_2016_dataset_mod_toys_2.root,fShiftSigPowTail,fShiftSigPowTail,fShiftSigPowTail_toy_0,0,0.0,0.0,0.0,0.0,36439.69077934256,muhat_gt_test,True,-6592403.789951935,-6592403.792130912,-6592391.947177108
2016,0.15,0,0,0.0,0.0,1922.3288777122991,8828.455847680221,1922.3288777122991,matched_refit_bonly,1.0,,3557727.272727274,17226443.15208247,0.0066093124999999,0.0431189544867478,resolution_scaled_local,1.1,8.0,0.0474308499354226,0.3449516358939828,0.1279114900119064,0.0869421955978862,13.406029508984757,0.1279114900119064,1.0,0.1279114900119064,1.0,0.9743651756636738,1.0,0.0256348243363262,0.0256348243363262,1082,541,541,118,2.25,2.25,default,full,fixed_hist,profiled,-1255.4026795055358,1912.9320413411967,-0.6562714473773709,-0.6562714473773709,0,0,True,-647448.3506006025,full_refit,True,1.0,0,False,none,,,0.0,0.0,0,1.0,1.0,False,,functional_form,fShiftSigPowTail,/Users/emryspeets/Desktop/gp_mods/funcform_studies/func_form_inputs/funcform_2016_dataset_mod_toys_2.root,fShiftSigPowTail,fShiftSigPowTail,fShiftSigPowTail_toy_0,0,0.0,0.0,0.0,0.0,0.0,boundary,True,-647448.1529434215,-647448.3506006025,-647448.1529434215
2016,0.15,0,0,1922.3288777122991,1.0,1922.3288777122991,8828.455847680221,1922.3288777122991,matched_refit_bonly,1.0,,3557727.272727274,17226443.15208247,0.0066093124999999,0.0431189544867478,resolution_scaled_local,1.1,8.0,0.0474308499354226,0.3449516358939828,0.1279114900119064,0.0869421955978862,13.406029508984757,0.1279114900119064,1.0,0.1279114900119064,1.0,0.9743651756636738,1.0,0.0256348243363262,0.0256348243363262,1082,541,541,118,2.25,2.25,default,full,fixed_hist,profiled,458.4320934059669,1937.8174301367576,0.2365713540793231,-0.7554358638434895,1898,44,True,-660261.4319120102,full_refit,True,1.0,0,False,none,,,0.0,0.0,0,1.0,1.0,False,,functional_form,fShiftSigPowTail,/Users/emryspeets/Desktop/gp_mods/funcform_studies/func_form_inputs/funcform_2016_dataset_mod_toys_2.root,fShiftSigPowTail,fShiftSigPowTail,fShiftSigPowTail_toy_0,0,0.5328724663704634,0.5328724663704634,0.7299811411060312,0.7299811411060312,1922.3288777122991,interior,True,-660261.165475777,-660261.4319120102,-660261.397986961
2016,0.15,0,0,3844.6577554245982,2.0,1922.3288777122991,8828.455847680221,1922.3288777122991,matched_refit_bonly,1.0,,3557727.272727274,17226443.15208247,0.0066093124999999,0.0431189544867478,resolution_scaled_local,1.1,8.0,0.0474308499354226,0.3449516358939828,0.1279114900119064,0.0869421955978862,13.406029508984757,0.1279114900119064,1.0,0.1279114900119064,1.0,0.9743651756636738,1.0,0.0256348243363262,0.0256348243363262,1082,541,541,118,2.25,2.25,default,full,fixed_hist,profiled,1983.2341384503216,1965.3474705731755,1.0091010206311912,-0.9471218931232604,3735,105,True,-672681.968212412,full_refit,True,1.0,0,False,none,,,0.0,0.0,0,1.0,1.0,False,,functional_form,fShiftSigPowTail,/Users/emryspeets/Desktop/gp_mods/funcform_studies/func_form_inputs/funcform_2016_dataset_mod_toys_2.root,fShiftSigPowTail,fShiftSigPowTail,fShiftSigPowTail_toy_0,0,0.8647036750335246,0.8647036750335246,0.9298944429522764,0.9298944429522764,3844.6577554245982,interior,True,-672681.5358605745,-672681.968212412,-672681.440781312
2016,0.15,0,0,5766.986633136898,3.0,1922.3288777122991,8828.455847680221,1922.3288777122991,matched_refit_bonly,1.0,,3557727.272727274,17226443.15208247,0.0066093124999999,0.0431189544867478,resolution_scaled_local,1.1,8.0,0.0474308499354226,0.3449516358939828,0.1279114900119064,0.0869421955978862,13.406029508984757,0.1279114900119064,1.0,0.1279114900119064,1.0,0.9743651756636738,1.0,0.0256348243363262,0.0256348243363262,1082,541,541,118,2.25,2.25,default,full,fixed_hist,profiled,3839.021859786665,1990.4484733913157,1.9287220498834416,-0.9686082303177516,5659,137,True,-685785.933053973,full_refit,True,1.0,0,False,none,,,0.0,0.0,0,1.0,1.0,False,,functional_form,fShiftSigPowTail,/Users/emryspeets/Desktop/gp_mods/funcform_studies/func_form_inputs/funcform_2016_dataset_mod_toys_2.root,fShiftSigPowTail,fShiftSigPowTail,fShiftSigPowTail_toy_0,0,0.9213365812320262,0.9213365812320262,0.9598627929199184,0.9598627929199184,5766.986633136898,interior,True,-685785.4723856824,-685785.933053973,-685784.0542447018
2016,0.15,0,0,9611.644388561495,5.0,1922.3288777122991,8828.455847680221,1922.3288777122991,matched_refit_bonly,1.0,,3557727.272727274,17226443.15208247,0.0066093124999999,0.0431189544867478,resolution_scaled_local,1.1,8.0,0.0474308499354226,0.3449516358939828,0.1279114900119064,0.0869421955978862,13.406029508984757,0.1279114900119064,1.0,0.1279114900119064,1.0,0.9743651756636738,1.0,0.0256348243363262,0.0256348243363262,1082,541,541,118,2.25,2.25,default,full,fixed_hist,profiled,7918.321576923836,2037.8853006965312,3.885558021453623,-0.8309215494409319,9350,252,True,-710998.1740321848,full_refit,True,1.0,0,False,none,,,0.0,0.0,0,1.0,1.0,False,,functional_form,fShiftSigPowTail,/Users/emryspeets/Desktop/gp_mods/funcform_studies/func_form_inputs/funcform_2016_dataset_mod_toys_2.root,fShiftSigPowTail,fShiftSigPowTail,fShiftSigPowTail_toy_0,0,0.713508726330474,0.713508726330474,0.8446944573811729,0.8446944573811729,9611.644388561495,interior,True,-710997.8172778216,-710998.1740321848,-710990.6742351365
