scenario,background_toy_index,mass_GeV,mass_MeV,upper_factor,attempt,optimizer_seed,optimizer_seed_namespace,seed_includes_upper_factor,optimizer_restarts,background_only,fit_ok,error,gp_lml,ell_opt,ell_lo,ell_hi,ell_init,sigma_x,ell_over_sigma_x,ell_lo_over_sigma_x,ell_hi_over_sigma_x,ell_over_ell_hi,ell_over_ell_lo,ell_mass_delta_GeV,kernel_constant_opt,kernel_constant_lo,kernel_constant_hi,kernel_constant_init,n_blind,blind_lo,blind_hi,sigma_mass_GeV,support_lo_GeV,support_hi_GeV,ell_at_lower_exact,ell_at_upper_exact,ell_near_lower,ell_near_upper,constant_at_lower_exact,constant_at_upper_exact,optimizer_warning_count,optimizer_warnings,n_train,n_train_low,n_train_high,train_domain_lo,train_domain_hi,bin_width_median,training_counts_sha256,covariance_valid,covariance_min_eigenvalue,covariance_min_eigenvalue_relative,evaluated_attempt_count,maximum_lml_candidate_attempt,matches_maximum_lml_branch,selected_maximum_lml_reproduced_branch,maximum_lml_branch_replicates,study_id,selected_attempt,n_attempts,top_branch_replicates,optimizer_gate_status,truth_model,support_preserved_40_300,common_seeds_across_factors,factor_selection_performed
2021_10pct,19,0.05,50,15,2,1473438808,v4p8_rigid_length_scan_common_v1,False,12,True,True,,1655.4079746164255,0.4130987088852332,0.04301982086534748,0.586633920891102,0.1588612167593829,0.0391089280594068,10.562772476344344,1.1,15.0,0.7041848317562897,9.602520433040313,0.025574710823990078,88.04266865749646,1e-08,1e+18,1.0,14,0.045513078125,0.054486921875000004,0.0019941875000000003,0.04,0.3,False,False,False,False,False,False,2,"ConvergenceWarning: lbfgs failed to converge (status=2):
ABNORMAL_TERMINATION_IN_LNSRCH.

Increase the number of iterations (max_iter) or scale the data as shown in:
    https://scikit-learn.org/stable/modules/preprocessing.html | ConvergenceWarning: lbfgs failed to converge (status=2):
ABNORMAL_TERMINATION_IN_LNSRCH.

Increase the number of iterations (max_iter) or scale the data as shown in:
    https://scikit-learn.org/stable/modules/preprocessing.html",402,9,393,0.04,0.3,0.0006250000000000006,a16a1678f0711dac14070ff52aea049ff1e182c4952116578229e274592985a6,True,-0.02975864928570561,-1.3904482094811634e-07,3,2,True,True,3,v4p8p2_2021_rigid_ggt26_scaled1pct_20toy_20260813,2,3,3,maximum_lml_reproduced,rigid_ggt26_scaled1pct,True,True,False
2021_10pct,19,0.05,50,20,0,1483701822,v4p8_rigid_length_scan_common_v1,False,12,True,True,,1655.4079736626738,0.4130990939310178,0.04301982086534748,0.782178561188136,0.1834371325196424,0.0391089280594068,10.562782321814515,1.1,20.0,0.5281391160907257,9.60252938346774,0.025574739923719503,88.0364921057822,1e-08,1e+18,1.0,14,0.045513078125,0.054486921875000004,0.0019941875000000003,0.04,0.3,False,False,False,False,False,False,1,"ConvergenceWarning: lbfgs failed to converge (status=2):
ABNORMAL_TERMINATION_IN_LNSRCH.

Increase the number of iterations (max_iter) or scale the data as shown in:
    https://scikit-learn.org/stable/modules/preprocessing.html",402,9,393,0.04,0.3,0.0006250000000000006,a16a1678f0711dac14070ff52aea049ff1e182c4952116578229e274592985a6,True,-0.026913572236165372,-1.257532302847656e-07,3,0,True,True,3,v4p8p2_2021_rigid_ggt26_scaled1pct_20toy_20260813,0,3,3,maximum_lml_reproduced,rigid_ggt26_scaled1pct,True,True,False
2021_10pct,19,0.05,50,25,2,1473438808,v4p8_rigid_length_scan_common_v1,False,12,True,True,,1655.40797242447,0.41309305273978425,0.04301982086534748,0.97772320148517,0.20508894895577884,0.0391089280594068,10.562627850916607,1.1,25.0,0.4225051140366643,9.602388955378734,0.025574283363642283,88.02150103448133,1e-08,1e+18,1.0,14,0.045513078125,0.054486921875000004,0.0019941875000000003,0.04,0.3,False,False,False,False,False,False,0,,402,9,393,0.04,0.3,0.0006250000000000006,a16a1678f0711dac14070ff52aea049ff1e182c4952116578229e274592985a6,True,-0.01559456566280353,-7.286413878696568e-08,3,2,True,True,3,v4p8p2_2021_rigid_ggt26_scaled1pct_20toy_20260813,2,3,3,maximum_lml_reproduced,rigid_ggt26_scaled1pct,True,True,False
2021_10pct,19,0.07,70,15,0,2698307354,v4p8_rigid_length_scan_common_v1,False,12,True,True,,1626.7808718953672,0.40769134053754863,0.0336246112080568,0.4585174255644109,0.1241671058160028,0.030567828370960726,13.33726869929868,1.1,15.0,0.889151246619912,12.124789726635163,0.03523401479409687,89.7992592083178,1e-08,1e+18,1.0,16,0.065111228125,0.07488877187500001,0.0021727875000000004,0.04,0.3,False,False,False,False,False,False,0,,400,40,360,0.04,0.3,0.0006250000000000006,50e24780d248ae4d208cd6b3a7c878af0b93c65ca6703ac03a3c9a687026c8e4,True,-0.41901305303445857,-1.6861584538052761e-06,3,0,True,True,3,v4p8p2_2021_rigid_ggt26_scaled1pct_20toy_20260813,0,3,3,maximum_lml_reproduced,rigid_ggt26_scaled1pct,True,True,False
2021_10pct,19,0.07,70,20,1,3240431690,v4p8_rigid_length_scan_common_v1,False,12,True,True,,1626.7808720862797,0.4076913919212107,0.0336246112080568,0.6113565674192145,0.14337582393473194,0.030567828370960726,13.33727038027063,1.1,20.0,0.6668635190135315,12.12479125479148,0.035234020201406056,89.7992250120287,1e-08,1e+18,1.0,16,0.065111228125,0.07488877187500001,0.0021727875000000004,0.04,0.3,False,False,False,False,False,False,1,"ConvergenceWarning: lbfgs failed to converge (status=2):
ABNORMAL_TERMINATION_IN_LNSRCH.

Increase the number of iterations (max_iter) or scale the data as shown in:
    https://scikit-learn.org/stable/modules/preprocessing.html",400,40,360,0.04,0.3,0.0006250000000000006,50e24780d248ae4d208cd6b3a7c878af0b93c65ca6703ac03a3c9a687026c8e4,True,-0.45654077294275786,-1.8371742179453376e-06,3,1,True,True,3,v4p8p2_2021_rigid_ggt26_scaled1pct_20toy_20260813,1,3,3,maximum_lml_reproduced,rigid_ggt26_scaled1pct,True,True,False
2021_10pct,19,0.07,70,25,1,3240431690,v4p8_rigid_length_scan_common_v1,False,12,True,True,,1626.7808716352408,0.40769040865360523,0.0336246112080568,0.7641957092740181,0.160299044324051,0.030567828370960726,13.337238213523502,1.1,25.0,0.53348952854094,12.124762012294092,0.03523391672825388,89.7957392266006,1e-08,1e+18,1.0,16,0.065111228125,0.07488877187500001,0.0021727875000000004,0.04,0.3,False,False,False,False,False,False,2,"ConvergenceWarning: lbfgs failed to converge (status=2):
ABNORMAL_TERMINATION_IN_LNSRCH.

Increase the number of iterations (max_iter) or scale the data as shown in:
    https://scikit-learn.org/stable/modules/preprocessing.html | ConvergenceWarning: lbfgs failed to converge (status=2):
ABNORMAL_TERMINATION_IN_LNSRCH.

Increase the number of iterations (max_iter) or scale the data as shown in:
    https://scikit-learn.org/stable/modules/preprocessing.html",400,40,360,0.04,0.3,0.0006250000000000006,50e24780d248ae4d208cd6b3a7c878af0b93c65ca6703ac03a3c9a687026c8e4,True,-0.40104903455119695,-1.6138663758593505e-06,3,1,True,True,3,v4p8p2_2021_rigid_ggt26_scaled1pct_20toy_20260813,1,3,3,maximum_lml_reproduced,rigid_ggt26_scaled1pct,True,True,False
2021_10pct,19,0.09,90,15,2,1445387347,v4p8_rigid_length_scan_common_v1,False,12,True,True,,1623.0019088432177,0.39802022814265037,0.02918815006379436,0.39802022814265037,0.10778438730842861,0.02653468187617669,15.0,1.1,15.0,1.0,13.636363636363635,0.043998673208517164,71.93759905813292,1e-08,1e+18,1.0,18,0.084554803125,0.095445196875,0.0024200875,0.04,0.3,False,True,False,True,False,False,2,"ConvergenceWarning: lbfgs failed to converge (status=2):
ABNORMAL_TERMINATION_IN_LNSRCH.

Increase the number of iterations (max_iter) or scale the data as shown in:
    https://scikit-learn.org/stable/modules/preprocessing.html | ConvergenceWarning: The optimal value found for dimension 0 of parameter k2__length_scale is close to the specified upper bound 0.39802022814265037. Increasing the bound and calling fit again may find a better value.",398,71,327,0.04,0.3,0.0006250000000000006,9abf9ad9337ce7f6b0f4cf2da9a6c1425d549b170d01b14c258dee84602d45af,True,-0.41651636661998526,-3.0173224365206898e-06,3,2,True,True,3,v4p8p2_2021_rigid_ggt26_scaled1pct_20toy_20260813,2,3,3,maximum_lml_reproduced,rigid_ggt26_scaled1pct,True,True,False
2021_10pct,19,0.09,90,20,1,1629822995,v4p8_rigid_length_scan_common_v1,False,12,True,True,,1623.153666133715,0.40832284175822836,0.02918815006379436,0.5306936375235338,0.12445869005392028,0.02653468187617669,15.388269724267087,1.1,20.0,0.7694134862133544,13.989336112970078,0.04538634581654995,90.33602003218661,1e-08,1e+18,1.0,18,0.084554803125,0.095445196875,0.0024200875,0.04,0.3,False,False,False,False,False,False,1,"ConvergenceWarning: lbfgs failed to converge (status=2):
ABNORMAL_TERMINATION_IN_LNSRCH.

Increase the number of iterations (max_iter) or scale the data as shown in:
    https://scikit-learn.org/stable/modules/preprocessing.html",398,71,327,0.04,0.3,0.0006250000000000006,9abf9ad9337ce7f6b0f4cf2da9a6c1425d549b170d01b14c258dee84602d45af,True,-0.37090321184897024,-2.780648696608811e-06,3,1,True,True,3,v4p8p2_2021_rigid_ggt26_scaled1pct_20toy_20260813,1,3,3,maximum_lml_reproduced,rigid_ggt26_scaled1pct,True,True,False
2021_10pct,19,0.09,90,25,1,1629822995,v4p8_rigid_length_scan_common_v1,False,12,True,True,,1623.1536668210074,0.40831995109926206,0.02918815006379436,0.6633670469044173,0.13914904567557138,0.02653468187617669,15.388160785370447,1.1,25.0,0.6155264314148179,13.989237077609497,0.04538595446136113,90.33407335702833,1e-08,1e+18,1.0,18,0.084554803125,0.095445196875,0.0024200875,0.04,0.3,False,False,False,False,False,False,1,"ConvergenceWarning: lbfgs failed to converge (status=2):
ABNORMAL_TERMINATION_IN_LNSRCH.

Increase the number of iterations (max_iter) or scale the data as shown in:
    https://scikit-learn.org/stable/modules/preprocessing.html",398,71,327,0.04,0.3,0.0006250000000000006,9abf9ad9337ce7f6b0f4cf2da9a6c1425d549b170d01b14c258dee84602d45af,True,-0.39700971276298486,-2.9763338039425436e-06,3,1,True,True,3,v4p8p2_2021_rigid_ggt26_scaled1pct_20toy_20260813,1,3,3,maximum_lml_reproduced,rigid_ggt26_scaled1pct,True,True,False
2021_10pct,19,0.11,110,15,2,3357656044,v4p8_rigid_length_scan_common_v1,False,12,True,True,,1615.3960376588384,0.36853818773546987,0.027026133767267792,0.36853818773546987,0.09980061302459649,0.02456921251569799,15.0,1.1,15.0,1.0,13.636363636363635,0.04901818289751632,46.67394746846309,1e-08,1e+18,1.0,20,0.103843803125,0.116156196875,0.0027360875000000005,0.04,0.3,False,True,False,True,False,False,2,"ConvergenceWarning: lbfgs failed to converge (status=2):
ABNORMAL_TERMINATION_IN_LNSRCH.

Increase the number of iterations (max_iter) or scale the data as shown in:
    https://scikit-learn.org/stable/modules/preprocessing.html | ConvergenceWarning: The optimal value found for dimension 0 of parameter k2__length_scale is close to the specified upper bound 0.36853818773546987. Increasing the bound and calling fit again may find a better value.",396,102,294,0.04,0.3,0.0006250000000000006,fa253483638f20f7d9307c62158a9cc85106fac4d7fff8a1a21cc882384e0f23,True,-0.13880618369649397,-1.7545902426306837e-06,3,2,True,True,3,v4p8p2_2021_rigid_ggt26_scaled1pct_20toy_20260813,2,3,3,maximum_lml_reproduced,rigid_ggt26_scaled1pct,True,True,False
2021_10pct,19,0.11,110,20,1,837484179,v4p8_rigid_length_scan_common_v1,False,12,True,True,,1617.814650946656,0.40973759238683255,0.027026133767267792,0.4913842503139598,0.11523982159008091,0.02456921251569799,16.676871190928043,1.1,20.0,0.8338435595464022,15.160791991752767,0.05570646801806809,93.48441921811738,1e-08,1e+18,1.0,20,0.103843803125,0.116156196875,0.0027360875000000005,0.04,0.3,False,False,False,False,False,False,0,,396,102,294,0.04,0.3,0.0006250000000000006,fa253483638f20f7d9307c62158a9cc85106fac4d7fff8a1a21cc882384e0f23,True,-0.2460689706827366,-3.5803186231985498e-06,3,1,True,True,3,v4p8p2_2021_rigid_ggt26_scaled1pct_20toy_20260813,1,3,3,maximum_lml_reproduced,rigid_ggt26_scaled1pct,True,True,False
2021_10pct,19,0.11,110,25,0,2972197047,v4p8_rigid_length_scan_common_v1,False,12,True,True,,1617.814651790075,0.4097463701952124,0.027026133767267792,0.6142303128924498,0.1288420373951844,0.02456921251569799,16.677228459537048,1.1,25.0,0.6670891383814819,15.161116781397316,0.0557079225640755,93.49681548520957,1e-08,1e+18,1.0,20,0.103843803125,0.116156196875,0.0027360875000000005,0.04,0.3,False,False,False,False,False,False,2,"ConvergenceWarning: lbfgs failed to converge (status=2):
ABNORMAL_TERMINATION_IN_LNSRCH.

Increase the number of iterations (max_iter) or scale the data as shown in:
    https://scikit-learn.org/stable/modules/preprocessing.html | ConvergenceWarning: lbfgs failed to converge (status=2):
ABNORMAL_TERMINATION_IN_LNSRCH.

Increase the number of iterations (max_iter) or scale the data as shown in:
    https://scikit-learn.org/stable/modules/preprocessing.html",396,102,294,0.04,0.3,0.0006250000000000006,fa253483638f20f7d9307c62158a9cc85106fac4d7fff8a1a21cc882384e0f23,True,-0.2819317916443612,-4.102251103401723e-06,3,0,True,True,3,v4p8p2_2021_rigid_ggt26_scaled1pct_20toy_20260813,0,3,3,maximum_lml_reproduced,rigid_ggt26_scaled1pct,True,True,False
2021_10pct,19,0.13,130,15,0,2869418217,v4p8_rigid_length_scan_common_v1,False,12,True,True,,1596.2947849571874,0.3558366347244402,0.026094686546458946,0.35583663472444016,0.09636101620925899,0.023722442314962677,15.000000000000002,1.1,15.0,1.0000000000000002,13.636363636363638,0.0555586649556174,41.55117019316698,1e-08,1e+18,1.0,22,0.122978228125,0.137021771875,0.0031207875000000005,0.04,0.3,False,True,False,True,False,False,1,ConvergenceWarning: The optimal value found for dimension 0 of parameter k2__length_scale is close to the specified upper bound 0.35583663472444016. Increasing the bound and calling fit again may find a better value.,394,133,261,0.04,0.3,0.0006250000000000006,0e5129cd31d50d228e54c33da0c8b6784268fbf4699891b931ecd5b0d5d20967,True,-0.05216761816338861,-1.2555701152904266e-06,3,0,True,True,3,v4p8p2_2021_rigid_ggt26_scaled1pct_20toy_20260813,0,3,3,maximum_lml_reproduced,rigid_ggt26_scaled1pct,True,True,False
2021_10pct,19,0.13,130,20,0,2869418217,v4p8_rigid_length_scan_common_v1,False,12,True,True,,1599.7625880068317,0.40467209348065225,0.026094686546458946,0.47444884629925355,0.11126811729560314,0.023722442314962677,17.058618505962585,1.1,20.0,0.8529309252981293,15.507835005420532,0.06484542344646987,87.88239226531265,1e-08,1e+18,1.0,22,0.122978228125,0.137021771875,0.0031207875000000005,0.04,0.3,False,False,False,False,False,False,0,,394,133,261,0.04,0.3,0.0006250000000000006,0e5129cd31d50d228e54c33da0c8b6784268fbf4699891b931ecd5b0d5d20967,True,-0.13503213118841428,-3.8012526134270497e-06,3,0,True,True,3,v4p8p2_2021_rigid_ggt26_scaled1pct_20toy_20260813,0,3,3,maximum_lml_reproduced,rigid_ggt26_scaled1pct,True,True,False
2021_10pct,19,0.13,130,25,0,2869418217,v4p8_rigid_length_scan_common_v1,False,12,True,True,,1599.7625899354834,0.40465761915657866,0.026094686546458946,0.5930610578740669,0.12440153700069435,0.023722442314962677,17.05800835276329,1.1,25.0,0.6823203341105316,15.5072803206939,0.06484260321107722,87.83179039878414,1e-08,1e+18,1.0,22,0.122978228125,0.137021771875,0.0031207875000000005,0.04,0.3,False,False,False,False,False,False,0,,394,133,261,0.04,0.3,0.0006250000000000006,0e5129cd31d50d228e54c33da0c8b6784268fbf4699891b931ecd5b0d5d20967,True,-0.0994308592667795,-2.7989778886023125e-06,3,0,True,True,3,v4p8p2_2021_rigid_ggt26_scaled1pct_20toy_20260813,0,3,3,maximum_lml_reproduced,rigid_ggt26_scaled1pct,True,True,False
2021_10pct,19,0.15,150,15,1,362464835,v4p8_rigid_length_scan_common_v1,False,12,True,True,,1586.3545712314424,0.35322693547653494,0.025903308601612565,0.35322693547653494,0.09565430631210795,0.02354846236510233,15.0,1.1,15.0,1.0,13.636363636363635,0.06354812766273712,41.77277960896599,1e-08,1e+18,1.0,26,0.141958078125,0.158041921875,0.0035741875,0.04,0.3,False,True,False,True,False,False,1,ConvergenceWarning: The optimal value found for dimension 0 of parameter k2__length_scale is close to the specified upper bound 0.35322693547653494. Increasing the bound and calling fit again may find a better value.,390,163,227,0.04,0.3,0.0006250000000000006,ae7d001a2fc5f6a82dbd64a7ab44753ba9c8b76151cf6a608bd83d3b1301c51a,True,-0.025890700391801073,-1.1303969632764753e-06,3,1,True,True,3,v4p8p2_2021_rigid_ggt26_scaled1pct_20toy_20260813,1,3,3,maximum_lml_reproduced,rigid_ggt26_scaled1pct,True,True,False
2021_10pct,19,0.15,150,20,0,4094925902,v4p8_rigid_length_scan_common_v1,False,12,True,True,,1590.7196763807162,0.4087546886247193,0.025903308601612565,0.4709692473020466,0.11045207899688489,0.02354846236510233,17.358020336413716,1.1,20.0,0.8679010168206859,15.780018487648833,0.07574137435298317,93.26612355629153,1e-08,1e+18,1.0,26,0.141958078125,0.158041921875,0.0035741875,0.04,0.3,False,False,False,False,False,False,1,"ConvergenceWarning: lbfgs failed to converge (status=2):
ABNORMAL_TERMINATION_IN_LNSRCH.

Increase the number of iterations (max_iter) or scale the data as shown in:
    https://scikit-learn.org/stable/modules/preprocessing.html",390,163,227,0.04,0.3,0.0006250000000000006,ae7d001a2fc5f6a82dbd64a7ab44753ba9c8b76151cf6a608bd83d3b1301c51a,True,-0.05375780937774975,-2.7785461907330695e-06,3,0,True,True,3,v4p8p2_2021_rigid_ggt26_scaled1pct_20toy_20260813,0,3,3,maximum_lml_reproduced,rigid_ggt26_scaled1pct,True,True,False
2021_10pct,19,0.15,150,25,2,465467446,v4p8_rigid_length_scan_common_v1,False,12,True,True,,1590.7196796725837,0.40875372677897365,0.025903308601612565,0.5887115591275582,0.12348917844660569,0.02354846236510233,17.357979491040005,1.1,25.0,0.6943191796416002,15.779981355490913,0.07574115722470705,93.26989303753507,1e-08,1e+18,1.0,26,0.141958078125,0.158041921875,0.0035741875,0.04,0.3,False,False,False,False,False,False,1,"ConvergenceWarning: lbfgs failed to converge (status=2):
ABNORMAL_TERMINATION_IN_LNSRCH.

Increase the number of iterations (max_iter) or scale the data as shown in:
    https://scikit-learn.org/stable/modules/preprocessing.html",390,163,227,0.04,0.3,0.0006250000000000006,ae7d001a2fc5f6a82dbd64a7ab44753ba9c8b76151cf6a608bd83d3b1301c51a,True,-0.04531903689380259,-2.342362887343492e-06,3,2,True,True,3,v4p8p2_2021_rigid_ggt26_scaled1pct_20toy_20260813,2,3,3,maximum_lml_reproduced,rigid_ggt26_scaled1pct,True,True,False
2021_10pct,19,0.17,170,15,2,599775327,v4p8_rigid_length_scan_common_v1,False,12,True,True,,1576.2513912266731,0.3571512831715639,0.026191094099248028,0.35715128317156397,0.0967170246916933,0.02381008554477093,14.999999999999998,1.1,15.0,0.9999999999999999,13.636363636363633,0.07297285279866361,41.75864731193609,1e-08,1e+18,1.0,30,0.160783353125,0.17921664687500002,0.0040962875,0.04,0.3,False,True,False,True,False,False,1,ConvergenceWarning: The optimal value found for dimension 0 of parameter k2__length_scale is close to the specified upper bound 0.35715128317156397. Increasing the bound and calling fit again may find a better value.,386,193,193,0.04,0.3,0.0006250000000000006,a7ae355785795a4f489622e9613e87cdeb08dfe3a5a17036371e2d671e4d258f,True,-0.009442812897324803,-7.7388885521055e-07,3,2,True,True,3,v4p8p2_2021_rigid_ggt26_scaled1pct_20toy_20260813,2,3,3,maximum_lml_reproduced,rigid_ggt26_scaled1pct,True,True,False
2021_10pct,19,0.17,170,20,1,3454474794,v4p8_rigid_length_scan_common_v1,False,12,True,True,,1579.452535556849,0.4035947922151311,0.026191094099248028,0.47620171089541863,0.11167920048193762,0.02381008554477093,16.950581359997123,1.1,20.0,0.8475290679998562,15.4096194181792,0.08452351517474582,86.2190843805108,1e-08,1e+18,1.0,30,0.160783353125,0.17921664687500002,0.0040962875,0.04,0.3,False,False,False,False,False,False,0,,386,193,193,0.04,0.3,0.0006250000000000006,a7ae355785795a4f489622e9613e87cdeb08dfe3a5a17036371e2d671e4d258f,True,-0.018652386561617863,-1.7409204543130975e-06,3,1,True,True,3,v4p8p2_2021_rigid_ggt26_scaled1pct_20toy_20260813,1,3,3,maximum_lml_reproduced,rigid_ggt26_scaled1pct,True,True,False
2021_10pct,19,0.17,170,25,2,599775327,v4p8_rigid_length_scan_common_v1,False,12,True,True,,1579.4525373425017,0.4035936577180593,0.026191094099248028,0.5952521386192733,0.12486114197521989,0.02381008554477093,16.950533712244255,1.1,25.0,0.6780213484897701,15.40957610204023,0.08452322641872693,86.20975775253528,1e-08,1e+18,1.0,30,0.160783353125,0.17921664687500002,0.0040962875,0.04,0.3,False,False,False,False,False,False,1,"ConvergenceWarning: lbfgs failed to converge (status=2):
ABNORMAL_TERMINATION_IN_LNSRCH.

Increase the number of iterations (max_iter) or scale the data as shown in:
    https://scikit-learn.org/stable/modules/preprocessing.html",386,193,193,0.04,0.3,0.0006250000000000006,a7ae355785795a4f489622e9613e87cdeb08dfe3a5a17036371e2d671e4d258f,True,-0.019027123491207915,-1.775897600193929e-06,3,2,True,True,3,v4p8p2_2021_rigid_ggt26_scaled1pct_20toy_20260813,2,3,3,maximum_lml_reproduced,rigid_ggt26_scaled1pct,True,True,False
2021_10pct,19,0.19,190,15,0,1287818686,v4p8_rigid_length_scan_common_v1,False,12,True,True,,1569.8374031475191,0.3655427705841774,0.026806469842839676,0.3655427705841774,0.09898945022542965,0.02436951803894516,15.0,1.1,15.0,1.0,13.636363636363637,0.08384625691094569,46.392822937911056,1e-08,1e+18,1.0,34,0.179454053125,0.200545946875,0.0046870875,0.04,0.3,False,True,False,True,False,False,1,ConvergenceWarning: The optimal value found for dimension 0 of parameter k2__length_scale is close to the specified upper bound 0.3655427705841774. Increasing the bound and calling fit again may find a better value.,382,223,159,0.04,0.3,0.0006250000000000006,999e32974cebd9ed503c14e9a7a14848dba797687c07e856b83b6e7c41ef63a9,True,-0.0026634830453227606,-4.0326071314860025e-07,3,0,True,True,3,v4p8p2_2021_rigid_ggt26_scaled1pct_20toy_20260813,0,3,3,maximum_lml_reproduced,rigid_ggt26_scaled1pct,True,True,False
2021_10pct,19,0.19,190,20,2,947497760,v4p8_rigid_length_scan_common_v1,False,12,True,True,,1572.5169960414019,0.4108898453990412,0.026806469842839676,0.4873903607789032,0.11430317146916974,0.02436951803894516,16.860811311179575,1.1,20.0,0.8430405655589787,15.328010282890522,0.09655025117888841,96.31339517530967,1e-08,1e+18,1.0,34,0.179454053125,0.200545946875,0.0046870875,0.04,0.3,False,False,False,False,False,False,0,,382,223,159,0.04,0.3,0.0006250000000000006,999e32974cebd9ed503c14e9a7a14848dba797687c07e856b83b6e7c41ef63a9,True,-0.005343207582549628,-9.276265354122127e-07,3,2,True,True,3,v4p8p2_2021_rigid_ggt26_scaled1pct_20toy_20260813,2,3,3,maximum_lml_reproduced,rigid_ggt26_scaled1pct,True,True,False
2021_10pct,19,0.19,190,25,0,1287818686,v4p8_rigid_length_scan_common_v1,False,12,True,True,,1572.5169953171494,0.4108893312918355,0.026806469842839676,0.609237950973629,0.12779483072443903,0.02436951803894516,16.86079021485732,1.1,25.0,0.6744316085942929,15.327991104415746,0.09655010386137737,96.3128589843557,1e-08,1e+18,1.0,34,0.179454053125,0.200545946875,0.0046870875,0.04,0.3,False,False,False,False,False,False,0,,382,223,159,0.04,0.3,0.0006250000000000006,999e32974cebd9ed503c14e9a7a14848dba797687c07e856b83b6e7c41ef63a9,True,-0.0056163609115337755,-9.750470208919681e-07,3,0,True,True,3,v4p8p2_2021_rigid_ggt26_scaled1pct_20toy_20260813,0,3,3,maximum_lml_reproduced,rigid_ggt26_scaled1pct,True,True,False
2021_10pct,19,0.21,210,15,2,1442787151,v4p8_rigid_length_scan_common_v1,False,12,True,True,,1560.886752403139,0.3771185154055612,0.027655357796407824,0.3771185154055612,0.10212417674180257,0.025141234360370746,15.0,1.1,15.0,1.0,13.636363636363635,0.09619619178349216,52.376213374227795,1e-08,1e+18,1.0,38,0.197970178125,0.22202982187499998,0.0053465875,0.04,0.3,False,True,False,True,False,False,1,ConvergenceWarning: The optimal value found for dimension 0 of parameter k2__length_scale is close to the specified upper bound 0.3771185154055612. Increasing the bound and calling fit again may find a better value.,378,253,125,0.04,0.3,0.0006250000000000006,d0f04ece5642cfcedd4641c32e388f3e680d903e4a8a68c420e6d969945284c8,True,-0.001004388070090507,-2.688467193437715e-07,3,2,True,True,3,v4p8p2_2021_rigid_ggt26_scaled1pct_20toy_20260813,2,3,3,maximum_lml_reproduced,rigid_ggt26_scaled1pct,True,True,False
2021_10pct,19,0.21,210,20,0,247620502,v4p8_rigid_length_scan_common_v1,False,12,True,True,,1562.3094955945364,0.4084578124982817,0.027655357796407824,0.5028246872074149,0.11792284186529728,0.025141234360370746,16.246529770317068,1.1,20.0,0.8123264885158534,14.76957251847006,0.10594411390515576,93.94584342555248,1e-08,1e+18,1.0,38,0.197970178125,0.22202982187499998,0.0053465875,0.04,0.3,False,False,False,False,False,False,3,"ConvergenceWarning: lbfgs failed to converge (status=2):
ABNORMAL_TERMINATION_IN_LNSRCH.

Increase the number of iterations (max_iter) or scale the data as shown in:
    https://scikit-learn.org/stable/modules/preprocessing.html | ConvergenceWarning: lbfgs failed to converge (status=2):
ABNORMAL_TERMINATION_IN_LNSRCH.

Increase the number of iterations (max_iter) or scale the data as shown in:
    https://scikit-learn.org/stable/modules/preprocessing.html | ConvergenceWarning: lbfgs failed to converge (status=2):
ABNORMAL_TERMINATION_IN_LNSRCH.

Increase the number of iterations (max_iter) or scale the data as shown in:
    https://scikit-learn.org/stable/modules/preprocessing.html",378,253,125,0.04,0.3,0.0006250000000000006,d0f04ece5642cfcedd4641c32e388f3e680d903e4a8a68c420e6d969945284c8,True,-0.0021237665971096512,-6.159583123254938e-07,3,0,True,True,3,v4p8p2_2021_rigid_ggt26_scaled1pct_20toy_20260813,0,3,3,maximum_lml_reproduced,rigid_ggt26_scaled1pct,True,True,False
2021_10pct,19,0.21,210,25,0,247620502,v4p8_rigid_length_scan_common_v1,False,12,True,True,,1562.3094963414012,0.4084558080713055,0.027655357796407824,0.6285308590092686,0.1318417452553814,0.025141234360370746,16.246450043643847,1.1,25.0,0.6498580017457539,14.769500039676222,0.10594348061888556,93.94580247380706,1e-08,1e+18,1.0,38,0.197970178125,0.22202982187499998,0.0053465875,0.04,0.3,False,False,False,False,False,False,1,"ConvergenceWarning: lbfgs failed to converge (status=2):
ABNORMAL_TERMINATION_IN_LNSRCH.

Increase the number of iterations (max_iter) or scale the data as shown in:
    https://scikit-learn.org/stable/modules/preprocessing.html",378,253,125,0.04,0.3,0.0006250000000000006,d0f04ece5642cfcedd4641c32e388f3e680d903e4a8a68c420e6d969945284c8,True,-0.0018425609892938396,-5.34396013800432e-07,3,0,True,True,3,v4p8p2_2021_rigid_ggt26_scaled1pct_20toy_20260813,0,3,3,maximum_lml_reproduced,rigid_ggt26_scaled1pct,True,True,False
2021_10pct,19,0.23,230,15,2,983278144,v4p8_rigid_length_scan_common_v1,False,12,True,True,,1557.70514517141,0.39104013131796567,0.02867627629665082,0.39104013131796567,0.1058941681527014,0.026069342087864378,15.0,1.1,15.0,1.0,13.636363636363635,0.11005910483125417,65.89642170154913,1e-08,1e+18,1.0,44,0.216331728125,0.243668271875,0.006074787500000001,0.04,0.3,False,True,False,True,False,False,1,ConvergenceWarning: The optimal value found for dimension 0 of parameter k2__length_scale is close to the specified upper bound 0.39104013131796567. Increasing the bound and calling fit again may find a better value.,372,282,90,0.04,0.3,0.0006250000000000006,dd55b76ea80f8230c294ca48aeb2c73b47d5e5b46f70a64f0c10868a48378a79,True,-0.000621427664690071,-2.903552644801563e-07,3,2,True,True,3,v4p8p2_2021_rigid_ggt26_scaled1pct_20toy_20260813,2,3,3,maximum_lml_reproduced,rigid_ggt26_scaled1pct,True,True,False
2021_10pct,19,0.23,230,20,2,983278144,v4p8_rigid_length_scan_common_v1,False,12,True,True,,1557.9978403114046,0.40515369990026173,0.02867627629665082,0.5213868417572876,0.12227605297714732,0.026069342087864378,15.541385683410327,1.1,20.0,0.7770692841705164,14.128532439463932,0.11489258089473718,89.0601398668425,1e-08,1e+18,1.0,44,0.216331728125,0.243668271875,0.006074787500000001,0.04,0.3,False,False,False,False,False,False,1,"ConvergenceWarning: lbfgs failed to converge (status=2):
ABNORMAL_TERMINATION_IN_LNSRCH.

Increase the number of iterations (max_iter) or scale the data as shown in:
    https://scikit-learn.org/stable/modules/preprocessing.html",372,282,90,0.04,0.3,0.0006250000000000006,dd55b76ea80f8230c294ca48aeb2c73b47d5e5b46f70a64f0c10868a48378a79,True,-0.0008599544430780017,-4.1196598716589734e-07,3,2,True,True,3,v4p8p2_2021_rigid_ggt26_scaled1pct_20toy_20260813,2,3,3,maximum_lml_reproduced,rigid_ggt26_scaled1pct,True,True,False
2021_10pct,19,0.23,230,25,0,691731229,v4p8_rigid_length_scan_common_v1,False,12,True,True,,1557.9978412821501,0.4051515098770348,0.02867627629665082,0.6517335521966094,0.13670878323863347,0.026069342087864378,15.541301675796344,1.1,25.0,0.6216520670318537,14.128456068905765,0.11489182557280132,89.05653864716861,1e-08,1e+18,1.0,44,0.216331728125,0.243668271875,0.006074787500000001,0.04,0.3,False,False,False,False,False,False,1,"ConvergenceWarning: lbfgs failed to converge (status=2):
ABNORMAL_TERMINATION_IN_LNSRCH.

Increase the number of iterations (max_iter) or scale the data as shown in:
    https://scikit-learn.org/stable/modules/preprocessing.html",372,282,90,0.04,0.3,0.0006250000000000006,dd55b76ea80f8230c294ca48aeb2c73b47d5e5b46f70a64f0c10868a48378a79,True,-0.0006797450417952999,-3.256344111458029e-07,3,0,True,True,3,v4p8p2_2021_rigid_ggt26_scaled1pct_20toy_20260813,0,3,3,maximum_lml_reproduced,rigid_ggt26_scaled1pct,True,True,False
2021_10pct,19,0.25,250,15,2,2861284660,v4p8_rigid_length_scan_common_v1,False,12,True,True,,1546.6695550050742,0.4066614626636945,0.029827349120775296,0.4067365789196631,0.1101447862571196,0.02711577192797754,14.99722979466828,1.1,15.0,0.9998153196445521,13.633845267880254,0.12544890142741627,92.59483515365316,1e-08,1e+18,1.0,50,0.234538703125,0.265461296875,0.006871687500000001,0.04,0.3,False,True,False,True,False,False,0,,366,311,55,0.04,0.3,0.0006250000000000006,4c51fd3a2a76c3190579cfa2fbb2fbda1b423fc0e5ee56ebd217a20dd81e0467,True,-0.0002875798400368445,-2.0609646155581802e-07,3,2,True,True,3,v4p8p2_2021_rigid_ggt26_scaled1pct_20toy_20260813,2,3,3,maximum_lml_reproduced,rigid_ggt26_scaled1pct,True,True,False
2021_10pct,19,0.25,250,20,0,1547441027,v4p8_rigid_length_scan_common_v1,False,12,True,True,,1546.6695573073437,0.4066899786341551,0.029827349120775296,0.5423154385595508,0.1271842439907636,0.02711577192797754,14.998281432458137,1.1,20.0,0.7499140716229069,13.634801302234669,0.1254596078698504,92.66118260375316,1e-08,1e+18,1.0,50,0.234538703125,0.265461296875,0.006871687500000001,0.04,0.3,False,False,False,False,False,False,0,,366,311,55,0.04,0.3,0.0006250000000000006,4c51fd3a2a76c3190579cfa2fbb2fbda1b423fc0e5ee56ebd217a20dd81e0467,True,-0.00027181567055723936,-1.9481141037654716e-07,3,0,True,True,3,v4p8p2_2021_rigid_ggt26_scaled1pct_20toy_20260813,0,3,3,maximum_lml_reproduced,rigid_ggt26_scaled1pct,True,True,False
2021_10pct,19,0.25,250,25,2,2861284660,v4p8_rigid_length_scan_common_v1,False,12,True,True,,1546.669555540154,0.40669782796118775,0.029827349120775296,0.6778942981994385,0.14219630761513327,0.02711577192797754,14.998570907050766,1.1,25.0,0.5999428362820306,13.63506446095524,0.12546255498666653,92.69492418722727,1e-08,1e+18,1.0,50,0.234538703125,0.265461296875,0.006871687500000001,0.04,0.3,False,False,False,False,False,False,3,"ConvergenceWarning: lbfgs failed to converge (status=2):
ABNORMAL_TERMINATION_IN_LNSRCH.

Increase the number of iterations (max_iter) or scale the data as shown in:
    https://scikit-learn.org/stable/modules/preprocessing.html | ConvergenceWarning: lbfgs failed to converge (status=2):
ABNORMAL_TERMINATION_IN_LNSRCH.

Increase the number of iterations (max_iter) or scale the data as shown in:
    https://scikit-learn.org/stable/modules/preprocessing.html | ConvergenceWarning: lbfgs failed to converge (status=2):
ABNORMAL_TERMINATION_IN_LNSRCH.

Increase the number of iterations (max_iter) or scale the data as shown in:
    https://scikit-learn.org/stable/modules/preprocessing.html",366,311,55,0.04,0.3,0.0006250000000000006,4c51fd3a2a76c3190579cfa2fbb2fbda1b423fc0e5ee56ebd217a20dd81e0467,True,-0.000277692535091668,-1.9902301323953453e-07,3,2,True,True,3,v4p8p2_2021_rigid_ggt26_scaled1pct_20toy_20260813,2,3,3,maximum_lml_reproduced,rigid_ggt26_scaled1pct,True,True,False
